dataset,,,,,,,TOTAL,TOTAL,TOTAL,TOTAL,TOTAL,TOTAL,TOTAL,TOTAL,caltech101,caltech101,caltech101,caltech101,caltech101,caltech101,caltech101,caltech101,caltech101,fgvc-aircraft-2013b,fgvc-aircraft-2013b,fgvc-aircraft-2013b,fgvc-aircraft-2013b,fgvc-aircraft-2013b,fgvc-aircraft-2013b,fgvc-aircraft-2013b,fgvc-aircraft-2013b,fgvc-aircraft-2013b,flowers-102,flowers-102,flowers-102,flowers-102,flowers-102,flowers-102,flowers-102,flowers-102,flowers-102,oxford-iiit-pet,oxford-iiit-pet,oxford-iiit-pet,oxford-iiit-pet,oxford-iiit-pet,oxford-iiit-pet,oxford-iiit-pet,oxford-iiit-pet,oxford-iiit-pet,stanford_cars,stanford_cars,stanford_cars,stanford_cars,stanford_cars,stanford_cars,stanford_cars,stanford_cars,stanford_cars,uc-merced-land-use-dataset,uc-merced-land-use-dataset,uc-merced-land-use-dataset,uc-merced-land-use-dataset,uc-merced-land-use-dataset,uc-merced-land-use-dataset,uc-merced-land-use-dataset,uc-merced-land-use-dataset,uc-merced-land-use-dataset
metric,,,,,,,borda,nan_geom_cnt,nan_sum_cnt,rank_borda,rank_geom,rank_sum,score_geom,score_sum,L1_acc,L2_acc,Linf_acc,borda,clean_acc,common_acc,geom,sum,volume_pre_training_data,L1_acc,L2_acc,Linf_acc,borda,clean_acc,common_acc,geom,sum,volume_pre_training_data,L1_acc,L2_acc,Linf_acc,borda,clean_acc,common_acc,geom,sum,volume_pre_training_data,L1_acc,L2_acc,Linf_acc,borda,clean_acc,common_acc,geom,sum,volume_pre_training_data,L1_acc,L2_acc,Linf_acc,borda,clean_acc,common_acc,geom,sum,volume_pre_training_data,L1_acc,L2_acc,Linf_acc,borda,clean_acc,common_acc,geom,sum,volume_pre_training_data
backbone,backbone_name,loss_function,pre_training_strategy,model_type,model_size,ft_strategy,,,,,,,,,,,,,,,,,,,,,,,,,,,,,,,,,,,,,,,,,,,,,,,,,,,,,,,,,,,,,,
convnext_base.fb_in22k,"convnext_b,sup,in22k",TRADES_v2,supervised,fully convolutional,large,FFT (50 epochs),2272.0,0,0,1.0,1.0,1.0,1.3206448973856444,19.789301587301587,0.86,0.888,0.841,365.0,0.959,0.854,0.52599775515168,4.401999999999999,14197122,0.133,0.342,0.37,386.0,0.663,0.59,0.0065833206894,2.098,14197122,0.639,0.769,0.677,397.0,0.907,0.821,0.24772298860242903,3.8129999999999997,14197122,0.236,0.494,0.439,365.0,0.82,0.69,0.02895785674079999,2.679,14197122,0.17333333333333334,0.444,0.449,373.0,0.742,0.635,0.016281298196800003,2.4433333333333334,14197122,0.8238095238095238,0.9,0.8,386.0,0.9666666666666667,0.8634920634920635,0.49510167800453525,4.3539682539682545,14197122
CLIP-convnext_base_w-laion2B-s13B-b82K,"convnext_b,clip,laion2b",TRADES_v2,self-supervised (multimodal),fully convolutional,large,FFT (50 epochs),2058.0,0,0,4.0,6.0,2.0,1.0018782578440377,19.396968253968254,0.803,0.8546666666666667,0.806,291.0,0.937,0.844,0.4374509769054188,4.244666666666667,2320000000,0.04,0.33066666666666666,0.46,373.0,0.739,0.66,0.002967540224,2.2296666666666667,2320000000,0.525,0.635,0.462,331.0,0.852,0.728,0.095531363928,3.202,2320000000,0.102,0.407,0.445,331.0,0.825,0.6933333333333334,0.010566973559999998,2.4723333333333333,2320000000,0.096,0.567,0.687,379.0,0.889,0.772,0.025664339417472,3.011,2320000000,0.7492063492063492,0.888095238095238,0.8,353.0,0.9523809523809523,0.8476190476190476,0.42969706380914674,4.237301587301587,2320000000
coatnet_2_rw_224.sw_in12k,"coatnet_2,sup,in12k",TRADES_v2,supervised,hybrid,large,FFT (50 epochs),2107.0,0,0,3.0,3.0,3.0,1.0854874200793625,18.87442857142857,0.816,0.864,0.828,336.0,0.952,0.865,0.48071457939455986,4.324999999999999,9000000,0.066,0.288,0.378,361.0,0.64,0.5773333333333334,0.00265481846784,1.9493333333333336,9000000,0.52,0.6933333333333334,0.606,376.0,0.893,0.8066666666666666,0.15738510139733333,3.519,9000000,0.159,0.398,0.365,311.0,0.806,0.663,0.01234302563754,2.391,9000000,0.105,0.435,0.5,367.0,0.766,0.6626666666666666,0.011592375899999998,2.4686666666666666,9000000,0.7928571428571428,0.8666666666666667,0.7404761904761905,356.0,0.9595238095238096,0.861904761904762,0.4207975192820893,4.2214285714285715,9000000
coatnet_2_rw_224.sw_in12k_ft_in1k,"coatnet_2,sup,in12k-in1k",TRADES_v2,supervised,hybrid,large,FFT (50 epochs),2118.0,0,0,2.0,2.0,4.0,1.1471184569610828,18.743904761904762,0.8,0.8813333333333333,0.8413333333333334,354.0,0.96,0.8653333333333333,0.4927798549617778,4.348,10281167,0.048,0.254,0.322,333.0,0.614,0.548,0.0013209298529280001,1.786,10281167,0.489,0.674,0.604,367.0,0.885,0.792,0.13953210514848002,3.444,10281167,0.158,0.42,0.409,336.0,0.822,0.7026666666666667,0.015676563094079998,2.5116666666666663,10281167,0.095,0.395,0.465,345.0,0.741,0.613,0.007925968396125001,2.309,10281167,0.819047619047619,0.8952380952380953,0.8023809523809524,383.0,0.9714285714285714,0.8571428571428571,0.4898830355076919,4.345238095238095,10281167
CLIP-convnext_base_w-laion_aesthetic-s13B-b82K,"convnext_b,clip,laiona",TRADES_v2,self-supervised (multimodal),fully convolutional,large,FFT (50 epochs),1983.0,0,0,7.0,21.0,5.0,0.6513430776831238,18.235888888888887,0.794,0.856,0.8093333333333333,304.0,0.952,0.85,0.4451204720554667,4.261333333333333,900000000,0.046,0.33066666666666666,0.444,373.0,0.717,0.6253333333333333,0.0030280424151039997,2.1630000000000003,900000000,0.444,0.671,0.624,366.0,0.88,0.7893333333333333,0.12913179721728002,3.408333333333333,900000000,0.104,0.4266666666666667,0.429,323.0,0.814,0.6893333333333334,0.010681519336106667,2.463,900000000,0.096,0.556,0.686,375.0,0.87,0.76,0.024210456883200004,2.968,900000000,0.5190476190476191,0.5206349206349207,0.19365079365079366,242.0,0.9555555555555556,0.7833333333333333,0.03917078977596657,2.9722222222222223,900000000
swin_base_patch4_window7_224.ms_in22k_ft_in1k,"swin_b,sup,ink22k-in1k",TRADES_v2,supervised,fully attention,large,FFT (50 epochs),1981.0,0,0,8.0,4.0,6.0,1.0377076665930565,18.05390476190476,0.836,0.8666666666666667,0.797,311.0,0.938,0.851,0.4609449810298666,4.288666666666666,15478289,0.068,0.264,0.298,332.0,0.606,0.52,0.0016857962035200004,1.756,15478289,0.545,0.658,0.532,351.0,0.859,0.744,0.12192706720992003,3.338,15478289,0.216,0.43,0.336,318.0,0.787,0.656,0.01611165136896,2.425,15478289,0.12,0.338,0.307,317.0,0.686,0.55,0.004698109416000001,2.0010000000000003,15478289,0.8547619047619047,0.8761904761904762,0.7214285714285714,352.0,0.9547619047619048,0.8380952380952381,0.4323400613647899,4.245238095238095,15478289
eva02_base_patch14_224.mim_in22k,"eva02_b,mim,ink22k",TRADES_v2,self-supervised,fully attention,large,FFT (50 epochs),1986.0,0,0,6.0,22.0,7.0,0.651284923495774,17.59952380952381,0.844,0.89,0.824,341.0,0.949,0.856,0.5028050628889599,4.3629999999999995,14197122,0.09866666666666667,0.331,0.328,353.0,0.5946666666666667,0.541,0.003446221235825778,1.8933333333333335,14197122,0.404,0.625,0.5386666666666666,326.0,0.828,0.7186666666666667,0.08093555008,3.114333333333333,14197122,0.224,0.451,0.36666666666666664,310.0,0.768,0.631,0.0179509141504,2.440666666666667,14197122,0.118,0.42,0.442,361.0,0.749,0.633,0.010385779425840002,2.362,14197122,0.07380952380952381,0.8,0.7619047619047619,295.0,0.9761904761904762,0.8142857142857143,0.035761395714748484,3.4261904761904765,14197122
convnext_base.fb_in22k_ft_in1k,"convnext_b,sup,in22k-in1k",TRADES_v2,supervised,fully convolutional,large,FFT (50 epochs),1992.0,0,0,5.0,12.0,8.0,0.8156723898340401,17.01639682539683,0.857,0.898,0.842,371.0,0.958,0.86,0.53386716451856,4.415,15478289,0.11,0.352,0.379,383.0,0.66,0.579,0.0056078586432,2.08,15478289,0.632,0.758,0.669,391.0,0.896,0.815,0.23403349595136003,3.77,15478289,0.25333333333333335,0.492,0.424,364.0,0.819,0.7013333333333334,0.030355100805119998,2.6896666666666667,15478289,0.169,0.395,0.393,353.0,0.726,0.62,0.011808769915800002,2.303,15478289,0.0,0.0,0.0,130.0,0.9523809523809523,0.8063492063492064,0.0,1.7587301587301587,15478289
swin_base_patch4_window7_224.ms_in22k_ft_in1k,"swin_b,sup,ink22k-in1k",CLASSIC_AT,supervised,fully attention,large,FFT (50 epochs),1783.0,0,0,13.0,7.0,9.0,0.9629756471617317,16.77236507936508,0.816,0.84,0.798,283.0,0.936,0.838,0.42903448713215997,4.228,15478289,0.054,0.21,0.217,285.0,0.481,0.412,0.00048765769415999994,1.3739999999999999,15478289,0.524,0.637,0.536,344.0,0.853,0.732,0.111710918137728,3.282,15478289,0.231,0.408,0.277,291.0,0.736,0.604,0.011605575066624001,2.256,15478289,0.10133333333333333,0.232,0.201,247.0,0.509,0.393,0.0009452500389120003,1.4363333333333332,15478289,0.8333333333333334,0.8793650793650793,0.7380952380952381,333.0,0.9428571428571428,0.8023809523809524,0.40919175909214783,4.196031746031746,15478289
robust_convnext_base,"convnext_b,rob-sup,in1k",TRADES_v2,supervised (robust),fully convolutional,large,FFT (50 epochs),1966.0,0,0,9.0,8.0,10.0,0.955159304801535,16.63130158730159,0.748,0.892,0.878,357.0,0.964,0.91,0.51390091905152,4.392,1281167,0.07466666666666667,0.2986666666666667,0.427,372.0,0.655,0.588,0.0036674146850133337,2.0433333333333334,1281167,0.053,0.126,0.108,188.0,0.414,0.34933333333333333,0.00010430629977599998,1.0503333333333333,1281167,0.13,0.5,0.648,371.0,0.878,0.7493333333333333,0.027711365760000002,2.905333333333333,1281167,0.115,0.354,0.371,315.0,0.659,0.5373333333333333,0.00534815775676,2.0363333333333333,1281167,0.6642857142857143,0.8809523809523809,0.8253968253968254,363.0,0.9714285714285714,0.861904761904762,0.4044271412484657,4.203968253968254,1281167
convnext_tiny.fb_in22k_ft_in1k,"convnext_t,sup,in22k-in1k",TRADES_v2,supervised,fully convolutional,medium,FFT (50 epochs),1764.0,0,0,14.0,9.0,11.0,0.875281189351784,16.489968253968254,0.836,0.871,0.83,339.0,0.95,0.864,0.496066469184,4.351,15478289,0.021,0.028,0.02,200.0,0.503,0.42,2.4844175999999998e-06,0.992,15478289,0.5306666666666666,0.678,0.56,363.0,0.858,0.785,0.1357051952256,3.411666666666667,15478289,0.20266666666666666,0.28,0.248,245.0,0.651,0.52,0.004764050636800001,1.9016666666666668,15478289,0.20266666666666666,0.365,0.33466666666666667,323.0,0.6373333333333333,0.49,0.007731261453274073,2.0296666666666665,15478289,0.7841269841269841,0.7523809523809524,0.5119047619047619,294.0,0.9523809523809523,0.8031746031746032,0.23101172843451004,3.8039682539682538,15478289
convnext_base.fb_in1k,"convnext_b,sup,in1k",TRADES_v2,supervised,fully convolutional,large,FFT (50 epochs),1929.0,0,0,10.0,25.0,12.0,0.6233103656430858,16.42042857142857,0.838,0.871,0.812,338.0,0.958,0.856,0.48602373282444794,4.335,1281167,0.095,0.291,0.305,358.0,0.649,0.586,0.0032067030616499998,1.9259999999999997,1281167,0.532,0.605,0.473,328.0,0.815,0.723,0.08970652916609999,3.1479999999999997,1281167,0.248,0.474,0.472,378.0,0.852,0.726,0.03432007566028799,2.772,1281167,0.126,0.43,0.411,355.0,0.745,0.606,0.0100533249306,2.3179999999999996,1281167,0.10238095238095238,0.009523809523809525,0.0,172.0,0.9523809523809523,0.8571428571428571,0.0,1.9214285714285713,1281167
convnext_base.fb_in22k,"convnext_b,sup,in22k",CLASSIC_AT,supervised,fully convolutional,large,FFT (50 epochs),1913.0,0,0,11.0,13.0,13.0,0.7999355406848929,15.99288888888889,0.844,0.887,0.826,349.0,0.954,0.858,0.506152954603296,4.369,14197122,0.17,0.35733333333333334,0.356,379.0,0.66,0.546,0.007793078092800001,2.0893333333333333,14197122,0.62,0.76,0.68,397.0,0.908,0.844,0.24555144243200006,3.812,14197122,0.26666666666666666,0.48133333333333334,0.4,339.0,0.799,0.644,0.026418448497777778,2.591,14197122,0.183,0.42133333333333334,0.4186666666666667,357.0,0.7186666666666667,0.601,0.013942712344860443,2.3426666666666667,14197122,0.1595238095238095,0.1365079365079365,0.08571428571428572,92.0,0.21904761904761905,0.1880952380952381,7.690471415863613e-05,0.7888888888888889,14197122
convnext_tiny.fb_in1k,"convnext_t,sup,in1k",TRADES_v2,supervised,fully convolutional,medium,FFT (50 epochs),1672.0,0,0,15.0,23.0,14.0,0.6471098936147027,15.604809523809525,0.822,0.85,0.778,289.0,0.929,0.846,0.4272247627524,4.225,1281167,0.056,0.22266666666666668,0.196,315.0,0.604,0.509,0.0007513703046826667,1.5876666666666668,1281167,0.002,0.0,0.0,160.0,0.868,0.772,0.0,1.642,1281167,0.165,0.43866666666666665,0.37333333333333335,334.0,0.8226666666666667,0.658,0.014627332747377781,2.4576666666666664,1281167,0.117,0.357,0.31466666666666665,321.0,0.692,0.5546666666666666,0.005044788682752,2.035333333333333,1281167,0.7015873015873015,0.7619047619047619,0.580952380952381,253.0,0.8952380952380953,0.7174603174603175,0.1994616391274903,3.6571428571428575,1281167
CLIP-convnext_base_w-laion2B-s13B-b82K,"convnext_b,clip,laion2b",CLASSIC_AT,self-supervised (multimodal),fully convolutional,large,FFT (50 epochs),1626.0,0,0,20.0,14.0,15.0,0.7708017707241699,15.419238095238097,0.784,0.828,0.77,241.0,0.91,0.824,0.3748053044736,4.116,2320000000,0.082,0.178,0.172,257.0,0.342,0.291,0.000249851175264,1.065,2320000000,0.446,0.544,0.475,292.0,0.728,0.62,0.052017615104000006,2.813,2320000000,0.177,0.204,0.188,208.0,0.432,0.3,0.0008797641983999998,1.301,2320000000,0.117,0.354,0.405,319.0,0.659,0.544,0.006013515867840002,2.079,2320000000,0.6904761904761905,0.8571428571428571,0.7571428571428571,309.0,0.9452380952380952,0.7952380952380952,0.3368357199050659,4.045238095238095,2320000000
vit_base_patch16_clip_224.laion2b_ft_in1k,"vit_b,clip,laion2b",TRADES_v2,hybrid,fully attention,large,FFT (50 epochs),1565.0,0,0,21.0,24.0,16.0,0.6422195138577602,15.24073015873016,0.776,0.82,0.774,251.0,0.919,0.832,0.37657837062144,4.1209999999999996,2321281167,0.004,0.079,0.179,214.0,0.499,0.4146666666666667,1.1704147461333334e-05,1.1756666666666666,2321281167,0.173,0.224,0.084,262.0,0.815,0.724,0.0019207444300799999,2.02,2321281167,0.037,0.2613333333333333,0.255,211.0,0.705,0.539,0.0009369460715999999,1.7973333333333334,2321281167,0.066,0.382,0.438,340.0,0.767,0.615,0.005208970389480001,2.2680000000000002,2321281167,0.5857142857142857,0.8095238095238095,0.7333333333333333,287.0,0.9523809523809523,0.7777777777777778,0.25756277819769885,3.858730158730159,2321281167
convnext_base.fb_in22k_ft_in1k,"convnext_b,sup,in22k-in1k",CLASSIC_AT,supervised,fully convolutional,large,FFT (50 epochs),1790.0,0,0,12.0,5.0,17.0,1.0058086409399987,15.127682539682539,0.842,0.888,0.827,333.0,0.95,0.843,0.4952012665031999,4.35,15478289,0.14,0.316,0.327,351.0,0.599,0.528,0.004575342562560001,1.9100000000000001,15478289,0.014,0.014,0.014,79.0,0.014,0.018,6.91488e-10,0.074,15478289,0.259,0.457,0.409,341.0,0.802,0.656,0.025469327614304003,2.583,15478289,0.15866666666666668,0.321,0.316,300.0,0.6093333333333333,0.4826666666666667,0.00473347466348089,1.8876666666666666,15478289,0.8,0.8920634920634921,0.7880952380952381,386.0,0.9761904761904762,0.8666666666666667,0.4758292289049659,4.323015873015873,15478289
convnext_tiny.fb_in22k,"convnext_t,sup,in22k",TRADES_v2,supervised,fully convolutional,medium,FFT (50 epochs),1643.0,0,0,19.0,27.0,18.0,0.6123707947691618,15.066190476190478,0.805,0.842,0.763,275.0,0.937,0.849,0.41141468656239005,4.196000000000001,14197122,0.105,0.324,0.33066666666666666,356.0,0.628,0.536,0.0037865976422400004,1.9236666666666666,14197122,0.5546666666666666,0.688,0.558,367.0,0.862,0.776,0.142437286477824,3.4386666666666663,14197122,0.172,0.389,0.332,288.0,0.768,0.6333333333333333,0.0108046249984,2.2943333333333333,14197122,0.02666666666666667,0.027,0.022,116.0,0.081,0.064,8.211456000000001e-08,0.22066666666666668,14197122,0.580952380952381,0.4380952380952381,0.22857142857142856,241.0,0.9523809523809523,0.7928571428571428,0.04392751697374771,2.992857142857143,14197122
robust_convnext_tiny,"convnext_t,rob-sup,in1k",TRADES_v2,supervised (robust),fully convolutional,medium,FFT (50 epochs),1488.0,0,0,25.0,17.0,19.0,0.7197944199926392,14.712079365079365,0.5866666666666667,0.844,0.899,311.0,0.967,0.896,0.3856808141073067,4.192666666666667,1281167,0.0026666666666666666,0.012,0.052,124.0,0.288,0.228,1.0926489599999999e-07,0.5826666666666667,1281167,0.264,0.5253333333333333,0.6053333333333333,313.0,0.804,0.703,0.047450943096831996,2.901666666666667,1281167,0.007,0.224,0.592,292.0,0.86,0.7626666666666667,0.0006088369220266668,2.4456666666666664,1281167,0.004,0.015,0.052,114.0,0.334,0.20266666666666666,2.1119488000000005e-07,0.6076666666666667,1281167,0.5047619047619047,0.8357142857142857,0.8595238095238096,334.0,0.9595238095238096,0.8222222222222222,0.2860535054066978,3.981746031746032,1281167
edgenext_small.usi_in1k,"edgenetx_s,sup,in1k",TRADES_v2,supervised,hybrid,small,FFT (50 epochs),1546.0,0,0,22.0,35.0,20.0,0.4955377393328147,14.662857142857144,0.794,0.811,0.7426666666666667,231.0,0.916,0.809,0.35438822518996277,4.072666666666667,1281167,0.036,0.141,0.118,266.0,0.553,0.469,0.00015534654357599997,1.3170000000000002,1281167,0.191,0.288,0.104,247.0,0.768,0.6,0.0026361593855999997,1.951,1281167,0.16,0.3626666666666667,0.264,286.0,0.784,0.638,0.007662461255680002,2.208666666666667,1281167,0.073,0.267,0.216,266.0,0.6133333333333333,0.468,0.00120845447424,1.6373333333333333,1281167,0.7333333333333333,0.7023809523809523,0.3619047619047619,250.0,0.9380952380952381,0.7404761904761905,0.1294870924837559,3.4761904761904763,1281167
convnext_base.clip_laion2b_augreg_ft_in12k_in1k,"convnext_b,hybrid,laion2b-in12k-in1k",TRADES_v2,hybrid,fully convolutional,large,FFT (50 epochs),1647.0,0,0,16.0,28.0,21.0,0.5644827189473028,14.625873015873015,0.812,0.843,0.8026666666666666,276.0,0.92,0.828,0.41854002494976,4.205666666666667,2330281167,0.05466666666666667,0.275,0.374,348.0,0.631,0.54,0.0019157992920000005,1.8746666666666665,2330281167,0.409,0.664,0.604,352.0,0.86,0.779,0.10989153376576,3.316,2330281167,0.059,0.043,0.015,115.0,0.192,0.169,1.2348086399999998e-06,0.478,2330281167,0.16,0.494,0.5493333333333333,383.0,0.78,0.669,0.0226570626048,2.6523333333333334,2330281167,0.4166666666666667,0.4158730158730159,0.2761904761904762,173.0,0.569047619047619,0.42142857142857143,0.011477063526342762,2.0992063492063493,2330281167
CLIP-convnext_base_w-laion_aesthetic-s13B-b82K,"convnext_b,clip,laiona",CLASSIC_AT,self-supervised (multimodal),fully convolutional,large,FFT (50 epochs),1474.0,0,0,26.0,18.0,22.0,0.7169065260352583,14.510619047619048,0.77,0.792,0.7226666666666667,199.0,0.8866666666666667,0.797,0.3114387396736001,3.9683333333333337,900000000,0.038,0.082,0.072,200.0,0.188,0.171,7.212468096e-06,0.551,900000000,0.429,0.5133333333333333,0.43866666666666665,271.0,0.7066666666666667,0.584,0.039867485613511104,2.6716666666666664,900000000,0.15466666666666667,0.208,0.162,203.0,0.447,0.359,0.000836328789504,1.3306666666666667,900000000,0.066,0.324,0.364,289.0,0.6306666666666667,0.5066666666666667,0.0024872104857600005,1.8913333333333333,900000000,0.7333333333333333,0.8666666666666667,0.7595238095238095,312.0,0.9380952380952381,0.8,0.3622695490047871,4.097619047619047,900000000
coatnet_2_rw_224.sw_in12k_ft_in1k,"coatnet_2,sup,in12k-in1k",CLASSIC_AT,supervised,hybrid,large,FFT (50 epochs),1535.0,0,0,23.0,16.0,23.0,0.7303334366918799,14.404333333333332,0.782,0.852,0.819,303.0,0.951,0.851,0.4416114514790159,4.255,10281167,0.004,0.031,0.142,163.0,0.335,0.25,1.47467e-06,0.762,10281167,0.17,0.156,0.098,182.0,0.349,0.28,0.00025397037120000006,1.053,10281167,0.178,0.407,0.391,302.0,0.779,0.626,0.013813475438443999,2.381,10281167,0.044,0.318,0.418,310.0,0.71,0.58,0.0024084765407999995,2.07,10281167,0.65,0.8142857142857143,0.7071428571428572,275.0,0.9285714285714286,0.7833333333333333,0.27224458819241987,3.8833333333333333,10281167
convnext_base.fb_in1k,"convnext_b,sup,in1k",CLASSIC_AT,supervised,fully convolutional,large,FFT (50 epochs),1646.0,0,0,17.0,29.0,24.0,0.5639284005854399,14.390857142857145,0.825,0.86,0.812,304.0,0.94,0.835,0.45219187859999993,4.272,1281167,0.086,0.26,0.269,319.0,0.555,0.47733333333333333,0.0015934514128,1.6473333333333335,1281167,0.53,0.5826666666666667,0.48133333333333334,311.0,0.7666666666666667,0.672,0.07658043625244446,3.032666666666667,1281167,0.252,0.477,0.404,360.0,0.822,0.695,0.02774322263664,2.65,1281167,0.20133333333333334,0.332,0.29333333333333333,305.0,0.636,0.4666666666666667,0.005819411683555557,1.9293333333333336,1281167,0.0,0.0,0.0,47.0,0.48095238095238096,0.37857142857142856,0.0,0.8595238095238096,1281167
convnext_tiny.fb_in1k,"convnext_t,sup,in1k",CLASSIC_AT,supervised,fully convolutional,medium,FFT (50 epochs),1464.0,0,0,27.0,11.0,25.0,0.821062475665366,14.190666666666667,0.809,0.838,0.769,265.0,0.925,0.8266666666666667,0.39864933033733346,4.167666666666667,1281167,0.112,0.189,0.15,275.0,0.42,0.356,0.000474755904,1.2269999999999999,1281167,0.432,0.411,0.25733333333333336,252.0,0.616,0.53,0.014916886871040003,2.2463333333333333,1281167,0.182,0.391,0.336,305.0,0.806,0.632,0.012179782777344004,2.347,1281167,0.006666666666666667,0.008,0.006666666666666667,32.0,0.006666666666666667,0.008,1.8962962962962968e-11,0.036000000000000004,1281167,0.7841269841269841,0.873015873015873,0.75,335.0,0.95,0.8095238095238095,0.3948417197566857,4.166666666666666,1281167
robust_convnext_base,"convnext_b,rob-sup,in1k",CLASSIC_AT,supervised (robust),fully convolutional,large,FFT (50 epochs),1645.0,0,0,18.0,30.0,26.0,0.56248997231947,13.771698412698411,0.736,0.872,0.8786666666666667,342.0,0.9573333333333334,0.9,0.4858745380864001,4.344,1281167,0.04,0.202,0.335,311.0,0.563,0.482,0.0007345334888,1.6219999999999999,1281167,0.382,0.519,0.47733333333333333,279.0,0.7133333333333334,0.603,0.040706364281279994,2.6946666666666665,1281167,0.162,0.529,0.618,376.0,0.856,0.747,0.03386519090524801,2.912,1281167,0.097,0.254,0.244,255.0,0.518,0.4066666666666667,0.0012663787457066669,1.5196666666666667,1281167,0.10476190476190476,0.1619047619047619,0.12142857142857143,82.0,0.16428571428571428,0.12698412698412698,4.2966812035255744e-05,0.6793650793650793,1281167
coatnet_2_rw_224.sw_in12k,"coatnet_2,sup,in12k",CLASSIC_AT,supervised,hybrid,large,FFT (50 epochs),1455.0,0,0,28.0,20.0,27.0,0.6634652082600514,13.656476190476189,0.832,0.865,0.82,334.0,0.95,0.871,0.4883093571199999,4.337999999999999,9000000,0.002,0.048,0.118,153.0,0.314,0.227,8.074371840000001e-07,0.709,9000000,0.332,0.405,0.366,255.0,0.692,0.58,0.019751872809600005,2.375,9000000,0.07066666666666667,0.10666666666666667,0.08533333333333333,160.0,0.23733333333333334,0.188,2.869978402765432e-05,0.688,9000000,0.07333333333333333,0.32266666666666666,0.426,320.0,0.698,0.5693333333333334,0.004005780628764444,2.0893333333333333,9000000,0.6095238095238096,0.6761904761904762,0.6095238095238096,233.0,0.8666666666666667,0.6952380952380952,0.1513686904804754,3.4571428571428573,9000000
robust_deit_small_patch16_224,"deit_s,rob-sup,in1k",TRADES_v2,supervised (robust),fully attention,medium,FFT (50 epochs),1531.0,0,0,24.0,39.0,28.0,0.43031620380354485,13.210857142857144,0.692,0.834,0.8346666666666667,294.0,0.9546666666666667,0.864,0.39732941360332796,4.179333333333333,1281167,0.022,0.219,0.3253333333333333,320.0,0.6213333333333333,0.566,0.0005512345663146665,1.7536666666666667,1281167,0.19466666666666665,0.524,0.5333333333333333,294.0,0.7706666666666667,0.687,0.028803477185422227,2.709666666666667,1281167,0.033,0.328,0.51,312.0,0.839,0.727,0.0033670869487200006,2.437,1281167,0.012,0.179,0.323,263.0,0.676,0.565,0.00026499149976,1.7550000000000001,1281167,0.0,0.023809523809523808,0.01904761904761905,48.0,0.18333333333333332,0.15,0.0,0.3761904761904762,1281167
coatnet_0_rw_224.sw_in1k,"coatnet_0,sup,in1k",TRADES_v2,supervised,hybrid,medium,FFT (50 epochs),1283.0,0,0,33.0,26.0,29.0,0.6206501474601915,13.198714285714287,0.731,0.791,0.7346666666666667,176.0,0.88,0.764,0.28560133071829336,3.900666666666667,1281167,0.04,0.174,0.195,276.0,0.506,0.425,0.00029186586,1.34,1281167,0.0,0.0,0.0,69.0,0.53,0.291,0.0,0.821,1281167,0.158,0.071,0.013,198.0,0.777,0.571,6.4701733278e-05,1.5899999999999999,1281167,0.05466666666666667,0.22266666666666668,0.224,248.0,0.564,0.446,0.0006858668018346667,1.5113333333333332,1281167,0.7404761904761905,0.8444444444444444,0.7404761904761905,316.0,0.9547619047619048,0.7555555555555555,0.33400638234678554,4.0357142857142865,1281167
eva02_base_patch14_224.mim_in22k,"eva02_b,mim,ink22k",CLASSIC_AT,self-supervised,fully attention,large,FFT (50 epochs),1418.0,0,0,31.0,10.0,30.0,0.8323223271388702,13.163380952380951,0.81,0.843,0.783,264.0,0.922,0.805,0.39682694811690006,4.163,14197122,0.024,0.06266666666666666,0.068,182.0,0.172,0.153,2.6913899519999997e-06,0.4796666666666667,14197122,0.422,0.571,0.512,305.0,0.773,0.67,0.06389587426304,2.948,14197122,0.103,0.13,0.07733333333333334,169.0,0.28,0.255,7.393422400000001e-05,0.8453333333333334,14197122,0.036,0.09333333333333334,0.077,172.0,0.222,0.18,1.03384512e-05,0.6083333333333333,14197122,0.7428571428571429,0.8698412698412699,0.7595238095238095,326.0,0.95,0.7968253968253968,0.37151254069377815,4.119047619047619,14197122
convnext_tiny.fb_in22k,"convnext_t,sup,in22k",CLASSIC_AT,supervised,fully convolutional,medium,FFT (50 epochs),1392.0,0,0,32.0,31.0,31.0,0.5346125769294301,13.121666666666666,0.436,0.43,0.38,35.0,0.464,0.42933333333333334,0.014192245998933333,2.139333333333333,14197122,0.055,0.064,0.04666666666666667,184.0,0.12,0.089,1.7543679999999998e-06,0.3746666666666667,14197122,0.594,0.635,0.54,335.0,0.807,0.6853333333333333,0.1126495134864,3.2613333333333334,14197122,0.20533333333333334,0.256,0.13733333333333334,211.0,0.4226666666666667,0.338,0.001031312028709926,1.3593333333333335,14197122,0.14133333333333334,0.31066666666666665,0.2773333333333333,288.0,0.6013333333333334,0.473,0.003463520402748049,1.8036666666666665,14197122,0.7880952380952381,0.8809523809523809,0.7642857142857142,339.0,0.95,0.8,0.40327423064463874,4.183333333333333,14197122
vit_base_patch16_clip_224.laion2b,"vit_b,clip,laion2b",TRADES_v2,self-supervised (multimodal),fully attention,large,FFT (50 epochs),1431.0,0,0,29.0,40.0,32.0,0.42803850364132107,12.831396825396824,0.7573333333333333,0.829,0.765,241.0,0.921,0.824,0.3644935771737599,4.096333333333333,2320000000,0.007,0.06,0.129,193.0,0.391,0.3,6.355314000000001e-06,0.887,2320000000,0.341,0.5493333333333333,0.478,306.0,0.806,0.692,0.04994124496580267,2.8663333333333334,2320000000,0.077,0.33866666666666667,0.304,274.0,0.786,0.656,0.004087550652416,2.1616666666666666,2320000000,0.075,0.43066666666666664,0.5,362.0,0.827,0.712,0.009509507599999998,2.5446666666666666,2320000000,0.023809523809523808,0.030952380952380953,0.05,55.0,0.0880952380952381,0.08253968253968254,2.6793534244133534e-07,0.2753968253968254,2320000000
vit_base_patch16_224.augreg_in1k,"vit_b,sup,in1k",TRADES_v2,supervised,fully attention,large,FFT (50 epochs),1264.0,0,0,34.0,34.0,33.0,0.5264264438117527,12.497777777777777,0.7173333333333334,0.748,0.691,175.0,0.901,0.804,0.26858484094604806,3.8613333333333335,1281167,0.017,0.128,0.155,247.0,0.497,0.43,7.20801088e-05,1.227,1281167,0.041,0.06,0.031,119.0,0.191,0.154,2.24311164e-06,0.477,1281167,0.07,0.258,0.19,221.0,0.712,0.562,0.0013730541216,1.792,1281167,0.028,0.152,0.142,223.0,0.538,0.436,0.00014176163993599998,1.296,1281167,0.680952380952381,0.7952380952380952,0.6349206349206349,279.0,0.9428571428571428,0.7904761904761904,0.25625246388372863,3.844444444444444,1281167
robust_resnet50,"resnet50,rob-sup,in1k",CLASSIC_AT,supervised (robust),fully convolutional,medium,FFT (50 epochs),1248.0,0,0,35.0,66.0,34.0,0.06824446375462256,11.786952380952382,0.156,0.6253333333333333,0.829,215.0,0.957,0.838,0.06485547801532798,3.4053333333333335,1281167,0.004,0.053,0.366,250.0,0.579,0.509,2.2867215912000003e-05,1.5110000000000001,1281167,0.014666666666666666,0.127,0.308,196.0,0.692,0.488,0.00019373664546133332,1.6296666666666666,1281167,0.0,0.05,0.424,209.0,0.815,0.59,0.0,1.879,1281167,0.0,0.084,0.366,225.0,0.694,0.537,0.0,1.681,1281167,0.18095238095238095,0.2857142857142857,0.3,153.0,0.5238095238095238,0.3904761904761905,0.003172381877921236,1.680952380952381,1281167
coat_tiny.in1k,"coat_t,sup,in1k",TRADES_v2,supervised,hybrid,small,FFT (50 epochs),1419.0,1,1,30.0,60.0,35.0,0.2032884368220592,11.764015873015872,,,0.763,,0.912,,,,1281167,0.021333333333333333,0.16533333333333333,0.204,282.0,0.572,0.487,0.00020043534062933328,1.4496666666666664,1281167,0.335,0.49,0.343,276.0,0.766,0.624,0.026912148244800004,2.558,1281167,0.1,0.381,0.349,301.0,0.822,0.659,0.0072029041362000005,2.311,1281167,0.039,0.283,0.309,287.0,0.684,0.5573333333333333,0.001300111626528,1.8723333333333332,1281167,0.6253968253968254,0.7047619047619048,0.5238095238095238,273.0,0.9714285714285714,0.7476190476190476,0.16767283747390185,3.573015873015873,1281167
vit_base_patch16_224.augreg_in1k,"vit_b,sup,in1k",CLASSIC_AT,supervised,fully attention,large,FFT (50 epochs),1083.0,0,0,43.0,32.0,36.0,0.530873093948051,11.306857142857144,0.681,0.756,0.683,151.0,0.877,0.78,0.24053806177128004,3.777,1281167,0.011,0.04933333333333333,0.09733333333333333,189.0,0.352,0.276,5.131525461333333e-06,0.7856666666666666,1281167,0.20266666666666666,0.352,0.313,243.0,0.632,0.536,0.007563994311338666,2.0356666666666667,1281167,0.022,0.036,0.035,72.0,0.062,0.048,8.249471999999999e-08,0.203,1281167,0.011,0.048,0.053,149.0,0.269,0.215,1.61845464e-06,0.596,1281167,0.6857142857142857,0.8095238095238095,0.6928571428571428,279.0,0.9357142857142857,0.7857142857142857,0.28276420539061103,3.90952380952381,1281167
deit_tiny_patch16_224.fb_in1k,"deit_t,sup,in1k",TRADES_v2,supervised,fully attention,small,FFT (50 epochs),969.0,0,0,48.0,43.0,37.0,0.32517728620170677,11.266238095238098,0.656,0.731,0.657,129.0,0.867,0.745,0.20349884850408,3.656,1281167,0.007,0.065,0.11,205.0,0.478,0.387,9.258549299999998e-06,1.0470000000000002,1281167,0.0,0.0,0.0,52.0,0.302,0.202,0.0,0.504,1281167,0.018,0.162,0.158,178.0,0.681,0.531,0.000166604312808,1.5500000000000003,1281167,0.003,0.099,0.124,175.0,0.5293333333333333,0.392,7.641760895999999e-06,1.1473333333333333,1281167,0.4785714285714286,0.7095238095238096,0.5619047619047619,230.0,0.919047619047619,0.6928571428571428,0.1214949330746228,3.3619047619047624,1281167
robust_deit_small_patch16_224,"deit_s,rob-sup,in1k",CLASSIC_AT,supervised (robust),fully attention,medium,FFT (50 epochs),1186.0,0,0,36.0,15.0,38.0,0.73822284699332,11.169269841269841,0.651,0.858,0.873,302.0,0.95,0.89,0.41228366879699996,4.2219999999999995,1281167,0.005333333333333333,0.014,0.016,78.0,0.06933333333333333,0.051,4.224341333333333e-09,0.15566666666666665,1281167,0.02,0.064,0.09333333333333334,123.0,0.19333333333333333,0.166,3.834083555555556e-06,0.5366666666666667,1281167,0.004,0.131,0.224,159.0,0.476,0.379,2.1175099904e-05,1.214,1281167,0.019,0.10133333333333333,0.12266666666666666,188.0,0.42,0.32,3.1741815466666666e-05,0.9829999999999999,1281167,0.5619047619047619,0.8666666666666667,0.8238095238095238,336.0,0.9547619047619048,0.8507936507936508,0.3258824229730525,4.057936507936508,1281167
vit_base_patch16_224.mae,"vit_b,mae,in1k",TRADES_v2,self-supervised,fully attention,large,FFT (50 epochs),1170.0,0,0,37.0,70.0,39.0,0.053784324656448,10.922761904761904,0.155,0.6,0.759,144.0,0.914,0.8,0.05161321440000001,3.2279999999999998,1281167,0.019,0.17,0.232,279.0,0.564,0.476,0.00020117618304,1.4609999999999999,1281167,0.004,0.07466666666666667,0.09,129.0,0.3,0.249,2.007936e-06,0.7176666666666667,1281167,0.024,0.276,0.293,228.0,0.77,0.595,0.0008891921808,1.958,1281167,0.042,0.264,0.279,275.0,0.641,0.544,0.0010787339566080004,1.7700000000000002,1281167,0.0,0.0,0.2698412698412698,115.0,0.873015873015873,0.6452380952380953,0.0,1.788095238095238,1281167
regnetx_004.pycls_in1k,"regnetx_004,sup,in1k",CLASSIC_AT,supervised,fully convolutional,small,FFT (50 epochs),927.0,0,0,49.0,38.0,40.0,0.4377868472002056,10.845761904761906,0.568,0.66,0.578,113.0,0.884,0.749,0.14346771863424,3.439,1281167,0.008,0.02,0.02,132.0,0.266,0.23,1.9577600000000002e-07,0.544,1281167,0.064,0.004,0.0,139.0,0.581,0.478,0.0,1.127,1281167,0.016,0.032,0.018666666666666668,113.0,0.504,0.37,1.7822515200000004e-06,0.9406666666666668,1281167,0.003,0.067,0.064,141.0,0.415,0.308,1.64427648e-06,0.857,1281167,0.6928571428571428,0.8,0.7365079365079366,289.0,0.9492063492063492,0.7595238095238095,0.2943155062619656,3.9380952380952383,1281167
vit_base_patch16_224.mae,"vit_b,mae,in1k",CLASSIC_AT,self-supervised,fully attention,large,FFT (50 epochs),1046.0,0,0,44.0,42.0,41.0,0.3253646094844401,10.652857142857142,0.587,0.767,0.692,144.0,0.87,0.7813333333333333,0.21178498420767997,3.697333333333333,1281167,0.024,0.137,0.168,244.0,0.421,0.3586666666666667,8.340924748800002e-05,1.1086666666666667,1281167,0.02666666666666667,0.204,0.336,223.0,0.699,0.588,0.00075126417408,1.8536666666666664,1281167,0.016,0.025,0.03,62.0,0.072,0.071,6.134399999999998e-08,0.21400000000000002,1281167,0.01,0.039,0.041,137.0,0.173,0.14,3.872778000000001e-07,0.403,1281167,0.36666666666666664,0.7047619047619048,0.6333333333333333,236.0,0.9333333333333333,0.7380952380952381,0.11274450323339213,3.376190476190476,1281167
robust_convnext_tiny,"convnext_t,rob-sup,in1k",CLASSIC_AT,supervised (robust),fully convolutional,medium,FFT (50 epochs),1123.0,0,0,40.0,55.0,42.0,0.25775268818718367,10.63004761904762,0.528,0.512,0.491,56.0,0.569,0.522,0.03942467710156801,2.622,1281167,0.057,0.184,0.2,267.0,0.367,0.3253333333333333,0.0002504478464,1.1333333333333333,1281167,0.189,0.463,0.568,292.0,0.774,0.665,0.025583133486959998,2.6590000000000003,1281167,0.058,0.063,0.061,121.0,0.096,0.079,1.6904280960000002e-06,0.35700000000000004,1281167,0.012,0.012,0.013,66.0,0.02,0.016,5.990399999999999e-10,0.073,1281167,0.3619047619047619,0.8119047619047619,0.8380952380952381,321.0,0.9571428571428572,0.8166666666666667,0.19249273872511968,3.7857142857142856,1281167
swin_tiny_patch4_window7_224.ms_in1k,"swin_t,sup,in1k",CLASSIC_AT,supervised,fully attention,medium,FFT (50 epochs),982.0,0,0,47.0,33.0,43.0,0.5275568429824322,10.30595238095238,0.746,0.7893333333333333,0.709,175.0,0.884,0.7586666666666667,0.27999403163670755,3.887,1281167,0.031,0.079,0.083,199.0,0.233,0.184,8.714462824e-06,0.6100000000000001,1281167,0.0,0.0,0.0,10.0,0.011,0.012,0.0,0.023,1281167,0.14666666666666667,0.29,0.208,230.0,0.669,0.516,0.0030539967743999996,1.8296666666666668,1281167,0.02,0.028,0.019,97.0,0.043,0.032,1.464064e-08,0.14200000000000002,1281167,0.7547619047619047,0.7880952380952381,0.5857142857142857,271.0,0.9357142857142857,0.75,0.24450008546786062,3.814285714285714,1281167
swin_tiny_patch4_window7_224.ms_in1k,"swin_t,sup,in1k",TRADES_v2,supervised,fully attention,medium,FFT (50 epochs),1149.0,0,0,38.0,48.0,44.0,0.3024916872626881,9.993523809523811,0.732,0.793,0.718,191.0,0.902,0.787,0.29586254077723206,3.9320000000000004,1281167,0.034,0.177,0.208,284.0,0.558,0.469,0.000327583908288,1.4460000000000002,1281167,0.052,0.076,0.071,136.0,0.206,0.174,1.0057539647999996e-05,0.579,1281167,0.13,0.352,0.258,260.0,0.753,0.598,0.00531620698752,2.0909999999999997,1281167,0.06,0.25,0.215,262.0,0.634,0.477,0.0009752980499999999,1.6360000000000001,1281167,0.0,0.0,0.0,16.0,0.19523809523809524,0.11428571428571428,0.0,0.30952380952380953,1281167
robust_resnet50,"resnet50,rob-sup,in1k",TRADES_v2,supervised (robust),fully convolutional,medium,FFT (50 epochs),1029.0,0,0,45.0,68.0,45.0,0.060121346501631985,9.827396825396825,0.148,0.611,0.832,208.0,0.958,0.824,0.05939077229363199,3.3729999999999998,1281167,0.0,0.048,0.349,244.0,0.631,0.52,0.0,1.548,1281167,0.02,0.182,0.46,229.0,0.72,0.606,0.0007305742079999999,1.988,1281167,0.0,0.024,0.427,208.0,0.807,0.654,0.0,1.912,1281167,0.0,0.01,0.063,108.0,0.364,0.244,0.0,0.681,1281167,0.0,0.0,0.009523809523809525,32.0,0.18571428571428572,0.13015873015873017,0.0,0.3253968253968254,1281167
convnext_base.clip_laion2b_augreg_ft_in12k_in1k,"convnext_b,hybrid,laion2b-in12k-in1k",CLASSIC_AT,hybrid,fully convolutional,large,FFT (50 epochs),1108.0,0,0,42.0,41.0,46.0,0.4066249267176637,9.757952380952382,0.794,0.816,0.783,241.0,0.913,0.807,0.37378058163811206,4.113,2330281167,0.034,0.05,0.036,161.0,0.084,0.098,5.037984e-07,0.302,2330281167,0.009,0.009,0.009,62.0,0.009,0.009,5.904899999999997e-11,0.045,2330281167,0.173,0.209,0.152,205.0,0.418,0.316,0.0007259376840319998,1.268,2330281167,0.091,0.255,0.267,246.0,0.504,0.382,0.0011928524680800002,1.499,2330281167,0.41904761904761906,0.49523809523809526,0.4142857142857143,193.0,0.6428571428571429,0.5595238095238095,0.030925051069990682,2.530952380952381,2330281167
robust_vit_base_patch16_224,"vit_b,rob-sup,in1k",TRADES_v2,supervised (robust),fully attention,large,FFT (50 epochs),1114.0,0,0,41.0,37.0,47.0,0.4384026425321999,9.284619047619048,0.755,0.855,0.814,303.0,0.943,0.884,0.4380275524481999,4.251,1281167,0.021,0.191,0.222,280.0,0.516,0.47,0.00021594999384,1.42,1281167,0.036,0.12,0.054,171.0,0.471,0.4186666666666667,4.6000949759999996e-05,1.0996666666666668,1281167,0.008,0.112,0.063,148.0,0.602,0.469,1.5937415424e-05,1.254,1281167,0.037,0.136,0.129,205.0,0.423,0.354,9.720172497599999e-05,1.0790000000000002,1281167,0.0,0.0,0.0,7.0,0.10714285714285714,0.07380952380952381,0.0,0.18095238095238095,1281167
vit_base_patch16_224.augreg_in21k,"vit_b,sup,in22k",TRADES_v2,supervised,fully attention,large,FFT (50 epochs),905.0,0,0,52.0,44.0,48.0,0.3143622479877346,9.20452380952381,0.733,0.802,0.737,204.0,0.894,0.81,0.31373889922188003,3.976,14197122,0.004,0.016,0.011,97.0,0.178,0.154,1.9298047999999997e-08,0.363,14197122,0.005,0.255,0.202,245.0,0.811,0.73,0.00015247732650000003,2.003,14197122,0.003,0.014,0.009,64.0,0.181,0.14,9.57852e-09,0.34700000000000003,14197122,0.007,0.081,0.093,157.0,0.404,0.321,6.838367004000001e-06,0.9059999999999999,14197122,0.02857142857142857,0.23809523809523808,0.22857142857142856,138.0,0.6666666666666666,0.44761904761904764,0.00046400419578262135,1.6095238095238094,14197122
vit_small_patch16_224.augreg_in1k,"vit_s,sup,in1k",TRADES_v2,supervised,fully attention,medium,FFT (50 epochs),669.0,0,0,65.0,47.0,49.0,0.3029805467696951,9.144730158730159,0.682,0.711,0.6026666666666667,136.0,0.872,0.772,0.19672743616204802,3.639666666666667,1281167,0.006,0.007,0.007,46.0,0.035,0.030666666666666665,3.1556000000000005e-10,0.08566666666666667,1281167,0.0,0.0,0.0,42.0,0.25866666666666666,0.16666666666666666,0.0,0.42533333333333334,1281167,0.028,0.193,0.151,188.0,0.703,0.56,0.00032124445472000003,1.635,1281167,0.005333333333333333,0.007,0.007,40.0,0.042,0.039,4.2806400000000005e-10,0.10033333333333333,1281167,0.5301587301587302,0.669047619047619,0.5,217.0,0.8833333333333333,0.6761904761904762,0.10593186540930305,3.2587301587301587,1281167
regnetx_004.pycls_in1k,"regnetx_004,sup,in1k",TRADES_v2,supervised,fully convolutional,small,FFT (50 epochs),623.0,0,0,70.0,69.0,50.0,0.05730809488536,9.000444444444444,0.536,0.468,0.379,69.0,0.849,0.71,0.05730808438368,2.942,1281167,0.004,0.0,0.0,102.0,0.427,0.32133333333333336,0.0,0.7523333333333333,1281167,0.024,0.0,0.0,123.0,0.737,0.55,0.0,1.311,1281167,0.003,0.0,0.0,92.0,0.759,0.513,0.0,1.275,1281167,0.007,0.007,0.001,111.0,0.564,0.38,1.050168e-08,0.959,1281167,0.1619047619047619,0.011904761904761904,0.0,126.0,0.9238095238095239,0.6634920634920635,0.0,1.761111111111111,1281167
convnext_tiny.fb_in22k_ft_in1k,"convnext_t,sup,in22k-in1k",CLASSIC_AT,supervised,fully convolutional,medium,FFT (50 epochs),915.0,0,0,51.0,19.0,51.0,0.7123415839362048,8.96915873015873,0.8,0.8293333333333334,0.7653333333333333,242.0,0.9053333333333333,0.812,0.3732796183589926,4.112,15478289,0.023,0.036,0.032,143.0,0.074,0.067,1.31367168e-07,0.23199999999999998,15478289,0.0,0.0,0.0,11.0,0.011,0.013,0.0,0.024,15478289,0.024,0.008,0.001,47.0,0.06,0.047,5.4144e-10,0.14,15478289,0.05733333333333333,0.075,0.062,164.0,0.122,0.098,3.1874696e-06,0.41433333333333333,15478289,0.7396825396825397,0.8357142857142857,0.7285714285714285,308.0,0.9523809523809523,0.7904761904761904,0.33905864619900433,4.046825396825397,15478289
resnet50.a1_in1k,"resnet50,sup,in1k",TRADES_v2,supervised,fully convolutional,medium,FFT (50 epochs),690.0,0,0,64.0,75.0,52.0,0.029563295770624,8.874571428571429,0.6213333333333333,0.4106666666666667,0.171,92.0,0.901,0.752,0.029563295770624,2.856,1281167,0.001,0.0,0.0,112.0,0.49,0.428,0.0,0.919,1281167,0.001,0.0,0.0,110.0,0.756,0.5586666666666666,0.0,1.3156666666666665,1281167,0.022,0.0,0.0,176.0,0.897,0.708,0.0,1.627,1281167,0.017,0.0,0.0,137.0,0.612,0.416,0.0,1.045,1281167,0.0,0.0,0.0,63.0,0.6404761904761904,0.4714285714285714,0.0,1.111904761904762,1281167
mobilenetv3_large_100.ra_in1k,"mobilenet_v3,sup,in1k",TRADES_v2,supervised,fully convolutional,small,FFT (50 epochs),729.0,0,0,62.0,72.0,53.0,0.038294192886143996,8.869428571428571,0.652,0.481,0.206,74.0,0.848,0.699,0.038294192886143996,2.886,1281167,0.008,0.0,0.0,99.0,0.332,0.277,0.0,0.617,1281167,0.044,0.0,0.0,140.0,0.767,0.588,0.0,1.399,1281167,0.028,0.0,0.0,130.0,0.816,0.527,0.0,1.371,1281167,0.053,0.008,0.0,129.0,0.486,0.328,0.0,0.875,1281167,0.21904761904761905,0.023809523809523808,0.0,157.0,0.9619047619047619,0.5166666666666667,0.0,1.7214285714285715,1281167
edgenext_small.usi_in1k,"edgenetx_s,sup,in1k",CLASSIC_AT,supervised,hybrid,small,FFT (50 epochs),1124.0,1,1,39.0,49.0,54.0,0.2915783798727114,8.825714285714287,0.764,0.811,,,,0.801,,,1281167,0.019,0.034,0.024,134.0,0.086,0.081,1.08000864e-07,0.244,1281167,0.221,0.16,0.076,194.0,0.376,0.32,0.00032334315520000007,1.153,1281167,0.16533333333333333,0.339,0.258,262.0,0.734,0.58,0.00615607467648,2.0763333333333334,1281167,0.099,0.212,0.17733333333333334,249.0,0.54,0.405,0.0008139734064000002,1.4333333333333333,1281167,0.7976190476190477,0.8023809523809524,0.6309523809523809,285.0,0.9357142857142857,0.7523809523809524,0.2842848806337674,3.9190476190476193,1281167
mobilenetv3_large_100.ra_in1k,"mobilenet_v3,sup,in1k",CLASSIC_AT,supervised,fully convolutional,small,FFT (50 epochs),829.0,0,0,56.0,63.0,55.0,0.14110662738910348,8.747539682539681,0.724,0.646,0.48,113.0,0.867,0.72,0.14014058158079998,3.4369999999999994,1281167,0.02666666666666667,0.011,0.004,132.0,0.22,0.21,5.4208000000000005e-08,0.4716666666666667,1281167,0.077,0.0,0.0,123.0,0.569,0.42,0.0,1.0659999999999998,1281167,0.102,0.028,0.003,132.0,0.498,0.373,1.591540272e-06,1.004,1281167,0.076,0.058,0.023,174.0,0.382,0.264,1.0224373632e-05,0.803,1281167,0.43333333333333335,0.17857142857142858,0.030952380952380953,155.0,0.8595238095238096,0.4634920634920635,0.0009541756863995285,1.965873015873016,1281167
vit_base_patch16_224.augreg_in21k,"vit_b,sup,in22k",CLASSIC_AT,supervised,fully attention,large,FFT (50 epochs),879.0,0,0,53.0,54.0,56.0,0.2687410419170838,8.744079365079365,0.6586666666666666,0.7093333333333334,0.6426666666666667,120.0,0.844,0.75,0.1900664833137778,3.6046666666666667,14197122,0.013333333333333334,0.023,0.03,129.0,0.114,0.088,9.22944e-08,0.2683333333333333,14197122,0.058,0.158,0.158,187.0,0.356,0.278,0.000143296954816,1.008,14197122,0.061,0.076,0.044,131.0,0.152,0.125,3.875696e-06,0.458,14197122,0.006,0.016,0.02666666666666667,104.0,0.13333333333333333,0.108,3.6864000000000005e-08,0.29,14197122,0.38095238095238093,0.6698412698412698,0.530952380952381,208.0,0.8571428571428571,0.6761904761904762,0.07852725679409005,3.1150793650793647,14197122
vit_small_patch16_224.augreg_in21k_ft_in1k,"vit_s,sup,ink22k-in1k",TRADES_v2,supervised,fully attention,medium,FFT (50 epochs),773.0,0,0,61.0,59.0,57.0,0.21029738432016695,8.685698412698413,0.702,0.712,0.65,132.0,0.848,0.753,0.20745375056639997,3.665,15478289,0.008,0.092,0.113,213.0,0.467,0.4093333333333333,1.5898283989333334e-05,1.0893333333333333,15478289,0.04666666666666667,0.128,0.03,183.0,0.627,0.526,5.910051840000001e-05,1.3576666666666668,15478289,0.0,0.0,0.0,61.0,0.449,0.325,0.0,0.774,15478289,0.003,0.008,0.005333333333333333,41.0,0.052,0.052,3.4611199999999997e-10,0.12033333333333332,15478289,0.25476190476190474,0.2785714285714286,0.17777777777777778,143.0,0.6063492063492063,0.3619047619047619,0.0027686346052656382,1.6793650793650794,15478289
vit_base_patch16_clip_224.laion2b,"vit_b,clip,laion2b",CLASSIC_AT,self-supervised (multimodal),fully attention,large,FFT (50 epochs),789.0,0,0,60.0,51.0,58.0,0.28955613604613717,8.554015873015873,0.609,0.652,0.6,91.0,0.782,0.669,0.12463758044640003,3.3120000000000003,2320000000,0.008,0.018,0.024,93.0,0.06,0.05466666666666667,1.1335679999999999e-08,0.16466666666666666,2320000000,0.052,0.163,0.17466666666666666,195.0,0.38,0.326,0.00018340120170666667,1.0956666666666668,2320000000,0.023,0.038,0.034666666666666665,81.0,0.08933333333333333,0.072,1.9488102399999996e-07,0.257,2320000000,0.006,0.016,0.024,82.0,0.079,0.06,1.092096e-08,0.185,2320000000,0.6523809523809524,0.680952380952381,0.5555555555555556,247.0,0.9428571428571428,0.707936507936508,0.1647349372603665,3.53968253968254,2320000000
deit_small_patch16_224.fb_in1k,"deit_s,sup,in1k",CLASSIC_AT,supervised,fully attention,medium,FFT (50 epochs),917.0,0,0,50.0,56.0,59.0,0.2561185619768929,8.404936507936508,0.21333333333333335,0.229,0.187,14.0,0.261,0.21733333333333332,0.0005182062617600001,1.1076666666666668,1281167,0.0,0.03,0.104,155.0,0.357,0.301,0.0,0.792,1281167,0.032,0.10133333333333333,0.118,149.0,0.261,0.19866666666666666,1.9840372736e-05,0.711,1281167,0.105,0.288,0.215,232.0,0.7,0.553,0.0025167693599999997,1.8609999999999998,1281167,0.016,0.019,0.014,81.0,0.022,0.021,1.9662720000000003e-09,0.092,1281167,0.7,0.7936507936507936,0.6023809523809524,286.0,0.9452380952380952,0.8,0.2530637440161249,3.841269841269841,1281167
eva02_tiny_patch14_224.mim_in22k,"eva02_b,mim,ink22k",TRADES_v2,self-supervised,fully attention,medium,FFT (50 epochs),800.0,0,0,59.0,57.0,60.0,0.239198349526556,8.368904761904762,0.722,0.756,0.678,144.0,0.864,0.748,0.23916852617011197,3.768,14197122,0.005,0.02,0.04,157.0,0.397,0.308,4.89104e-07,0.77,14197122,0.056,0.079,0.067,144.0,0.229,0.192,1.3032466944000001e-05,0.623,14197122,0.01,0.007,0.003,149.0,0.819,0.63,1.083537e-07,1.4689999999999999,14197122,0.007,0.117,0.116,174.0,0.487,0.35,1.6193431799999997e-05,1.077,14197122,0.0,0.0,0.0,32.0,0.42142857142857143,0.24047619047619048,0.0,0.6619047619047619,14197122
vit_small_patch16_224.augreg_in21k,"vit_s,sup,in22k",TRADES_v2,supervised,fully attention,medium,FFT (50 epochs),820.0,0,0,57.0,77.0,61.0,0.0029299282214288345,8.256285714285713,0.044,0.0,0.002,32.0,0.83,0.682,0.0,1.558,14197122,0.010666666666666666,0.097,0.12,225.0,0.455,0.394,2.22581632e-05,1.0766666666666667,14197122,0.0,0.0,0.0,109.0,0.804,0.584,0.0,1.388,14197122,0.0,0.0,0.0,113.0,0.776,0.64,0.0,1.416,14197122,0.009333333333333334,0.128,0.132,198.0,0.5093333333333333,0.408,3.2770490367999996e-05,1.1866666666666665,14197122,0.2357142857142857,0.29523809523809524,0.22380952380952382,143.0,0.5238095238095238,0.3523809523809524,0.0028748995678608345,1.6309523809523812,14197122
resnet50.a1_in1k,"resnet50,sup,in1k",CLASSIC_AT,supervised,fully convolutional,medium,FFT (50 epochs),723.0,0,0,63.0,61.0,62.0,0.17610293859387982,7.891190476190476,0.687,0.677,0.531,147.0,0.907,0.786,0.17606367387523805,3.5880000000000005,1281167,0.014,0.009,0.003,126.0,0.344,0.27,3.510864e-08,0.64,1281167,0.0,0.0,0.0,24.0,0.026,0.028,0.0,0.054,1281167,0.038,0.047,0.021333333333333333,174.0,0.7813333333333333,0.586,1.7445127281777776e-05,1.4736666666666667,1281167,0.032,0.085,0.039,193.0,0.539,0.381,2.1784482720000003e-05,1.076,1281167,0.0,0.0,0.0,59.0,0.6404761904761904,0.41904761904761906,0.0,1.0595238095238095,1281167
vit_base_patch16_224.augreg_in21k_ft_in1k,"vit_b,sup,ink22k-in1k",TRADES_v2,supervised,fully attention,large,FFT (50 epochs),818.0,0,0,58.0,46.0,63.0,0.3040434470882647,7.76604761904762,0.666,0.811,0.739,212.0,0.917,0.829,0.303433403191002,3.9619999999999997,15478289,0.001,0.01,0.009,64.0,0.1,0.088,7.920000000000001e-10,0.208,15478289,0.031,0.116,0.107,169.0,0.397,0.309,4.720113555600001e-05,0.96,15478289,0.06133333333333333,0.20133333333333334,0.144,191.0,0.62,0.496,0.0005468246835199999,1.5226666666666666,15478289,0.01,0.09866666666666667,0.116,175.0,0.419,0.334,1.6017286186666666e-05,0.9776666666666667,15478289,0.0,0.0,0.0,7.0,0.04285714285714286,0.09285714285714286,0.0,0.13571428571428573,15478289
robust_vit_base_patch16_224,"vit_b,rob-sup,in1k",CLASSIC_AT,supervised (robust),fully attention,large,FFT (50 epochs),997.0,0,0,46.0,36.0,64.0,0.4759193635199727,7.738222222222221,0.76,0.872,0.8346666666666667,326.0,0.9453333333333334,0.888,0.4643453326404267,4.3,1281167,0.01,0.018,0.015,102.0,0.091,0.068,1.67076e-08,0.202,1281167,0.019,0.037,0.052,106.0,0.09,0.08,2.6320319999999994e-07,0.27799999999999997,1281167,0.118,0.431,0.402,330.0,0.824,0.687,0.011573621608608,2.4619999999999997,1281167,0.009333333333333334,0.021333333333333333,0.012,78.0,0.05,0.048,5.7344e-09,0.14066666666666666,1281167,0.009523809523809525,0.02142857142857143,0.02857142857142857,55.0,0.1746031746031746,0.12142857142857143,1.2362573795310156e-07,0.35555555555555557,1281167
deit_tiny_patch16_224.fb_in1k,"deit_t,sup,in1k",CLASSIC_AT,supervised,fully attention,small,FFT (50 epochs),624.0,0,0,69.0,53.0,65.0,0.2806226754827456,7.61152380952381,0.646,0.721,0.622,117.0,0.854,0.735,0.18184584285587999,3.578,1281167,0.0,0.015,0.05333333333333334,113.0,0.20533333333333334,0.166,0.0,0.43966666666666665,1281167,0.0,0.0,0.0,5.0,0.008,0.008,0.0,0.016,1281167,0.029,0.029,0.015,63.0,0.046,0.04,2.32116e-08,0.159,1281167,0.015,0.02666666666666667,0.024,113.0,0.08266666666666667,0.061,4.84096e-08,0.20933333333333332,1281167,0.49523809523809526,0.6595238095238095,0.5476190476190477,213.0,0.8785714285714286,0.6285714285714286,0.09877676100566564,3.2095238095238097,1281167
vit_base_patch16_224.augreg_in21k_ft_in1k,"vit_b,sup,ink22k-in1k",CLASSIC_AT,supervised,fully attention,large,FFT (50 epochs),837.0,0,0,55.0,52.0,66.0,0.28261679039129145,7.513095238095238,0.73,0.783,0.709,174.0,0.886,0.787,0.28257862763142,3.895,15478289,0.01,0.028,0.047,144.0,0.15,0.135,2.6649000000000005e-07,0.37,15478289,0.005333333333333333,0.026,0.0,176.0,0.812,0.768,0.0,1.6113333333333335,15478289,0.047,0.094,0.061,140.0,0.205,0.161,8.89478149e-06,0.568,15478289,0.006,0.037333333333333336,0.037,120.0,0.181,0.136,2.0401740800000002e-07,0.39733333333333337,15478289,0.06190476190476191,0.09761904761904762,0.14047619047619048,83.0,0.20952380952380953,0.1619047619047619,2.8797470973416187e-05,0.6714285714285714,15478289
coatnet_0_rw_224.sw_in1k,"coatnet_0,sup,in1k",CLASSIC_AT,supervised,hybrid,medium,FFT (50 epochs),844.0,0,0,54.0,58.0,67.0,0.230031104745712,7.354095238095239,0.7133333333333334,0.75,0.675,137.0,0.856,0.74,0.22875102000000003,3.7343333333333337,1281167,0.017333333333333333,0.056,0.04,159.0,0.134,0.109,5.671022933333333e-07,0.35633333333333334,1281167,0.242,0.259,0.166,216.0,0.391,0.29733333333333334,0.0012096050050186668,1.3553333333333333,1281167,0.107,0.136,0.089,175.0,0.29,0.186,6.985920431999999e-05,0.808,1281167,0.012,0.03,0.031,113.0,0.076,0.063,5.343408e-08,0.21200000000000002,1281167,0.0,0.0,0.0,44.0,0.5976190476190476,0.2904761904761905,0.0,0.888095238095238,1281167
deit_small_patch16_224.fb_in1k,"deit_s,sup,in1k",TRADES_v2,supervised,fully attention,medium,FFT (50 epochs),582.0,0,0,74.0,50.0,68.0,0.29014076181729886,6.858126984126985,0.735,0.783,0.705,185.0,0.895,0.798,0.28977715536525,3.916,1281167,0.008,0.008,0.005333333333333333,61.0,0.07333333333333333,0.044,1.101368888888889e-09,0.13866666666666666,1281167,0.0,0.0,0.0,11.0,0.012,0.010666666666666666,0.0,0.02266666666666667,1281167,0.0,0.003,0.005,19.0,0.037,0.03,0.0,0.075,1281167,0.038,0.195,0.187,237.0,0.591,0.444,0.00036360535067999993,1.455,1281167,0.0,0.0,0.0,69.0,0.765079365079365,0.4857142857142857,0.0,1.2507936507936508,1281167
vit_small_patch16_224.dino,"vit_b,dino,in1k",CLASSIC_AT,self-supervised,fully attention,medium,FFT (50 epochs),609.0,0,0,72.0,65.0,69.0,0.07915652092103255,6.640190476190476,0.512,0.604,0.541,72.0,0.74,0.604,0.07477782396928,3.0010000000000003,1281167,0.006,0.01,0.02,65.0,0.044,0.044,2.3231999999999996e-09,0.124,1281167,0.01,0.012,0.01,78.0,0.02,0.024,5.760000000000001e-10,0.076,1281167,0.09066666666666667,0.272,0.146,224.0,0.732,0.583,0.001536558307328,1.8236666666666665,1281167,0.0013333333333333333,0.006,0.01,27.0,0.01,0.012,9.600000000000001e-12,0.03933333333333333,1281167,0.22857142857142856,0.3119047619047619,0.2833333333333333,143.0,0.40476190476190477,0.3476190476190476,0.00284213573562456,1.5761904761904764,1281167
vit_small_patch16_224.augreg_in21k,"vit_s,sup,in22k",CLASSIC_AT,supervised,fully attention,medium,FFT (50 epochs),664.0,0,0,66.0,64.0,70.0,0.10540969305380003,6.476619047619048,0.586,0.648,0.53,81.0,0.77,0.656,0.10165834990080001,3.19,14197122,0.009,0.024,0.028,106.0,0.06,0.048,1.7418239999999998e-08,0.16899999999999998,14197122,0.087,0.193,0.144,208.0,0.422,0.33866666666666667,0.000345560391936,1.1846666666666665,14197122,0.028,0.03,0.028,65.0,0.041,0.04,3.8572800000000006e-08,0.167,14197122,0.004,0.015,0.017333333333333333,61.0,0.04666666666666667,0.052,2.5237333333333332e-09,0.135,14197122,0.29523809523809524,0.3238095238095238,0.2619047619047619,143.0,0.44285714285714284,0.30714285714285716,0.003405724246290677,1.630952380952381,14197122
vit_small_patch16_224.augreg_in21k_ft_in1k,"vit_s,sup,ink22k-in1k",CLASSIC_AT,supervised,fully attention,medium,FFT (50 epochs),657.0,0,0,67.0,62.0,71.0,0.16672869355150094,6.104857142857144,0.6333333333333333,0.706,0.614,104.0,0.843,0.7186666666666667,0.16632613466186666,3.5149999999999997,15478289,0.012,0.027,0.026,129.0,0.098,0.093,7.677633599999999e-08,0.256,15478289,0.03,0.099,0.13066666666666665,153.0,0.284,0.23066666666666666,2.5422862079999995e-05,0.7743333333333333,15478289,0.05466666666666667,0.068,0.047,121.0,0.113,0.094,1.8558191893333332e-06,0.3766666666666667,15478289,0.008,0.008,0.008,40.0,0.008,0.008,3.276800000000001e-11,0.04,15478289,0.08333333333333333,0.18333333333333332,0.2619047619047619,110.0,0.33095238095238094,0.2833333333333333,0.0003752033992609389,1.1428571428571428,15478289
vit_base_patch16_clip_224.laion2b_ft_in1k,"vit_b,clip,laion2b",CLASSIC_AT,hybrid,fully attention,large,FFT (50 epochs),623.0,0,0,70.0,71.0,72.0,0.0530815343802682,5.8201269841269845,0.46,0.558,0.498,63.0,0.701,0.584,0.052330181189759996,2.801,2321281167,0.008,0.013333333333333334,0.017,71.0,0.043,0.039,3.0409600000000006e-09,0.12033333333333335,2321281167,0.038,0.134,0.138,177.0,0.373,0.2946666666666667,7.723378582400001e-05,0.9776666666666667,2321281167,0.016,0.04133333333333333,0.036,87.0,0.121,0.10133333333333333,2.919178239999999e-07,0.31566666666666665,2321281167,0.007,0.019,0.02266666666666667,99.0,0.11866666666666667,0.07066666666666667,2.528032474074074e-08,0.238,2321281167,0.23095238095238096,0.1523809523809524,0.09841269841269841,126.0,0.48253968253968255,0.4031746031746032,0.0006737991655754659,1.3674603174603175,2321281167
coat_tiny.in1k,"coat_t,sup,in1k",CLASSIC_AT,supervised,hybrid,small,FFT (50 epochs),565.0,1,1,75.0,45.0,73.0,0.3046660127636017,5.544095238095238,0.749,0.789,0.726,192.0,0.891,0.796,0.304288972267896,3.9510000000000005,1281167,0.017,0.024,0.011,80.0,0.019,0.024,2.046528e-09,0.095,1281167,0.009,0.015,0.016,83.0,0.025333333333333333,0.024,1.31328e-09,0.08933333333333332,1281167,0.044,0.05733333333333333,0.044,106.0,0.08666666666666667,0.072,6.926233599999998e-07,0.304,1281167,0.038,0.08,,,,0.159,,,1281167,0.14285714285714285,0.17142857142857143,0.15476190476190477,104.0,0.3595238095238095,0.2761904761904762,0.0003763445125377654,1.1047619047619048,1281167
eva02_tiny_patch14_224.mim_in22k,"eva02_b,mim,ink22k",CLASSIC_AT,self-supervised,fully attention,medium,FFT (50 epochs),626.0,0,0,68.0,74.0,74.0,0.030397152702851912,5.497158730158731,0.439,0.49,0.426,45.0,0.568,0.4706666666666667,0.024498075969919996,2.393666666666667,14197122,0.018,0.027,0.021,112.0,0.049,0.04533333333333334,2.2670928000000002e-08,0.16033333333333333,14197122,0.099,0.125,0.12,166.0,0.244,0.191,6.920694e-05,0.7789999999999999,14197122,0.05733333333333333,0.055,0.039,107.0,0.081,0.079,7.8694902e-07,0.31133333333333335,14197122,0.009333333333333334,0.006,0.008,38.0,0.008,0.008,2.8672000000000004e-11,0.03933333333333333,14197122,0.32857142857142857,0.3547619047619048,0.28888888888888886,158.0,0.48253968253968255,0.35873015873015873,0.005829060144311917,1.8134920634920635,14197122
vit_small_patch16_224.dino,"vit_b,dino,in1k",TRADES_v2,self-supervised,fully attention,medium,FFT (50 epochs),365.0,0,0,79.0,67.0,75.0,0.06269076937390558,5.332063492063492,0.546,0.552,0.474,62.0,0.714,0.572,0.05834508846566399,2.858,1281167,0.0026666666666666666,0.008,0.004,27.0,0.02666666666666667,0.027,6.144e-11,0.06833333333333333,1281167,0.0,0.0,0.0,24.0,0.024,0.033,0.0,0.057,1281167,0.002,0.004,0.008,26.0,0.024,0.032,4.9152000000000004e-11,0.07,1281167,0.002,0.013333333333333334,0.005333333333333333,64.0,0.11866666666666667,0.064,1.0801303703703704e-09,0.20333333333333334,1281167,0.12380952380952381,0.3682539682539683,0.2119047619047619,162.0,0.8285714285714286,0.5428571428571428,0.004345679717519229,2.0753968253968256,1281167
mobilevit-small,"mobilevit_s,sup,in1k",CLASSIC_AT,supervised,hybrid,small,FFT (50 epochs),608.0,0,0,73.0,73.0,76.0,0.035783717853440464,4.924285714285714,0.427,0.515,0.485,53.0,0.608,0.527,0.034173624032800005,2.5620000000000003,1281167,0.008,0.011,0.029,84.0,0.05,0.045,5.742e-09,0.14300000000000002,1281167,0.053,0.049,0.041,119.0,0.079,0.063,5.29936029e-07,0.285,1281167,0.042,0.048,0.042,99.0,0.085,0.072,5.181926400000002e-07,0.289,1281167,0.017,0.023,0.039,125.0,0.083,0.069,8.733102300000002e-08,0.23099999999999998,1281167,0.19285714285714287,0.28095238095238095,0.2619047619047619,128.0,0.38095238095238093,0.2976190476190476,0.001608952618948454,1.4142857142857144,1281167
efficientnet-b0,"efficientnet_b0,sup,in1k",CLASSIC_AT,supervised,fully convolutional,small,FFT (50 epochs),424.0,0,0,78.0,76.0,77.0,0.01293896461183204,3.9464285714285716,0.343,0.414,0.363,32.0,0.527,0.466,0.012658948064532001,2.113,1281167,0.004,0.004,0.008,33.0,0.03,0.027,1.0368000000000002e-10,0.073,1281167,0.0,0.012,0.02,67.0,0.036,0.028,0.0,0.09599999999999999,1281167,0.036,0.054,0.053,115.0,0.135,0.116,1.61348112e-06,0.39399999999999996,1281167,0.008,0.015,0.022,75.0,0.057,0.047,7.072559999999999e-09,0.14900000000000002,1281167,0.07857142857142857,0.1619047619047619,0.18571428571428572,102.0,0.4023809523809524,0.29285714285714287,0.00027839588994003824,1.1214285714285714,1281167
efficientnet-b0,"efficientnet_b0,sup,in1k",TRADES_v2,supervised,fully convolutional,small,FFT (50 epochs),329.0,0,0,80.0,78.0,78.0,0.0028350378449563765,3.465190476190476,0.246,0.297,0.221,22.0,0.448,0.387,0.0027994506059519997,1.599,1281167,0.0,0.0,0.0,6.0,0.02266666666666667,0.017,0.0,0.03966666666666667,1281167,0.004,0.006666666666666667,0.001,81.0,0.173,0.141,6.5048e-10,0.32566666666666666,1281167,0.008,0.017,0.018,72.0,0.173,0.133,5.6326031999999995e-08,0.349,1281167,0.001,0.009,0.003,54.0,0.081,0.065,1.42155e-10,0.159,1281167,0.030952380952380953,0.09523809523809523,0.08095238095238096,94.0,0.4666666666666667,0.319047619047619,3.553012033737657e-05,0.9928571428571429,1281167
mobilevit-small,"mobilevit_s,sup,in1k",TRADES_v2,supervised,hybrid,small,FFT (50 epochs),511.0,1,1,76.0,79.0,79.0,0.0020040184723011606,3.295666666666667,0.34,0.454,,,,0.48,,,1281167,0.004,0.01,0.014,85.0,0.169,0.137,1.2965680000000002e-08,0.3340000000000001,1281167,0.052,0.114,0.047,146.0,0.262,0.21,1.532945232e-05,0.6849999999999999,1281167,0.009,0.032,0.014,82.0,0.2,0.16,1.29024e-07,0.41500000000000004,1281167,0.0,0.008,0.005,54.0,0.103,0.079,0.0,0.195,1281167,0.12142857142857143,0.26666666666666666,0.24523809523809523,144.0,0.6452380952380953,0.3880952380952381,0.0019885470303011607,1.6666666666666667,1281167
vit_small_patch16_224.augreg_in1k,"vit_s,sup,in1k",CLASSIC_AT,supervised,fully attention,medium,FFT (50 epochs),433.0,0,0,77.0,80.0,80.0,0.0009500000371446209,2.7429047619047617,0.184,0.21733333333333332,0.234,17.0,0.345,0.287,0.0009265332585599999,1.2673333333333332,1281167,0.0026666666666666666,0.014,0.018666666666666668,54.0,0.03333333333333333,0.034,7.898074074074074e-10,0.10266666666666667,1281167,0.007,0.005,0.0,49.0,0.015,0.014,0.0,0.041,1281167,0.052,0.086,0.04,137.0,0.22133333333333333,0.173,6.8494344533333316e-06,0.5723333333333332,1281167,0.014,0.025333333333333333,0.024,104.0,0.06266666666666666,0.055,2.9338026666666664e-08,0.181,1281167,0.07857142857142857,0.08095238095238096,0.12063492063492064,72.0,0.1746031746031746,0.12380952380952381,1.6587216297213676e-05,0.5785714285714285,1281167
