,lr1,lr2,wd1,wd2,sched,model_size,backbone,dataset,loss_function,model_type,ft_strategy
0,2.3187283452990446e-05,1.977953176726232e-06,0.00048096354537337677,0.0002356470857433856,True,2,CLIP-convnext_base_w-laion_aesthetic-s13B-b82K,uc-merced-land-use-dataset,TRADES_v2,fully convolutional,full_fine_tuning_50epochs
1,0.00012164941464151844,0.003995972283135062,1.0010539860510488e-06,1.6193110912440726e-05,False,2,CLIP-convnext_base_w-laion2B-s13B-b82K,uc-merced-land-use-dataset,TRADES_v2,fully convolutional,full_fine_tuning_50epochs
2,2.3187283452990446e-05,1.977953176726232e-06,0.00048096354537337677,0.0002356470857433856,True,1,deit_small_patch16_224.fb_in1k,uc-merced-land-use-dataset,TRADES_v2,fully attention,full_fine_tuning_50epochs
3,1.3522435991628919e-06,1.3852636558523316e-06,9.657045339595033e-06,0.0027549377795644306,False,1,robust_resnet50,uc-merced-land-use-dataset,TRADES_v2,fully convolutional,full_fine_tuning_50epochs
4,0.0020029009435785323,8.64754628963291e-06,0.00012278527022579734,0.004125884444386558,True,1,vit_small_patch16_224.augreg_in21k,uc-merced-land-use-dataset,TRADES_v2,fully attention,full_fine_tuning_50epochs
5,9.613989345165609e-05,8.700690210600536e-05,0.00047751184301655973,0.0055227614309091245,True,2,convnext_base.fb_in1k,uc-merced-land-use-dataset,TRADES_v2,fully convolutional,full_fine_tuning_50epochs
6,3.281935434200338e-06,0.00017356718938172,0.004309054751874309,1.4943646773788343e-05,False,1,resnet50.a1_in1k,uc-merced-land-use-dataset,TRADES_v2,fully convolutional,full_fine_tuning_50epochs
7,1.2384572243648865e-06,2.239291948629666e-06,8.818210135856339e-05,0.0002662673074410208,False,2,robust_vit_base_patch16_224,uc-merced-land-use-dataset,TRADES_v2,fully attention,full_fine_tuning_50epochs
8,3.690803219673014e-05,0.0028947634357865313,0.0032029975700290426,0.00378814552109712,True,2,vit_base_patch16_224.mae,uc-merced-land-use-dataset,TRADES_v2,fully attention,full_fine_tuning_50epochs
9,1.8265380461793793e-05,0.005237563126155606,6.049478317034524e-06,0.0002115610477060778,False,1,vit_small_patch16_224.dino,uc-merced-land-use-dataset,TRADES_v2,fully attention,full_fine_tuning_50epochs
10,0.00012164941464151844,0.003995972283135062,1.0010539860510488e-06,1.6193110912440726e-05,False,2,convnext_base.fb_in22k,uc-merced-land-use-dataset,TRADES_v2,fully convolutional,full_fine_tuning_50epochs
11,0.00012164941464151844,0.003995972283135062,1.0010539860510488e-06,1.6193110912440726e-05,False,2,robust_convnext_base,uc-merced-land-use-dataset,TRADES_v2,fully convolutional,full_fine_tuning_50epochs
12,0.00012164941464151844,0.003995972283135062,1.0010539860510488e-06,1.6193110912440726e-05,False,2,vit_base_patch16_224.augreg_in1k,uc-merced-land-use-dataset,TRADES_v2,fully attention,full_fine_tuning_50epochs
13,0.00012164941464151844,0.003995972283135062,1.0010539860510488e-06,1.6193110912440726e-05,False,2,vit_base_patch16_224.augreg_in21k,uc-merced-land-use-dataset,TRADES_v2,fully attention,full_fine_tuning_50epochs
14,0.0026674574591455755,1.0525948689799705e-05,0.0032543911150884836,1.2869165107815028e-06,True,2,vit_base_patch16_clip_224.laion2b,uc-merced-land-use-dataset,TRADES_v2,fully attention,full_fine_tuning_50epochs
15,0.001213086542901601,0.055600872086063784,0.00631981662437257,0.00016850498474700162,False,1,convnext_tiny.fb_in1k,uc-merced-land-use-dataset,TRADES_v2,fully convolutional,full_fine_tuning_50epochs
16,0.0004632617302122406,0.0028799541239828896,1.8283634209844514e-05,0.0005571905096939264,True,1,robust_convnext_tiny,uc-merced-land-use-dataset,TRADES_v2,fully convolutional,full_fine_tuning_50epochs
17,1.249090035686812e-06,2.163516693024963e-06,0.001766387807497407,0.0003508830920026724,False,1,robust_deit_small_patch16_224,uc-merced-land-use-dataset,TRADES_v2,fully attention,full_fine_tuning_50epochs
18,0.0004561758150522565,3.521116041991218e-06,3.838229897022728e-06,0.00010843137252669625,True,1,vit_small_patch16_224.augreg_in1k,uc-merced-land-use-dataset,TRADES_v2,fully attention,full_fine_tuning_50epochs
19,9.613989345165609e-05,8.700690210600536e-05,0.00047751184301655973,0.0055227614309091245,True,1,convnext_tiny.fb_in22k,uc-merced-land-use-dataset,TRADES_v2,fully convolutional,full_fine_tuning_50epochs
20,0.00012164941464151844,0.003995972283135062,1.0010539860510488e-06,1.6193110912440726e-05,False,2,vit_base_patch16_clip_224.laion2b_ft_in1k,uc-merced-land-use-dataset,TRADES_v2,fully attention,full_fine_tuning_50epochs
21,1.4820285018742478e-06,0.0013187119216379328,0.000439079257324,1.5630799020950923e-05,True,2,vit_base_patch16_224.augreg_in21k_ft_in1k,uc-merced-land-use-dataset,TRADES_v2,fully attention,full_fine_tuning_50epochs
22,0.00041084986459893116,0.004831225725349887,4.5880110941328475e-06,0.0005600582122085054,True,1,vit_small_patch16_224.augreg_in21k_ft_in1k,uc-merced-land-use-dataset,TRADES_v2,fully attention,full_fine_tuning_50epochs
23,9.613989345165609e-05,8.700690210600536e-05,0.00047751184301655973,0.0055227614309091245,True,2,eva02_base_patch14_224.mim_in22k,uc-merced-land-use-dataset,TRADES_v2,fully attention,full_fine_tuning_50epochs
24,7.2728150208881555e-06,4.849296602698792e-06,0.005375041876450287,0.0006127349401923009,False,1,eva02_tiny_patch14_224.mim_in22k,uc-merced-land-use-dataset,TRADES_v2,fully attention,full_fine_tuning_50epochs
25,0.00012164941464151844,0.003995972283135062,1.0010539860510488e-06,1.6193110912440726e-05,False,2,swin_base_patch4_window7_224.ms_in22k_ft_in1k,uc-merced-land-use-dataset,TRADES_v2,fully attention,full_fine_tuning_50epochs
26,4.0431260261004145e-06,1.6701650552273647e-06,2.6913892686855095e-06,7.995347689531275e-06,True,1,swin_tiny_patch4_window7_224.ms_in1k,uc-merced-land-use-dataset,TRADES_v2,fully attention,full_fine_tuning_50epochs
27,0.00012164941464151844,0.003995972283135062,1.0010539860510488e-06,1.6193110912440726e-05,False,2,convnext_base.clip_laion2b_augreg_ft_in12k_in1k,uc-merced-land-use-dataset,TRADES_v2,fully convolutional,full_fine_tuning_50epochs
28,1.4820285018742478e-06,0.0013187119216379328,0.000439079257324,1.5630799020950923e-05,True,2,convnext_base.fb_in22k_ft_in1k,uc-merced-land-use-dataset,TRADES_v2,fully convolutional,full_fine_tuning_50epochs
29,8.036752987046991e-05,0.005614247491665514,0.00011080667247036247,0.0001458166846972585,False,1,convnext_tiny.fb_in22k_ft_in1k,uc-merced-land-use-dataset,TRADES_v2,fully convolutional,full_fine_tuning_50epochs
30,0.00012164941464151844,0.003995972283135062,1.0010539860510488e-06,1.6193110912440726e-05,False,1,coatnet_0_rw_224.sw_in1k,uc-merced-land-use-dataset,TRADES_v2,hybrid,full_fine_tuning_50epochs
31,0.00012164941464151844,0.003995972283135062,1.0010539860510488e-06,1.6193110912440726e-05,False,2,coatnet_2_rw_224.sw_in12k_ft_in1k,uc-merced-land-use-dataset,TRADES_v2,hybrid,full_fine_tuning_50epochs
32,0.00012164941464151844,0.003995972283135062,1.0010539860510488e-06,1.6193110912440726e-05,False,2,coatnet_2_rw_224.sw_in12k,uc-merced-land-use-dataset,TRADES_v2,hybrid,full_fine_tuning_50epochs
33,0.00012164941464151844,0.003995972283135062,1.0010539860510488e-06,1.6193110912440726e-05,False,0,regnetx_004.pycls_in1k,uc-merced-land-use-dataset,TRADES_v2,fully convolutional,full_fine_tuning_50epochs
34,0.00012164941464151844,0.003995972283135062,1.0010539860510488e-06,1.6193110912440726e-05,False,0,efficientnet-b0,uc-merced-land-use-dataset,TRADES_v2,fully convolutional,full_fine_tuning_50epochs
35,0.0004632617302122406,0.0028799541239828896,1.8283634209844514e-05,0.0005571905096939264,True,0,deit_tiny_patch16_224.fb_in1k,uc-merced-land-use-dataset,TRADES_v2,fully attention,full_fine_tuning_50epochs
36,0.00012164941464151844,0.003995972283135062,1.0010539860510488e-06,1.6193110912440726e-05,False,0,mobilevit-small,uc-merced-land-use-dataset,TRADES_v2,hybrid,full_fine_tuning_50epochs
37,0.00012164941464151844,0.003995972283135062,1.0010539860510488e-06,1.6193110912440726e-05,False,0,mobilenetv3_large_100.ra_in1k,uc-merced-land-use-dataset,TRADES_v2,fully convolutional,full_fine_tuning_50epochs
38,0.00012164941464151844,0.003995972283135062,1.0010539860510488e-06,1.6193110912440726e-05,False,0,edgenext_small.usi_in1k,uc-merced-land-use-dataset,TRADES_v2,fully convolutional,full_fine_tuning_50epochs
39,0.00012164941464151844,0.003995972283135062,1.0010539860510488e-06,1.6193110912440726e-05,False,0,coat_tiny.in1k,uc-merced-land-use-dataset,TRADES_v2,hybrid,full_fine_tuning_50epochs
40,0.00012164941464151844,0.003995972283135062,1.0010539860510488e-06,1.6193110912440726e-05,False,2,CLIP-convnext_base_w-laion_aesthetic-s13B-b82K,stanford_cars,TRADES_v2,fully convolutional,full_fine_tuning_50epochs
41,0.00012164941464151844,0.003995972283135062,1.0010539860510488e-06,1.6193110912440726e-05,False,2,CLIP-convnext_base_w-laion2B-s13B-b82K,stanford_cars,TRADES_v2,fully convolutional,full_fine_tuning_50epochs
42,0.00012164941464151844,0.003995972283135062,1.0010539860510488e-06,1.6193110912440726e-05,False,1,deit_small_patch16_224.fb_in1k,stanford_cars,TRADES_v2,fully attention,full_fine_tuning_50epochs
43,0.0026674574591455755,1.0525948689799705e-05,0.0032543911150884836,1.2869165107815028e-06,True,1,robust_resnet50,stanford_cars,TRADES_v2,fully convolutional,full_fine_tuning_50epochs
44,0.00012164941464151844,0.003995972283135062,1.0010539860510488e-06,1.6193110912440726e-05,False,1,vit_small_patch16_224.augreg_in21k,stanford_cars,TRADES_v2,fully attention,full_fine_tuning_50epochs
45,0.00012164941464151844,0.003995972283135062,1.0010539860510488e-06,1.6193110912440726e-05,False,2,convnext_base.fb_in1k,stanford_cars,TRADES_v2,fully convolutional,full_fine_tuning_50epochs
46,0.00012164941464151844,0.003995972283135062,1.0010539860510488e-06,1.6193110912440726e-05,False,1,resnet50.a1_in1k,stanford_cars,TRADES_v2,fully convolutional,full_fine_tuning_50epochs
47,0.00012164941464151844,0.003995972283135062,1.0010539860510488e-06,1.6193110912440726e-05,False,2,robust_vit_base_patch16_224,stanford_cars,TRADES_v2,fully attention,full_fine_tuning_50epochs
48,0.00012164941464151844,0.003995972283135062,1.0010539860510488e-06,1.6193110912440726e-05,False,2,vit_base_patch16_224.mae,stanford_cars,TRADES_v2,fully attention,full_fine_tuning_50epochs
49,0.00012164941464151844,0.003995972283135062,1.0010539860510488e-06,1.6193110912440726e-05,False,1,vit_small_patch16_224.dino,stanford_cars,TRADES_v2,fully attention,full_fine_tuning_50epochs
50,0.00012164941464151844,0.003995972283135062,1.0010539860510488e-06,1.6193110912440726e-05,False,2,convnext_base.fb_in22k,stanford_cars,TRADES_v2,fully convolutional,full_fine_tuning_50epochs
51,0.00012164941464151844,0.003995972283135062,1.0010539860510488e-06,1.6193110912440726e-05,False,2,robust_convnext_base,stanford_cars,TRADES_v2,fully convolutional,full_fine_tuning_50epochs
52,0.00012164941464151844,0.003995972283135062,1.0010539860510488e-06,1.6193110912440726e-05,False,2,vit_base_patch16_224.augreg_in1k,stanford_cars,TRADES_v2,fully attention,full_fine_tuning_50epochs
53,0.00012164941464151844,0.003995972283135062,1.0010539860510488e-06,1.6193110912440726e-05,False,2,vit_base_patch16_224.augreg_in21k,stanford_cars,TRADES_v2,fully attention,full_fine_tuning_50epochs
54,0.00012164941464151844,0.003995972283135062,1.0010539860510488e-06,1.6193110912440726e-05,False,2,vit_base_patch16_clip_224.laion2b,stanford_cars,TRADES_v2,fully attention,full_fine_tuning_50epochs
55,0.00012164941464151844,0.003995972283135062,1.0010539860510488e-06,1.6193110912440726e-05,False,1,convnext_tiny.fb_in1k,stanford_cars,TRADES_v2,fully convolutional,full_fine_tuning_50epochs
56,2.3187283452990446e-05,1.977953176726232e-06,0.00048096354537337677,0.0002356470857433856,True,1,robust_convnext_tiny,stanford_cars,TRADES_v2,fully convolutional,full_fine_tuning_50epochs
57,0.00042072361008387834,2.618876524868541e-06,0.0046499184692037525,0.004383222605120044,True,1,robust_deit_small_patch16_224,stanford_cars,TRADES_v2,fully attention,full_fine_tuning_50epochs
58,0.0026674574591455755,1.0525948689799705e-05,0.0032543911150884836,1.2869165107815028e-06,True,1,vit_small_patch16_224.augreg_in1k,stanford_cars,TRADES_v2,fully attention,full_fine_tuning_50epochs
59,0.0026674574591455755,1.0525948689799705e-05,0.0032543911150884836,1.2869165107815028e-06,True,1,convnext_tiny.fb_in22k,stanford_cars,TRADES_v2,fully convolutional,full_fine_tuning_50epochs
60,0.00012164941464151844,0.003995972283135062,1.0010539860510488e-06,1.6193110912440726e-05,False,2,vit_base_patch16_clip_224.laion2b_ft_in1k,stanford_cars,TRADES_v2,fully attention,full_fine_tuning_50epochs
61,0.00012164941464151844,0.003995972283135062,1.0010539860510488e-06,1.6193110912440726e-05,False,2,vit_base_patch16_224.augreg_in21k_ft_in1k,stanford_cars,TRADES_v2,fully attention,full_fine_tuning_50epochs
62,0.0026674574591455755,1.0525948689799705e-05,0.0032543911150884836,1.2869165107815028e-06,True,1,vit_small_patch16_224.augreg_in21k_ft_in1k,stanford_cars,TRADES_v2,fully attention,full_fine_tuning_50epochs
63,0.00012164941464151844,0.003995972283135062,1.0010539860510488e-06,1.6193110912440726e-05,False,2,eva02_base_patch14_224.mim_in22k,stanford_cars,TRADES_v2,fully attention,full_fine_tuning_50epochs
64,0.00012164941464151844,0.003995972283135062,1.0010539860510488e-06,1.6193110912440726e-05,False,1,eva02_tiny_patch14_224.mim_in22k,stanford_cars,TRADES_v2,fully attention,full_fine_tuning_50epochs
65,0.00012164941464151844,0.003995972283135062,1.0010539860510488e-06,1.6193110912440726e-05,False,2,swin_base_patch4_window7_224.ms_in22k_ft_in1k,stanford_cars,TRADES_v2,fully attention,full_fine_tuning_50epochs
66,0.00012164941464151844,0.003995972283135062,1.0010539860510488e-06,1.6193110912440726e-05,False,1,swin_tiny_patch4_window7_224.ms_in1k,stanford_cars,TRADES_v2,fully attention,full_fine_tuning_50epochs
67,0.00012164941464151844,0.003995972283135062,1.0010539860510488e-06,1.6193110912440726e-05,False,2,convnext_base.clip_laion2b_augreg_ft_in12k_in1k,stanford_cars,TRADES_v2,fully convolutional,full_fine_tuning_50epochs
68,0.00012164941464151844,0.003995972283135062,1.0010539860510488e-06,1.6193110912440726e-05,False,2,convnext_base.fb_in22k_ft_in1k,stanford_cars,TRADES_v2,fully convolutional,full_fine_tuning_50epochs
69,0.0026674574591455755,1.0525948689799705e-05,0.0032543911150884836,1.2869165107815028e-06,True,1,convnext_tiny.fb_in22k_ft_in1k,stanford_cars,TRADES_v2,fully convolutional,full_fine_tuning_50epochs
70,0.00012164941464151844,0.003995972283135062,1.0010539860510488e-06,1.6193110912440726e-05,False,1,coatnet_0_rw_224.sw_in1k,stanford_cars,TRADES_v2,hybrid,full_fine_tuning_50epochs
71,0.00012164941464151844,0.003995972283135062,1.0010539860510488e-06,1.6193110912440726e-05,False,2,coatnet_2_rw_224.sw_in12k_ft_in1k,stanford_cars,TRADES_v2,hybrid,full_fine_tuning_50epochs
72,0.00012164941464151844,0.003995972283135062,1.0010539860510488e-06,1.6193110912440726e-05,False,2,coatnet_2_rw_224.sw_in12k,stanford_cars,TRADES_v2,hybrid,full_fine_tuning_50epochs
73,0.00012164941464151844,0.003995972283135062,1.0010539860510488e-06,1.6193110912440726e-05,False,0,regnetx_004.pycls_in1k,stanford_cars,TRADES_v2,fully convolutional,full_fine_tuning_50epochs
74,0.00012164941464151844,0.003995972283135062,1.0010539860510488e-06,1.6193110912440726e-05,False,0,efficientnet-b0,stanford_cars,TRADES_v2,fully convolutional,full_fine_tuning_50epochs
75,0.00012164941464151844,0.003995972283135062,1.0010539860510488e-06,1.6193110912440726e-05,False,0,deit_tiny_patch16_224.fb_in1k,stanford_cars,TRADES_v2,fully attention,full_fine_tuning_50epochs
76,0.00012164941464151844,0.003995972283135062,1.0010539860510488e-06,1.6193110912440726e-05,False,0,mobilevit-small,stanford_cars,TRADES_v2,hybrid,full_fine_tuning_50epochs
77,0.00012164941464151844,0.003995972283135062,1.0010539860510488e-06,1.6193110912440726e-05,False,0,mobilenetv3_large_100.ra_in1k,stanford_cars,TRADES_v2,fully convolutional,full_fine_tuning_50epochs
78,0.00012164941464151844,0.003995972283135062,1.0010539860510488e-06,1.6193110912440726e-05,False,0,edgenext_small.usi_in1k,stanford_cars,TRADES_v2,fully convolutional,full_fine_tuning_50epochs
79,0.00012164941464151844,0.003995972283135062,1.0010539860510488e-06,1.6193110912440726e-05,False,0,coat_tiny.in1k,stanford_cars,TRADES_v2,hybrid,full_fine_tuning_50epochs
80,0.00012164941464151844,0.003995972283135062,1.0010539860510488e-06,1.6193110912440726e-05,False,2,CLIP-convnext_base_w-laion_aesthetic-s13B-b82K,caltech101,TRADES_v2,fully convolutional,full_fine_tuning_50epochs
81,0.00012164941464151844,0.003995972283135062,1.0010539860510488e-06,1.6193110912440726e-05,False,2,CLIP-convnext_base_w-laion2B-s13B-b82K,caltech101,TRADES_v2,fully convolutional,full_fine_tuning_50epochs
82,0.00012164941464151844,0.003995972283135062,1.0010539860510488e-06,1.6193110912440726e-05,False,1,deit_small_patch16_224.fb_in1k,caltech101,TRADES_v2,fully attention,full_fine_tuning_50epochs
83,3.690803219673014e-05,0.0028947634357865313,0.0032029975700290426,0.00378814552109712,True,1,robust_resnet50,caltech101,TRADES_v2,fully convolutional,full_fine_tuning_50epochs
84,1.4820285018742478e-06,0.0013187119216379328,0.000439079257324,1.5630799020950923e-05,True,1,vit_small_patch16_224.augreg_in21k,caltech101,TRADES_v2,fully attention,full_fine_tuning_50epochs
85,0.00012164941464151844,0.003995972283135062,1.0010539860510488e-06,1.6193110912440726e-05,False,2,convnext_base.fb_in1k,caltech101,TRADES_v2,fully convolutional,full_fine_tuning_50epochs
86,0.00012164941464151844,0.003995972283135062,1.0010539860510488e-06,1.6193110912440726e-05,False,1,resnet50.a1_in1k,caltech101,TRADES_v2,fully convolutional,full_fine_tuning_50epochs
87,0.00012164941464151844,0.003995972283135062,1.0010539860510488e-06,1.6193110912440726e-05,False,2,robust_vit_base_patch16_224,caltech101,TRADES_v2,fully attention,full_fine_tuning_50epochs
88,0.00012164941464151844,0.003995972283135062,1.0010539860510488e-06,1.6193110912440726e-05,False,2,vit_base_patch16_224.mae,caltech101,TRADES_v2,fully attention,full_fine_tuning_50epochs
89,0.00012164941464151844,0.003995972283135062,1.0010539860510488e-06,1.6193110912440726e-05,False,1,vit_small_patch16_224.dino,caltech101,TRADES_v2,fully attention,full_fine_tuning_50epochs
90,0.00012164941464151844,0.003995972283135062,1.0010539860510488e-06,1.6193110912440726e-05,False,2,convnext_base.fb_in22k,caltech101,TRADES_v2,fully convolutional,full_fine_tuning_50epochs
91,0.00012164941464151844,0.003995972283135062,1.0010539860510488e-06,1.6193110912440726e-05,False,2,robust_convnext_base,caltech101,TRADES_v2,fully convolutional,full_fine_tuning_50epochs
92,0.00012164941464151844,0.003995972283135062,1.0010539860510488e-06,1.6193110912440726e-05,False,2,vit_base_patch16_224.augreg_in1k,caltech101,TRADES_v2,fully attention,full_fine_tuning_50epochs
93,0.00012164941464151844,0.003995972283135062,1.0010539860510488e-06,1.6193110912440726e-05,False,2,vit_base_patch16_224.augreg_in21k,caltech101,TRADES_v2,fully attention,full_fine_tuning_50epochs
94,0.00012164941464151844,0.003995972283135062,1.0010539860510488e-06,1.6193110912440726e-05,False,2,vit_base_patch16_clip_224.laion2b,caltech101,TRADES_v2,fully attention,full_fine_tuning_50epochs
95,0.00012164941464151844,0.003995972283135062,1.0010539860510488e-06,1.6193110912440726e-05,False,1,convnext_tiny.fb_in1k,caltech101,TRADES_v2,fully convolutional,full_fine_tuning_50epochs
96,3.690803219673014e-05,0.0028947634357865313,0.0032029975700290426,0.00378814552109712,True,1,robust_convnext_tiny,caltech101,TRADES_v2,fully convolutional,full_fine_tuning_50epochs
97,0.0003477264188160535,1.1036758972640384e-05,1.57476944267626e-06,0.00011897275088709404,False,1,robust_deit_small_patch16_224,caltech101,TRADES_v2,fully attention,full_fine_tuning_50epochs
98,9.613989345165609e-05,8.700690210600536e-05,0.00047751184301655973,0.0055227614309091245,True,1,vit_small_patch16_224.augreg_in1k,caltech101,TRADES_v2,fully attention,full_fine_tuning_50epochs
99,9.613989345165609e-05,8.700690210600536e-05,0.00047751184301655973,0.0055227614309091245,True,1,convnext_tiny.fb_in22k,caltech101,TRADES_v2,fully convolutional,full_fine_tuning_50epochs
100,0.00012164941464151844,0.003995972283135062,1.0010539860510488e-06,1.6193110912440726e-05,False,2,vit_base_patch16_clip_224.laion2b_ft_in1k,caltech101,TRADES_v2,fully attention,full_fine_tuning_50epochs
101,0.00012164941464151844,0.003995972283135062,1.0010539860510488e-06,1.6193110912440726e-05,False,2,vit_base_patch16_224.augreg_in21k_ft_in1k,caltech101,TRADES_v2,fully attention,full_fine_tuning_50epochs
102,0.00019320752621429857,0.00014239437572248639,0.005708357416333576,0.001298843859025954,False,1,vit_small_patch16_224.augreg_in21k_ft_in1k,caltech101,TRADES_v2,fully attention,full_fine_tuning_50epochs
103,0.00012164941464151844,0.003995972283135062,1.0010539860510488e-06,1.6193110912440726e-05,False,2,eva02_base_patch14_224.mim_in22k,caltech101,TRADES_v2,fully attention,full_fine_tuning_50epochs
104,0.00019320752621429857,0.00014239437572248639,0.005708357416333576,0.001298843859025954,False,1,eva02_tiny_patch14_224.mim_in22k,caltech101,TRADES_v2,fully attention,full_fine_tuning_50epochs
105,0.00012164941464151844,0.003995972283135062,1.0010539860510488e-06,1.6193110912440726e-05,False,2,swin_base_patch4_window7_224.ms_in22k_ft_in1k,caltech101,TRADES_v2,fully attention,full_fine_tuning_50epochs
106,0.00012164941464151844,0.003995972283135062,1.0010539860510488e-06,1.6193110912440726e-05,False,1,swin_tiny_patch4_window7_224.ms_in1k,caltech101,TRADES_v2,fully attention,full_fine_tuning_50epochs
107,0.00012164941464151844,0.003995972283135062,1.0010539860510488e-06,1.6193110912440726e-05,False,2,convnext_base.clip_laion2b_augreg_ft_in12k_in1k,caltech101,TRADES_v2,fully convolutional,full_fine_tuning_50epochs
108,0.00012164941464151844,0.003995972283135062,1.0010539860510488e-06,1.6193110912440726e-05,False,2,convnext_base.fb_in22k_ft_in1k,caltech101,TRADES_v2,fully convolutional,full_fine_tuning_50epochs
109,0.00042072361008387834,2.618876524868541e-06,0.0046499184692037525,0.004383222605120044,True,1,convnext_tiny.fb_in22k_ft_in1k,caltech101,TRADES_v2,fully convolutional,full_fine_tuning_50epochs
110,0.00012164941464151844,0.003995972283135062,1.0010539860510488e-06,1.6193110912440726e-05,False,1,coatnet_0_rw_224.sw_in1k,caltech101,TRADES_v2,hybrid,full_fine_tuning_50epochs
111,0.00012164941464151844,0.003995972283135062,1.0010539860510488e-06,1.6193110912440726e-05,False,2,coatnet_2_rw_224.sw_in12k_ft_in1k,caltech101,TRADES_v2,hybrid,full_fine_tuning_50epochs
112,0.00012164941464151844,0.003995972283135062,1.0010539860510488e-06,1.6193110912440726e-05,False,2,coatnet_2_rw_224.sw_in12k,caltech101,TRADES_v2,hybrid,full_fine_tuning_50epochs
113,0.00012164941464151844,0.003995972283135062,1.0010539860510488e-06,1.6193110912440726e-05,False,0,regnetx_004.pycls_in1k,caltech101,TRADES_v2,fully convolutional,full_fine_tuning_50epochs
114,0.00012164941464151844,0.003995972283135062,1.0010539860510488e-06,1.6193110912440726e-05,False,0,efficientnet-b0,caltech101,TRADES_v2,fully convolutional,full_fine_tuning_50epochs
115,0.00012164941464151844,0.003995972283135062,1.0010539860510488e-06,1.6193110912440726e-05,False,0,deit_tiny_patch16_224.fb_in1k,caltech101,TRADES_v2,fully attention,full_fine_tuning_50epochs
116,0.00012164941464151844,0.003995972283135062,1.0010539860510488e-06,1.6193110912440726e-05,False,0,mobilevit-small,caltech101,TRADES_v2,hybrid,full_fine_tuning_50epochs
117,0.00012164941464151844,0.003995972283135062,1.0010539860510488e-06,1.6193110912440726e-05,False,0,mobilenetv3_large_100.ra_in1k,caltech101,TRADES_v2,fully convolutional,full_fine_tuning_50epochs
118,0.00012164941464151844,0.003995972283135062,1.0010539860510488e-06,1.6193110912440726e-05,False,0,edgenext_small.usi_in1k,caltech101,TRADES_v2,fully convolutional,full_fine_tuning_50epochs
119,0.00012164941464151844,0.003995972283135062,1.0010539860510488e-06,1.6193110912440726e-05,False,0,coat_tiny.in1k,caltech101,TRADES_v2,hybrid,full_fine_tuning_50epochs
120,0.00012164941464151844,0.003995972283135062,1.0010539860510488e-06,1.6193110912440726e-05,False,2,CLIP-convnext_base_w-laion_aesthetic-s13B-b82K,fgvc-aircraft-2013b,TRADES_v2,fully convolutional,full_fine_tuning_50epochs
121,0.00012164941464151844,0.003995972283135062,1.0010539860510488e-06,1.6193110912440726e-05,False,2,CLIP-convnext_base_w-laion2B-s13B-b82K,fgvc-aircraft-2013b,TRADES_v2,fully convolutional,full_fine_tuning_50epochs
122,0.0026674574591455755,1.0525948689799705e-05,0.0032543911150884836,1.2869165107815028e-06,True,1,deit_small_patch16_224.fb_in1k,fgvc-aircraft-2013b,TRADES_v2,fully attention,full_fine_tuning_50epochs
123,0.00012164941464151844,0.003995972283135062,1.0010539860510488e-06,1.6193110912440726e-05,False,1,robust_resnet50,fgvc-aircraft-2013b,TRADES_v2,fully convolutional,full_fine_tuning_50epochs
124,0.00012164941464151844,0.003995972283135062,1.0010539860510488e-06,1.6193110912440726e-05,False,1,vit_small_patch16_224.augreg_in21k,fgvc-aircraft-2013b,TRADES_v2,fully attention,full_fine_tuning_50epochs
125,0.00012164941464151844,0.003995972283135062,1.0010539860510488e-06,1.6193110912440726e-05,False,2,convnext_base.fb_in1k,fgvc-aircraft-2013b,TRADES_v2,fully convolutional,full_fine_tuning_50epochs
126,0.00012164941464151844,0.003995972283135062,1.0010539860510488e-06,1.6193110912440726e-05,False,1,resnet50.a1_in1k,fgvc-aircraft-2013b,TRADES_v2,fully convolutional,full_fine_tuning_50epochs
127,0.00012164941464151844,0.003995972283135062,1.0010539860510488e-06,1.6193110912440726e-05,False,2,robust_vit_base_patch16_224,fgvc-aircraft-2013b,TRADES_v2,fully attention,full_fine_tuning_50epochs
128,0.00012164941464151844,0.003995972283135062,1.0010539860510488e-06,1.6193110912440726e-05,False,2,vit_base_patch16_224.mae,fgvc-aircraft-2013b,TRADES_v2,fully attention,full_fine_tuning_50epochs
129,0.00019320752621429857,0.00014239437572248639,0.005708357416333576,0.001298843859025954,False,1,vit_small_patch16_224.dino,fgvc-aircraft-2013b,TRADES_v2,fully attention,full_fine_tuning_50epochs
130,0.00012164941464151844,0.003995972283135062,1.0010539860510488e-06,1.6193110912440726e-05,False,2,convnext_base.fb_in22k,fgvc-aircraft-2013b,TRADES_v2,fully convolutional,full_fine_tuning_50epochs
131,0.00012164941464151844,0.003995972283135062,1.0010539860510488e-06,1.6193110912440726e-05,False,2,robust_convnext_base,fgvc-aircraft-2013b,TRADES_v2,fully convolutional,full_fine_tuning_50epochs
132,0.00012164941464151844,0.003995972283135062,1.0010539860510488e-06,1.6193110912440726e-05,False,2,vit_base_patch16_224.augreg_in1k,fgvc-aircraft-2013b,TRADES_v2,fully attention,full_fine_tuning_50epochs
133,0.00012164941464151844,0.003995972283135062,1.0010539860510488e-06,1.6193110912440726e-05,False,2,vit_base_patch16_224.augreg_in21k,fgvc-aircraft-2013b,TRADES_v2,fully attention,full_fine_tuning_50epochs
134,0.00012164941464151844,0.003995972283135062,1.0010539860510488e-06,1.6193110912440726e-05,False,2,vit_base_patch16_clip_224.laion2b,fgvc-aircraft-2013b,TRADES_v2,fully attention,full_fine_tuning_50epochs
135,0.00012164941464151844,0.003995972283135062,1.0010539860510488e-06,1.6193110912440726e-05,False,1,convnext_tiny.fb_in1k,fgvc-aircraft-2013b,TRADES_v2,fully convolutional,full_fine_tuning_50epochs
136,3.281935434200338e-06,0.00017356718938172,0.004309054751874309,1.4943646773788343e-05,False,1,robust_convnext_tiny,fgvc-aircraft-2013b,TRADES_v2,fully convolutional,full_fine_tuning_50epochs
137,0.0003477264188160535,1.1036758972640384e-05,1.57476944267626e-06,0.00011897275088709404,False,1,robust_deit_small_patch16_224,fgvc-aircraft-2013b,TRADES_v2,fully attention,full_fine_tuning_50epochs
138,0.0026674574591455755,1.0525948689799705e-05,0.0032543911150884836,1.2869165107815028e-06,True,1,vit_small_patch16_224.augreg_in1k,fgvc-aircraft-2013b,TRADES_v2,fully attention,full_fine_tuning_50epochs
139,0.00012164941464151844,0.003995972283135062,1.0010539860510488e-06,1.6193110912440726e-05,False,1,convnext_tiny.fb_in22k,fgvc-aircraft-2013b,TRADES_v2,fully convolutional,full_fine_tuning_50epochs
140,0.00012164941464151844,0.003995972283135062,1.0010539860510488e-06,1.6193110912440726e-05,False,2,vit_base_patch16_clip_224.laion2b_ft_in1k,fgvc-aircraft-2013b,TRADES_v2,fully attention,full_fine_tuning_50epochs
141,0.00012164941464151844,0.003995972283135062,1.0010539860510488e-06,1.6193110912440726e-05,False,2,vit_base_patch16_224.augreg_in21k_ft_in1k,fgvc-aircraft-2013b,TRADES_v2,fully attention,full_fine_tuning_50epochs
142,0.00012164941464151844,0.003995972283135062,1.0010539860510488e-06,1.6193110912440726e-05,False,1,vit_small_patch16_224.augreg_in21k_ft_in1k,fgvc-aircraft-2013b,TRADES_v2,fully attention,full_fine_tuning_50epochs
143,0.00012164941464151844,0.003995972283135062,1.0010539860510488e-06,1.6193110912440726e-05,False,2,eva02_base_patch14_224.mim_in22k,fgvc-aircraft-2013b,TRADES_v2,fully attention,full_fine_tuning_50epochs
144,0.00012164941464151844,0.003995972283135062,1.0010539860510488e-06,1.6193110912440726e-05,False,1,eva02_tiny_patch14_224.mim_in22k,fgvc-aircraft-2013b,TRADES_v2,fully attention,full_fine_tuning_50epochs
145,0.00012164941464151844,0.003995972283135062,1.0010539860510488e-06,1.6193110912440726e-05,False,2,swin_base_patch4_window7_224.ms_in22k_ft_in1k,fgvc-aircraft-2013b,TRADES_v2,fully attention,full_fine_tuning_50epochs
146,0.00012164941464151844,0.003995972283135062,1.0010539860510488e-06,1.6193110912440726e-05,False,1,swin_tiny_patch4_window7_224.ms_in1k,fgvc-aircraft-2013b,TRADES_v2,fully attention,full_fine_tuning_50epochs
147,0.00012164941464151844,0.003995972283135062,1.0010539860510488e-06,1.6193110912440726e-05,False,2,convnext_base.clip_laion2b_augreg_ft_in12k_in1k,fgvc-aircraft-2013b,TRADES_v2,fully convolutional,full_fine_tuning_50epochs
148,0.00012164941464151844,0.003995972283135062,1.0010539860510488e-06,1.6193110912440726e-05,False,2,convnext_base.fb_in22k_ft_in1k,fgvc-aircraft-2013b,TRADES_v2,fully convolutional,full_fine_tuning_50epochs
149,9.613989345165609e-05,8.700690210600536e-05,0.00047751184301655973,0.0055227614309091245,True,1,convnext_tiny.fb_in22k_ft_in1k,fgvc-aircraft-2013b,TRADES_v2,fully convolutional,full_fine_tuning_50epochs
150,0.00012164941464151844,0.003995972283135062,1.0010539860510488e-06,1.6193110912440726e-05,False,1,coatnet_0_rw_224.sw_in1k,fgvc-aircraft-2013b,TRADES_v2,hybrid,full_fine_tuning_50epochs
151,0.00012164941464151844,0.003995972283135062,1.0010539860510488e-06,1.6193110912440726e-05,False,2,coatnet_2_rw_224.sw_in12k_ft_in1k,fgvc-aircraft-2013b,TRADES_v2,hybrid,full_fine_tuning_50epochs
152,0.00012164941464151844,0.003995972283135062,1.0010539860510488e-06,1.6193110912440726e-05,False,2,coatnet_2_rw_224.sw_in12k,fgvc-aircraft-2013b,TRADES_v2,hybrid,full_fine_tuning_50epochs
153,0.00012164941464151844,0.003995972283135062,1.0010539860510488e-06,1.6193110912440726e-05,False,0,regnetx_004.pycls_in1k,fgvc-aircraft-2013b,TRADES_v2,fully convolutional,full_fine_tuning_50epochs
154,0.00012164941464151844,0.003995972283135062,1.0010539860510488e-06,1.6193110912440726e-05,False,0,efficientnet-b0,fgvc-aircraft-2013b,TRADES_v2,fully convolutional,full_fine_tuning_50epochs
155,0.00012164941464151844,0.003995972283135062,1.0010539860510488e-06,1.6193110912440726e-05,False,0,deit_tiny_patch16_224.fb_in1k,fgvc-aircraft-2013b,TRADES_v2,fully attention,full_fine_tuning_50epochs
156,0.00012164941464151844,0.003995972283135062,1.0010539860510488e-06,1.6193110912440726e-05,False,0,mobilevit-small,fgvc-aircraft-2013b,TRADES_v2,hybrid,full_fine_tuning_50epochs
157,0.00012164941464151844,0.003995972283135062,1.0010539860510488e-06,1.6193110912440726e-05,False,0,mobilenetv3_large_100.ra_in1k,fgvc-aircraft-2013b,TRADES_v2,fully convolutional,full_fine_tuning_50epochs
158,0.00012164941464151844,0.003995972283135062,1.0010539860510488e-06,1.6193110912440726e-05,False,0,edgenext_small.usi_in1k,fgvc-aircraft-2013b,TRADES_v2,fully convolutional,full_fine_tuning_50epochs
159,0.00012164941464151844,0.003995972283135062,1.0010539860510488e-06,1.6193110912440726e-05,False,0,coat_tiny.in1k,fgvc-aircraft-2013b,TRADES_v2,hybrid,full_fine_tuning_50epochs
160,0.00019320752621429857,0.00014239437572248639,0.005708357416333576,0.001298843859025954,False,2,CLIP-convnext_base_w-laion_aesthetic-s13B-b82K,flowers-102,TRADES_v2,fully convolutional,full_fine_tuning_50epochs
161,0.00019320752621429857,0.00014239437572248639,0.005708357416333576,0.001298843859025954,False,2,CLIP-convnext_base_w-laion2B-s13B-b82K,flowers-102,TRADES_v2,fully convolutional,full_fine_tuning_50epochs
162,2.999827229672451e-06,6.471836718439119e-06,2.6659667002898226e-05,2.405643357505913e-06,False,1,deit_small_patch16_224.fb_in1k,flowers-102,TRADES_v2,fully attention,full_fine_tuning_50epochs
163,0.0006384855843742663,1.2394712193688833e-06,0.0015941555325149704,8.548641316667401e-06,False,1,robust_resnet50,flowers-102,TRADES_v2,fully convolutional,full_fine_tuning_50epochs
164,1.4820285018742478e-06,0.0013187119216379328,0.000439079257324,1.5630799020950923e-05,True,1,vit_small_patch16_224.augreg_in21k,flowers-102,TRADES_v2,fully attention,full_fine_tuning_50epochs
165,0.00012164941464151844,0.003995972283135062,1.0010539860510488e-06,1.6193110912440726e-05,False,2,convnext_base.fb_in1k,flowers-102,TRADES_v2,fully convolutional,full_fine_tuning_50epochs
166,0.00012164941464151844,0.003995972283135062,1.0010539860510488e-06,1.6193110912440726e-05,False,1,resnet50.a1_in1k,flowers-102,TRADES_v2,fully convolutional,full_fine_tuning_50epochs
167,3.690803219673014e-05,0.0028947634357865313,0.0032029975700290426,0.00378814552109712,True,2,robust_vit_base_patch16_224,flowers-102,TRADES_v2,fully attention,full_fine_tuning_50epochs
168,0.0020759050676584984,0.0012837445150817967,2.8772916926549787e-06,0.00627996227467897,True,2,vit_base_patch16_224.mae,flowers-102,TRADES_v2,fully attention,full_fine_tuning_50epochs
169,1.305700750482687e-06,0.00045534495899757606,3.3172551970349164e-06,0.00017613100927540168,True,1,vit_small_patch16_224.dino,flowers-102,TRADES_v2,fully attention,full_fine_tuning_50epochs
170,0.00012164941464151844,0.003995972283135062,1.0010539860510488e-06,1.6193110912440726e-05,False,2,convnext_base.fb_in22k,flowers-102,TRADES_v2,fully convolutional,full_fine_tuning_50epochs
171,9.613989345165609e-05,8.700690210600536e-05,0.00047751184301655973,0.0055227614309091245,True,2,robust_convnext_base,flowers-102,TRADES_v2,fully convolutional,full_fine_tuning_50epochs
172,0.0004647746719721332,0.05619409646508126,9.380767542427003e-05,0.00014534564894374584,False,2,vit_base_patch16_224.augreg_in1k,flowers-102,TRADES_v2,fully attention,full_fine_tuning_50epochs
173,3.690803219673014e-05,0.0028947634357865313,0.0032029975700290426,0.00378814552109712,True,2,vit_base_patch16_224.augreg_in21k,flowers-102,TRADES_v2,fully attention,full_fine_tuning_50epochs
174,5.4806150470064783e-05,0.0056762369400532595,0.000801663187901747,0.003413692239351968,False,2,vit_base_patch16_clip_224.laion2b,flowers-102,TRADES_v2,fully attention,full_fine_tuning_50epochs
175,5.884308640023027e-05,0.006548853324297538,2.667637993848853e-05,0.0010260142974876122,True,1,convnext_tiny.fb_in1k,flowers-102,TRADES_v2,fully convolutional,full_fine_tuning_50epochs
176,0.0004632617302122406,0.0028799541239828896,1.8283634209844514e-05,0.0005571905096939264,True,1,robust_convnext_tiny,flowers-102,TRADES_v2,fully convolutional,full_fine_tuning_50epochs
177,0.00013631672021124973,0.00574598977527121,5.143402722025206e-05,5.1704652145483847e-05,False,1,robust_deit_small_patch16_224,flowers-102,TRADES_v2,fully attention,full_fine_tuning_50epochs
178,2.3187283452990446e-05,1.977953176726232e-06,0.00048096354537337677,0.0002356470857433856,True,1,vit_small_patch16_224.augreg_in1k,flowers-102,TRADES_v2,fully attention,full_fine_tuning_50epochs
179,0.00012164941464151844,0.003995972283135062,1.0010539860510488e-06,1.6193110912440726e-05,False,1,convnext_tiny.fb_in22k,flowers-102,TRADES_v2,fully convolutional,full_fine_tuning_50epochs
180,2.3187283452990446e-05,1.977953176726232e-06,0.00048096354537337677,0.0002356470857433856,True,2,vit_base_patch16_clip_224.laion2b_ft_in1k,flowers-102,TRADES_v2,fully attention,full_fine_tuning_50epochs
181,0.0004632617302122406,0.0028799541239828896,1.8283634209844514e-05,0.0005571905096939264,True,2,vit_base_patch16_224.augreg_in21k_ft_in1k,flowers-102,TRADES_v2,fully attention,full_fine_tuning_50epochs
182,0.00016000795944287312,0.00025199441402587333,2.153462115501369e-05,1.0855521867612999e-06,True,1,vit_small_patch16_224.augreg_in21k_ft_in1k,flowers-102,TRADES_v2,fully attention,full_fine_tuning_50epochs
183,0.00012164941464151844,0.003995972283135062,1.0010539860510488e-06,1.6193110912440726e-05,False,2,eva02_base_patch14_224.mim_in22k,flowers-102,TRADES_v2,fully attention,full_fine_tuning_50epochs
184,0.006652162523224,0.00021725181617391476,1.1912535422153591e-05,0.0021221220406342895,False,1,eva02_tiny_patch14_224.mim_in22k,flowers-102,TRADES_v2,fully attention,full_fine_tuning_50epochs
185,0.00012164941464151844,0.003995972283135062,1.0010539860510488e-06,1.6193110912440726e-05,False,2,swin_base_patch4_window7_224.ms_in22k_ft_in1k,flowers-102,TRADES_v2,fully attention,full_fine_tuning_50epochs
186,0.002084362379893362,0.00037535789963654304,0.006003147633638409,0.00022193212012672315,False,1,swin_tiny_patch4_window7_224.ms_in1k,flowers-102,TRADES_v2,fully attention,full_fine_tuning_50epochs
187,9.613989345165609e-05,8.700690210600536e-05,0.00047751184301655973,0.0055227614309091245,True,2,convnext_base.clip_laion2b_augreg_ft_in12k_in1k,flowers-102,TRADES_v2,fully convolutional,full_fine_tuning_50epochs
188,0.00012164941464151844,0.003995972283135062,1.0010539860510488e-06,1.6193110912440726e-05,False,2,convnext_base.fb_in22k_ft_in1k,flowers-102,TRADES_v2,fully convolutional,full_fine_tuning_50epochs
189,0.00012164941464151844,0.003995972283135062,1.0010539860510488e-06,1.6193110912440726e-05,False,1,convnext_tiny.fb_in22k_ft_in1k,flowers-102,TRADES_v2,fully convolutional,full_fine_tuning_50epochs
190,3.281935434200338e-06,0.00017356718938172,0.004309054751874309,1.4943646773788343e-05,False,1,coatnet_0_rw_224.sw_in1k,flowers-102,TRADES_v2,hybrid,full_fine_tuning_50epochs
191,0.00012164941464151844,0.003995972283135062,1.0010539860510488e-06,1.6193110912440726e-05,False,2,coatnet_2_rw_224.sw_in12k_ft_in1k,flowers-102,TRADES_v2,hybrid,full_fine_tuning_50epochs
192,0.00012164941464151844,0.003995972283135062,1.0010539860510488e-06,1.6193110912440726e-05,False,2,coatnet_2_rw_224.sw_in12k,flowers-102,TRADES_v2,hybrid,full_fine_tuning_50epochs
193,0.00012164941464151844,0.003995972283135062,1.0010539860510488e-06,1.6193110912440726e-05,False,0,regnetx_004.pycls_in1k,flowers-102,TRADES_v2,fully convolutional,full_fine_tuning_50epochs
194,0.00012164941464151844,0.003995972283135062,1.0010539860510488e-06,1.6193110912440726e-05,False,0,efficientnet-b0,flowers-102,TRADES_v2,fully convolutional,full_fine_tuning_50epochs
195,1.848471358009254e-06,0.0007423146427788864,3.862907418494318e-06,0.00022762614721505583,True,0,deit_tiny_patch16_224.fb_in1k,flowers-102,TRADES_v2,fully attention,full_fine_tuning_50epochs
196,0.00012164941464151844,0.003995972283135062,1.0010539860510488e-06,1.6193110912440726e-05,False,0,mobilevit-small,flowers-102,TRADES_v2,hybrid,full_fine_tuning_50epochs
197,0.00012164941464151844,0.003995972283135062,1.0010539860510488e-06,1.6193110912440726e-05,False,0,mobilenetv3_large_100.ra_in1k,flowers-102,TRADES_v2,fully convolutional,full_fine_tuning_50epochs
198,0.00019320752621429857,0.00014239437572248639,0.005708357416333576,0.001298843859025954,False,0,edgenext_small.usi_in1k,flowers-102,TRADES_v2,fully convolutional,full_fine_tuning_50epochs
199,0.00012164941464151844,0.003995972283135062,1.0010539860510488e-06,1.6193110912440726e-05,False,0,coat_tiny.in1k,flowers-102,TRADES_v2,hybrid,full_fine_tuning_50epochs
200,0.00012164941464151844,0.003995972283135062,1.0010539860510488e-06,1.6193110912440726e-05,False,2,CLIP-convnext_base_w-laion_aesthetic-s13B-b82K,oxford-iiit-pet,TRADES_v2,fully convolutional,full_fine_tuning_50epochs
201,0.00012164941464151844,0.003995972283135062,1.0010539860510488e-06,1.6193110912440726e-05,False,2,CLIP-convnext_base_w-laion2B-s13B-b82K,oxford-iiit-pet,TRADES_v2,fully convolutional,full_fine_tuning_50epochs
202,0.05118995452802043,7.92531319554213e-05,0.001126367974242319,0.001220056638076919,True,1,deit_small_patch16_224.fb_in1k,oxford-iiit-pet,TRADES_v2,fully attention,full_fine_tuning_50epochs
203,0.00042072361008387834,2.618876524868541e-06,0.0046499184692037525,0.004383222605120044,True,1,robust_resnet50,oxford-iiit-pet,TRADES_v2,fully convolutional,full_fine_tuning_50epochs
204,1.4820285018742478e-06,0.0013187119216379328,0.000439079257324,1.5630799020950923e-05,True,1,vit_small_patch16_224.augreg_in21k,oxford-iiit-pet,TRADES_v2,fully attention,full_fine_tuning_50epochs
205,0.00012164941464151844,0.003995972283135062,1.0010539860510488e-06,1.6193110912440726e-05,False,2,convnext_base.fb_in1k,oxford-iiit-pet,TRADES_v2,fully convolutional,full_fine_tuning_50epochs
206,0.00012164941464151844,0.003995972283135062,1.0010539860510488e-06,1.6193110912440726e-05,False,1,resnet50.a1_in1k,oxford-iiit-pet,TRADES_v2,fully convolutional,full_fine_tuning_50epochs
207,9.613989345165609e-05,8.700690210600536e-05,0.00047751184301655973,0.0055227614309091245,True,2,robust_vit_base_patch16_224,oxford-iiit-pet,TRADES_v2,fully attention,full_fine_tuning_50epochs
208,0.00012164941464151844,0.003995972283135062,1.0010539860510488e-06,1.6193110912440726e-05,False,2,vit_base_patch16_224.mae,oxford-iiit-pet,TRADES_v2,fully attention,full_fine_tuning_50epochs
209,0.006652162523224,0.00021725181617391476,1.1912535422153591e-05,0.0021221220406342895,False,1,vit_small_patch16_224.dino,oxford-iiit-pet,TRADES_v2,fully attention,full_fine_tuning_50epochs
210,0.00012164941464151844,0.003995972283135062,1.0010539860510488e-06,1.6193110912440726e-05,False,2,convnext_base.fb_in22k,oxford-iiit-pet,TRADES_v2,fully convolutional,full_fine_tuning_50epochs
211,0.00012164941464151844,0.003995972283135062,1.0010539860510488e-06,1.6193110912440726e-05,False,2,robust_convnext_base,oxford-iiit-pet,TRADES_v2,fully convolutional,full_fine_tuning_50epochs
212,0.00012164941464151844,0.003995972283135062,1.0010539860510488e-06,1.6193110912440726e-05,False,2,vit_base_patch16_224.augreg_in1k,oxford-iiit-pet,TRADES_v2,fully attention,full_fine_tuning_50epochs
213,0.00012164941464151844,0.003995972283135062,1.0010539860510488e-06,1.6193110912440726e-05,False,2,vit_base_patch16_224.augreg_in21k,oxford-iiit-pet,TRADES_v2,fully attention,full_fine_tuning_50epochs
214,9.613989345165609e-05,8.700690210600536e-05,0.00047751184301655973,0.0055227614309091245,True,2,vit_base_patch16_clip_224.laion2b,oxford-iiit-pet,TRADES_v2,fully attention,full_fine_tuning_50epochs
215,0.00012164941464151844,0.003995972283135062,1.0010539860510488e-06,1.6193110912440726e-05,False,1,convnext_tiny.fb_in1k,oxford-iiit-pet,TRADES_v2,fully convolutional,full_fine_tuning_50epochs
216,0.00019320752621429857,0.00014239437572248639,0.005708357416333576,0.001298843859025954,False,1,robust_convnext_tiny,oxford-iiit-pet,TRADES_v2,fully convolutional,full_fine_tuning_50epochs
217,0.00042072361008387834,2.618876524868541e-06,0.0046499184692037525,0.004383222605120044,True,1,robust_deit_small_patch16_224,oxford-iiit-pet,TRADES_v2,fully attention,full_fine_tuning_50epochs
218,0.00012164941464151844,0.003995972283135062,1.0010539860510488e-06,1.6193110912440726e-05,False,1,vit_small_patch16_224.augreg_in1k,oxford-iiit-pet,TRADES_v2,fully attention,full_fine_tuning_50epochs
219,0.00012164941464151844,0.003995972283135062,1.0010539860510488e-06,1.6193110912440726e-05,False,1,convnext_tiny.fb_in22k,oxford-iiit-pet,TRADES_v2,fully convolutional,full_fine_tuning_50epochs
220,0.00019320752621429857,0.00014239437572248639,0.005708357416333576,0.001298843859025954,False,2,vit_base_patch16_clip_224.laion2b_ft_in1k,oxford-iiit-pet,TRADES_v2,fully attention,full_fine_tuning_50epochs
221,0.00012164941464151844,0.003995972283135062,1.0010539860510488e-06,1.6193110912440726e-05,False,2,vit_base_patch16_224.augreg_in21k_ft_in1k,oxford-iiit-pet,TRADES_v2,fully attention,full_fine_tuning_50epochs
222,2.3187283452990446e-05,1.977953176726232e-06,0.00048096354537337677,0.0002356470857433856,True,1,vit_small_patch16_224.augreg_in21k_ft_in1k,oxford-iiit-pet,TRADES_v2,fully attention,full_fine_tuning_50epochs
223,0.00012164941464151844,0.003995972283135062,1.0010539860510488e-06,1.6193110912440726e-05,False,2,eva02_base_patch14_224.mim_in22k,oxford-iiit-pet,TRADES_v2,fully attention,full_fine_tuning_50epochs
224,0.00012164941464151844,0.003995972283135062,1.0010539860510488e-06,1.6193110912440726e-05,False,1,eva02_tiny_patch14_224.mim_in22k,oxford-iiit-pet,TRADES_v2,fully attention,full_fine_tuning_50epochs
225,0.00012164941464151844,0.003995972283135062,1.0010539860510488e-06,1.6193110912440726e-05,False,2,swin_base_patch4_window7_224.ms_in22k_ft_in1k,oxford-iiit-pet,TRADES_v2,fully attention,full_fine_tuning_50epochs
226,0.00012164941464151844,0.003995972283135062,1.0010539860510488e-06,1.6193110912440726e-05,False,1,swin_tiny_patch4_window7_224.ms_in1k,oxford-iiit-pet,TRADES_v2,fully attention,full_fine_tuning_50epochs
227,0.00012164941464151844,0.003995972283135062,1.0010539860510488e-06,1.6193110912440726e-05,False,2,convnext_base.clip_laion2b_augreg_ft_in12k_in1k,oxford-iiit-pet,TRADES_v2,fully convolutional,full_fine_tuning_50epochs
228,0.00012164941464151844,0.003995972283135062,1.0010539860510488e-06,1.6193110912440726e-05,False,2,convnext_base.fb_in22k_ft_in1k,oxford-iiit-pet,TRADES_v2,fully convolutional,full_fine_tuning_50epochs
229,0.0026674574591455755,1.0525948689799705e-05,0.0032543911150884836,1.2869165107815028e-06,True,1,convnext_tiny.fb_in22k_ft_in1k,oxford-iiit-pet,TRADES_v2,fully convolutional,full_fine_tuning_50epochs
230,0.00012164941464151844,0.003995972283135062,1.0010539860510488e-06,1.6193110912440726e-05,False,1,coatnet_0_rw_224.sw_in1k,oxford-iiit-pet,TRADES_v2,hybrid,full_fine_tuning_50epochs
231,0.00012164941464151844,0.003995972283135062,1.0010539860510488e-06,1.6193110912440726e-05,False,2,coatnet_2_rw_224.sw_in12k_ft_in1k,oxford-iiit-pet,TRADES_v2,hybrid,full_fine_tuning_50epochs
232,0.00012164941464151844,0.003995972283135062,1.0010539860510488e-06,1.6193110912440726e-05,False,2,coatnet_2_rw_224.sw_in12k,oxford-iiit-pet,TRADES_v2,hybrid,full_fine_tuning_50epochs
233,0.00012164941464151844,0.003995972283135062,1.0010539860510488e-06,1.6193110912440726e-05,False,0,regnetx_004.pycls_in1k,oxford-iiit-pet,TRADES_v2,fully convolutional,full_fine_tuning_50epochs
234,0.00012164941464151844,0.003995972283135062,1.0010539860510488e-06,1.6193110912440726e-05,False,0,efficientnet-b0,oxford-iiit-pet,TRADES_v2,fully convolutional,full_fine_tuning_50epochs
235,0.00012164941464151844,0.003995972283135062,1.0010539860510488e-06,1.6193110912440726e-05,False,0,deit_tiny_patch16_224.fb_in1k,oxford-iiit-pet,TRADES_v2,fully attention,full_fine_tuning_50epochs
236,0.00012164941464151844,0.003995972283135062,1.0010539860510488e-06,1.6193110912440726e-05,False,0,mobilevit-small,oxford-iiit-pet,TRADES_v2,hybrid,full_fine_tuning_50epochs
237,0.00012164941464151844,0.003995972283135062,1.0010539860510488e-06,1.6193110912440726e-05,False,0,mobilenetv3_large_100.ra_in1k,oxford-iiit-pet,TRADES_v2,fully convolutional,full_fine_tuning_50epochs
238,0.00012164941464151844,0.003995972283135062,1.0010539860510488e-06,1.6193110912440726e-05,False,0,edgenext_small.usi_in1k,oxford-iiit-pet,TRADES_v2,fully convolutional,full_fine_tuning_50epochs
239,0.00012164941464151844,0.003995972283135062,1.0010539860510488e-06,1.6193110912440726e-05,False,0,coat_tiny.in1k,oxford-iiit-pet,TRADES_v2,hybrid,full_fine_tuning_50epochs
240,0.00012164941464151844,0.003995972283135062,1.0010539860510488e-06,1.6193110912440726e-05,False,2,CLIP-convnext_base_w-laion_aesthetic-s13B-b82K,uc-merced-land-use-dataset,CLASSIC_AT,fully convolutional,full_fine_tuning_50epochs
241,0.00012164941464151844,0.003995972283135062,1.0010539860510488e-06,1.6193110912440726e-05,False,2,CLIP-convnext_base_w-laion2B-s13B-b82K,uc-merced-land-use-dataset,CLASSIC_AT,fully convolutional,full_fine_tuning_50epochs
242,5.4806150470064783e-05,0.0056762369400532595,0.000801663187901747,0.003413692239351968,False,1,deit_small_patch16_224.fb_in1k,uc-merced-land-use-dataset,CLASSIC_AT,fully attention,full_fine_tuning_50epochs
243,0.005554460417578665,0.0015527214518386437,0.00024462971637205267,1.5202994648209329e-05,True,1,robust_resnet50,uc-merced-land-use-dataset,CLASSIC_AT,fully convolutional,full_fine_tuning_50epochs
244,0.000364303598731713,0.049480307149020256,1.3298296907035852e-06,0.000737080046427654,True,1,vit_small_patch16_224.augreg_in21k,uc-merced-land-use-dataset,CLASSIC_AT,fully attention,full_fine_tuning_50epochs
245,1.848471358009254e-06,0.0007423146427788864,3.862907418494318e-06,0.00022762614721505583,True,2,convnext_base.fb_in1k,uc-merced-land-use-dataset,CLASSIC_AT,fully convolutional,full_fine_tuning_50epochs
246,1.7723728228800273e-06,9.932908988118128e-05,0.00020305600918358904,0.0029516837540466026,False,1,resnet50.a1_in1k,uc-merced-land-use-dataset,CLASSIC_AT,fully convolutional,full_fine_tuning_50epochs
247,7.2728150208881555e-06,4.849296602698792e-06,0.005375041876450287,0.0006127349401923009,False,2,robust_vit_base_patch16_224,uc-merced-land-use-dataset,CLASSIC_AT,fully attention,full_fine_tuning_50epochs
248,0.0003477264188160535,1.1036758972640384e-05,1.57476944267626e-06,0.00011897275088709404,False,2,vit_base_patch16_224.mae,uc-merced-land-use-dataset,CLASSIC_AT,fully attention,full_fine_tuning_50epochs
249,0.00019320752621429857,0.00014239437572248639,0.005708357416333576,0.001298843859025954,False,1,vit_small_patch16_224.dino,uc-merced-land-use-dataset,CLASSIC_AT,fully attention,full_fine_tuning_50epochs
250,9.613989345165609e-05,8.700690210600536e-05,0.00047751184301655973,0.0055227614309091245,True,2,convnext_base.fb_in22k,uc-merced-land-use-dataset,CLASSIC_AT,fully convolutional,full_fine_tuning_50epochs
251,0.0026674574591455755,1.0525948689799705e-05,0.0032543911150884836,1.2869165107815028e-06,True,2,robust_convnext_base,uc-merced-land-use-dataset,CLASSIC_AT,fully convolutional,full_fine_tuning_50epochs
252,0.00019320752621429857,0.00014239437572248639,0.005708357416333576,0.001298843859025954,False,2,vit_base_patch16_224.augreg_in1k,uc-merced-land-use-dataset,CLASSIC_AT,fully attention,full_fine_tuning_50epochs
253,0.00012164941464151844,0.003995972283135062,1.0010539860510488e-06,1.6193110912440726e-05,False,2,vit_base_patch16_224.augreg_in21k,uc-merced-land-use-dataset,CLASSIC_AT,fully attention,full_fine_tuning_50epochs
254,3.690803219673014e-05,0.0028947634357865313,0.0032029975700290426,0.00378814552109712,True,2,vit_base_patch16_clip_224.laion2b,uc-merced-land-use-dataset,CLASSIC_AT,fully attention,full_fine_tuning_50epochs
255,0.00012164941464151844,0.003995972283135062,1.0010539860510488e-06,1.6193110912440726e-05,False,1,convnext_tiny.fb_in1k,uc-merced-land-use-dataset,CLASSIC_AT,fully convolutional,full_fine_tuning_50epochs
256,1.8265380461793793e-05,0.005237563126155606,6.049478317034524e-06,0.0002115610477060778,False,1,robust_convnext_tiny,uc-merced-land-use-dataset,CLASSIC_AT,fully convolutional,full_fine_tuning_50epochs
257,0.0003477264188160535,1.1036758972640384e-05,1.57476944267626e-06,0.00011897275088709404,False,1,robust_deit_small_patch16_224,uc-merced-land-use-dataset,CLASSIC_AT,fully attention,full_fine_tuning_50epochs
258,0.021008601838997464,4.1058680104523756e-05,0.00048212001694162833,6.36056573999679e-05,True,1,vit_small_patch16_224.augreg_in1k,uc-merced-land-use-dataset,CLASSIC_AT,fully attention,full_fine_tuning_50epochs
259,0.0004350841191394324,0.010251924992138665,0.00019496383939788994,0.0008561899014864636,True,1,convnext_tiny.fb_in22k,uc-merced-land-use-dataset,CLASSIC_AT,fully convolutional,full_fine_tuning_50epochs
260,3.281935434200338e-06,0.00017356718938172,0.004309054751874309,1.4943646773788343e-05,False,2,vit_base_patch16_clip_224.laion2b_ft_in1k,uc-merced-land-use-dataset,CLASSIC_AT,fully attention,full_fine_tuning_50epochs
261,0.0018690411295990668,4.455003448750706e-06,1.5046583533251499e-05,2.7749746347104038e-05,False,2,vit_base_patch16_224.augreg_in21k_ft_in1k,uc-merced-land-use-dataset,CLASSIC_AT,fully attention,full_fine_tuning_50epochs
262,0.002084362379893362,0.00037535789963654304,0.006003147633638409,0.00022193212012672315,False,1,vit_small_patch16_224.augreg_in21k_ft_in1k,uc-merced-land-use-dataset,CLASSIC_AT,fully attention,full_fine_tuning_50epochs
263,0.00012164941464151844,0.003995972283135062,1.0010539860510488e-06,1.6193110912440726e-05,False,2,eva02_base_patch14_224.mim_in22k,uc-merced-land-use-dataset,CLASSIC_AT,fully attention,full_fine_tuning_50epochs
264,0.00012164941464151844,0.003995972283135062,1.0010539860510488e-06,1.6193110912440726e-05,False,1,eva02_tiny_patch14_224.mim_in22k,uc-merced-land-use-dataset,CLASSIC_AT,fully attention,full_fine_tuning_50epochs
265,0.00012164941464151844,0.003995972283135062,1.0010539860510488e-06,1.6193110912440726e-05,False,2,swin_base_patch4_window7_224.ms_in22k_ft_in1k,uc-merced-land-use-dataset,CLASSIC_AT,fully attention,full_fine_tuning_50epochs
266,5.4806150470064783e-05,0.0056762369400532595,0.000801663187901747,0.003413692239351968,False,1,swin_tiny_patch4_window7_224.ms_in1k,uc-merced-land-use-dataset,CLASSIC_AT,fully attention,full_fine_tuning_50epochs
267,0.00012164941464151844,0.003995972283135062,1.0010539860510488e-06,1.6193110912440726e-05,False,2,convnext_base.clip_laion2b_augreg_ft_in12k_in1k,uc-merced-land-use-dataset,CLASSIC_AT,fully convolutional,full_fine_tuning_50epochs
268,0.00012164941464151844,0.003995972283135062,1.0010539860510488e-06,1.6193110912440726e-05,False,2,convnext_base.fb_in22k_ft_in1k,uc-merced-land-use-dataset,CLASSIC_AT,fully convolutional,full_fine_tuning_50epochs
269,0.00012164941464151844,0.003995972283135062,1.0010539860510488e-06,1.6193110912440726e-05,False,1,convnext_tiny.fb_in22k_ft_in1k,uc-merced-land-use-dataset,CLASSIC_AT,fully convolutional,full_fine_tuning_50epochs
270,0.0004561758150522565,3.521116041991218e-06,3.838229897022728e-06,0.00010843137252669625,True,1,coatnet_0_rw_224.sw_in1k,uc-merced-land-use-dataset,CLASSIC_AT,hybrid,full_fine_tuning_50epochs
271,0.00012164941464151844,0.003995972283135062,1.0010539860510488e-06,1.6193110912440726e-05,False,2,coatnet_2_rw_224.sw_in12k_ft_in1k,uc-merced-land-use-dataset,CLASSIC_AT,hybrid,full_fine_tuning_50epochs
272,0.00012164941464151844,0.003995972283135062,1.0010539860510488e-06,1.6193110912440726e-05,False,2,coatnet_2_rw_224.sw_in12k,uc-merced-land-use-dataset,CLASSIC_AT,hybrid,full_fine_tuning_50epochs
273,0.0029236541396874204,1.157612813535485e-06,6.889395808497781e-05,0.007002756882288199,False,0,regnetx_004.pycls_in1k,uc-merced-land-use-dataset,CLASSIC_AT,fully convolutional,full_fine_tuning_50epochs
274,0.00012164941464151844,0.003995972283135062,1.0010539860510488e-06,1.6193110912440726e-05,False,0,efficientnet-b0,uc-merced-land-use-dataset,CLASSIC_AT,fully convolutional,full_fine_tuning_50epochs
275,0.00012164941464151844,0.003995972283135062,1.0010539860510488e-06,1.6193110912440726e-05,False,0,deit_tiny_patch16_224.fb_in1k,uc-merced-land-use-dataset,CLASSIC_AT,fully attention,full_fine_tuning_50epochs
276,0.00012164941464151844,0.003995972283135062,1.0010539860510488e-06,1.6193110912440726e-05,False,0,mobilevit-small,uc-merced-land-use-dataset,CLASSIC_AT,hybrid,full_fine_tuning_50epochs
277,0.00012164941464151844,0.003995972283135062,1.0010539860510488e-06,1.6193110912440726e-05,False,0,mobilenetv3_large_100.ra_in1k,uc-merced-land-use-dataset,CLASSIC_AT,fully convolutional,full_fine_tuning_50epochs
278,0.00012164941464151844,0.003995972283135062,1.0010539860510488e-06,1.6193110912440726e-05,False,0,edgenext_small.usi_in1k,uc-merced-land-use-dataset,CLASSIC_AT,fully convolutional,full_fine_tuning_50epochs
279,0.00012164941464151844,0.003995972283135062,1.0010539860510488e-06,1.6193110912440726e-05,False,0,coat_tiny.in1k,uc-merced-land-use-dataset,CLASSIC_AT,hybrid,full_fine_tuning_50epochs
280,0.00012164941464151844,0.003995972283135062,1.0010539860510488e-06,1.6193110912440726e-05,False,2,CLIP-convnext_base_w-laion_aesthetic-s13B-b82K,stanford_cars,CLASSIC_AT,fully convolutional,full_fine_tuning_50epochs
281,0.00012164941464151844,0.003995972283135062,1.0010539860510488e-06,1.6193110912440726e-05,False,2,CLIP-convnext_base_w-laion2B-s13B-b82K,stanford_cars,CLASSIC_AT,fully convolutional,full_fine_tuning_50epochs
282,9.613989345165609e-05,8.700690210600536e-05,0.00047751184301655973,0.0055227614309091245,True,1,deit_small_patch16_224.fb_in1k,stanford_cars,CLASSIC_AT,fully attention,full_fine_tuning_50epochs
283,0.00019320752621429857,0.00014239437572248639,0.005708357416333576,0.001298843859025954,False,1,robust_resnet50,stanford_cars,CLASSIC_AT,fully convolutional,full_fine_tuning_50epochs
284,0.002084362379893362,0.00037535789963654304,0.006003147633638409,0.00022193212012672315,False,1,vit_small_patch16_224.augreg_in21k,stanford_cars,CLASSIC_AT,fully attention,full_fine_tuning_50epochs
285,0.00012164941464151844,0.003995972283135062,1.0010539860510488e-06,1.6193110912440726e-05,False,2,convnext_base.fb_in1k,stanford_cars,CLASSIC_AT,fully convolutional,full_fine_tuning_50epochs
286,0.00012164941464151844,0.003995972283135062,1.0010539860510488e-06,1.6193110912440726e-05,False,1,resnet50.a1_in1k,stanford_cars,CLASSIC_AT,fully convolutional,full_fine_tuning_50epochs
287,0.00012164941464151844,0.003995972283135062,1.0010539860510488e-06,1.6193110912440726e-05,False,2,robust_vit_base_patch16_224,stanford_cars,CLASSIC_AT,fully attention,full_fine_tuning_50epochs
288,0.00012164941464151844,0.003995972283135062,1.0010539860510488e-06,1.6193110912440726e-05,False,2,vit_base_patch16_224.mae,stanford_cars,CLASSIC_AT,fully attention,full_fine_tuning_50epochs
289,0.0026674574591455755,1.0525948689799705e-05,0.0032543911150884836,1.2869165107815028e-06,True,1,vit_small_patch16_224.dino,stanford_cars,CLASSIC_AT,fully attention,full_fine_tuning_50epochs
290,0.00012164941464151844,0.003995972283135062,1.0010539860510488e-06,1.6193110912440726e-05,False,2,convnext_base.fb_in22k,stanford_cars,CLASSIC_AT,fully convolutional,full_fine_tuning_50epochs
291,0.00012164941464151844,0.003995972283135062,1.0010539860510488e-06,1.6193110912440726e-05,False,2,robust_convnext_base,stanford_cars,CLASSIC_AT,fully convolutional,full_fine_tuning_50epochs
292,0.00012164941464151844,0.003995972283135062,1.0010539860510488e-06,1.6193110912440726e-05,False,2,vit_base_patch16_224.augreg_in1k,stanford_cars,CLASSIC_AT,fully attention,full_fine_tuning_50epochs
293,0.00012164941464151844,0.003995972283135062,1.0010539860510488e-06,1.6193110912440726e-05,False,2,vit_base_patch16_224.augreg_in21k,stanford_cars,CLASSIC_AT,fully attention,full_fine_tuning_50epochs
294,0.00012164941464151844,0.003995972283135062,1.0010539860510488e-06,1.6193110912440726e-05,False,2,vit_base_patch16_clip_224.laion2b,stanford_cars,CLASSIC_AT,fully attention,full_fine_tuning_50epochs
295,0.0026674574591455755,1.0525948689799705e-05,0.0032543911150884836,1.2869165107815028e-06,True,1,convnext_tiny.fb_in1k,stanford_cars,CLASSIC_AT,fully convolutional,full_fine_tuning_50epochs
296,0.0026674574591455755,1.0525948689799705e-05,0.0032543911150884836,1.2869165107815028e-06,True,1,robust_convnext_tiny,stanford_cars,CLASSIC_AT,fully convolutional,full_fine_tuning_50epochs
297,1.4820285018742478e-06,0.0013187119216379328,0.000439079257324,1.5630799020950923e-05,True,1,robust_deit_small_patch16_224,stanford_cars,CLASSIC_AT,fully attention,full_fine_tuning_50epochs
298,0.00019320752621429857,0.00014239437572248639,0.005708357416333576,0.001298843859025954,False,1,vit_small_patch16_224.augreg_in1k,stanford_cars,CLASSIC_AT,fully attention,full_fine_tuning_50epochs
299,0.00012164941464151844,0.003995972283135062,1.0010539860510488e-06,1.6193110912440726e-05,False,1,convnext_tiny.fb_in22k,stanford_cars,CLASSIC_AT,fully convolutional,full_fine_tuning_50epochs
300,0.00012164941464151844,0.003995972283135062,1.0010539860510488e-06,1.6193110912440726e-05,False,2,vit_base_patch16_clip_224.laion2b_ft_in1k,stanford_cars,CLASSIC_AT,fully attention,full_fine_tuning_50epochs
301,0.00012164941464151844,0.003995972283135062,1.0010539860510488e-06,1.6193110912440726e-05,False,2,vit_base_patch16_224.augreg_in21k_ft_in1k,stanford_cars,CLASSIC_AT,fully attention,full_fine_tuning_50epochs
302,2.3187283452990446e-05,1.977953176726232e-06,0.00048096354537337677,0.0002356470857433856,True,1,vit_small_patch16_224.augreg_in21k_ft_in1k,stanford_cars,CLASSIC_AT,fully attention,full_fine_tuning_50epochs
303,0.00012164941464151844,0.003995972283135062,1.0010539860510488e-06,1.6193110912440726e-05,False,2,eva02_base_patch14_224.mim_in22k,stanford_cars,CLASSIC_AT,fully attention,full_fine_tuning_50epochs
304,1.4820285018742478e-06,0.0013187119216379328,0.000439079257324,1.5630799020950923e-05,True,1,eva02_tiny_patch14_224.mim_in22k,stanford_cars,CLASSIC_AT,fully attention,full_fine_tuning_50epochs
305,0.00012164941464151844,0.003995972283135062,1.0010539860510488e-06,1.6193110912440726e-05,False,2,swin_base_patch4_window7_224.ms_in22k_ft_in1k,stanford_cars,CLASSIC_AT,fully attention,full_fine_tuning_50epochs
306,0.00019320752621429857,0.00014239437572248639,0.005708357416333576,0.001298843859025954,False,1,swin_tiny_patch4_window7_224.ms_in1k,stanford_cars,CLASSIC_AT,fully attention,full_fine_tuning_50epochs
307,0.00012164941464151844,0.003995972283135062,1.0010539860510488e-06,1.6193110912440726e-05,False,2,convnext_base.clip_laion2b_augreg_ft_in12k_in1k,stanford_cars,CLASSIC_AT,fully convolutional,full_fine_tuning_50epochs
308,0.00012164941464151844,0.003995972283135062,1.0010539860510488e-06,1.6193110912440726e-05,False,2,convnext_base.fb_in22k_ft_in1k,stanford_cars,CLASSIC_AT,fully convolutional,full_fine_tuning_50epochs
309,0.00019320752621429857,0.00014239437572248639,0.005708357416333576,0.001298843859025954,False,1,convnext_tiny.fb_in22k_ft_in1k,stanford_cars,CLASSIC_AT,fully convolutional,full_fine_tuning_50epochs
310,0.0026674574591455755,1.0525948689799705e-05,0.0032543911150884836,1.2869165107815028e-06,True,1,coatnet_0_rw_224.sw_in1k,stanford_cars,CLASSIC_AT,hybrid,full_fine_tuning_50epochs
311,0.00012164941464151844,0.003995972283135062,1.0010539860510488e-06,1.6193110912440726e-05,False,2,coatnet_2_rw_224.sw_in12k_ft_in1k,stanford_cars,CLASSIC_AT,hybrid,full_fine_tuning_50epochs
312,0.00012164941464151844,0.003995972283135062,1.0010539860510488e-06,1.6193110912440726e-05,False,2,coatnet_2_rw_224.sw_in12k,stanford_cars,CLASSIC_AT,hybrid,full_fine_tuning_50epochs
313,0.00012164941464151844,0.003995972283135062,1.0010539860510488e-06,1.6193110912440726e-05,False,0,regnetx_004.pycls_in1k,stanford_cars,CLASSIC_AT,fully convolutional,full_fine_tuning_50epochs
314,0.00012164941464151844,0.003995972283135062,1.0010539860510488e-06,1.6193110912440726e-05,False,0,efficientnet-b0,stanford_cars,CLASSIC_AT,fully convolutional,full_fine_tuning_50epochs
315,3.690803219673014e-05,0.0028947634357865313,0.0032029975700290426,0.00378814552109712,True,0,deit_tiny_patch16_224.fb_in1k,stanford_cars,CLASSIC_AT,fully attention,full_fine_tuning_50epochs
316,0.00012164941464151844,0.003995972283135062,1.0010539860510488e-06,1.6193110912440726e-05,False,0,mobilevit-small,stanford_cars,CLASSIC_AT,hybrid,full_fine_tuning_50epochs
317,0.00012164941464151844,0.003995972283135062,1.0010539860510488e-06,1.6193110912440726e-05,False,0,mobilenetv3_large_100.ra_in1k,stanford_cars,CLASSIC_AT,fully convolutional,full_fine_tuning_50epochs
318,0.00012164941464151844,0.003995972283135062,1.0010539860510488e-06,1.6193110912440726e-05,False,0,edgenext_small.usi_in1k,stanford_cars,CLASSIC_AT,fully convolutional,full_fine_tuning_50epochs
319,0.00012164941464151844,0.003995972283135062,1.0010539860510488e-06,1.6193110912440726e-05,False,0,coat_tiny.in1k,stanford_cars,CLASSIC_AT,hybrid,full_fine_tuning_50epochs
320,0.00012164941464151844,0.003995972283135062,1.0010539860510488e-06,1.6193110912440726e-05,False,2,CLIP-convnext_base_w-laion_aesthetic-s13B-b82K,caltech101,CLASSIC_AT,fully convolutional,full_fine_tuning_50epochs
321,0.00012164941464151844,0.003995972283135062,1.0010539860510488e-06,1.6193110912440726e-05,False,2,CLIP-convnext_base_w-laion2B-s13B-b82K,caltech101,CLASSIC_AT,fully convolutional,full_fine_tuning_50epochs
322,2.3187283452990446e-05,1.977953176726232e-06,0.00048096354537337677,0.0002356470857433856,True,1,deit_small_patch16_224.fb_in1k,caltech101,CLASSIC_AT,fully attention,full_fine_tuning_50epochs
323,5.884308640023027e-05,0.006548853324297538,2.667637993848853e-05,0.0010260142974876122,True,1,robust_resnet50,caltech101,CLASSIC_AT,fully convolutional,full_fine_tuning_50epochs
324,0.00012164941464151844,0.003995972283135062,1.0010539860510488e-06,1.6193110912440726e-05,False,1,vit_small_patch16_224.augreg_in21k,caltech101,CLASSIC_AT,fully attention,full_fine_tuning_50epochs
325,0.00012164941464151844,0.003995972283135062,1.0010539860510488e-06,1.6193110912440726e-05,False,2,convnext_base.fb_in1k,caltech101,CLASSIC_AT,fully convolutional,full_fine_tuning_50epochs
326,0.00012164941464151844,0.003995972283135062,1.0010539860510488e-06,1.6193110912440726e-05,False,1,resnet50.a1_in1k,caltech101,CLASSIC_AT,fully convolutional,full_fine_tuning_50epochs
327,0.00012164941464151844,0.003995972283135062,1.0010539860510488e-06,1.6193110912440726e-05,False,2,robust_vit_base_patch16_224,caltech101,CLASSIC_AT,fully attention,full_fine_tuning_50epochs
328,0.00012164941464151844,0.003995972283135062,1.0010539860510488e-06,1.6193110912440726e-05,False,2,vit_base_patch16_224.mae,caltech101,CLASSIC_AT,fully attention,full_fine_tuning_50epochs
329,0.00012164941464151844,0.003995972283135062,1.0010539860510488e-06,1.6193110912440726e-05,False,1,vit_small_patch16_224.dino,caltech101,CLASSIC_AT,fully attention,full_fine_tuning_50epochs
330,0.00012164941464151844,0.003995972283135062,1.0010539860510488e-06,1.6193110912440726e-05,False,2,convnext_base.fb_in22k,caltech101,CLASSIC_AT,fully convolutional,full_fine_tuning_50epochs
331,0.00012164941464151844,0.003995972283135062,1.0010539860510488e-06,1.6193110912440726e-05,False,2,robust_convnext_base,caltech101,CLASSIC_AT,fully convolutional,full_fine_tuning_50epochs
332,0.00012164941464151844,0.003995972283135062,1.0010539860510488e-06,1.6193110912440726e-05,False,2,vit_base_patch16_224.augreg_in1k,caltech101,CLASSIC_AT,fully attention,full_fine_tuning_50epochs
333,0.00012164941464151844,0.003995972283135062,1.0010539860510488e-06,1.6193110912440726e-05,False,2,vit_base_patch16_224.augreg_in21k,caltech101,CLASSIC_AT,fully attention,full_fine_tuning_50epochs
334,0.00012164941464151844,0.003995972283135062,1.0010539860510488e-06,1.6193110912440726e-05,False,2,vit_base_patch16_clip_224.laion2b,caltech101,CLASSIC_AT,fully attention,full_fine_tuning_50epochs
335,0.00012164941464151844,0.003995972283135062,1.0010539860510488e-06,1.6193110912440726e-05,False,1,convnext_tiny.fb_in1k,caltech101,CLASSIC_AT,fully convolutional,full_fine_tuning_50epochs
336,0.0026674574591455755,1.0525948689799705e-05,0.0032543911150884836,1.2869165107815028e-06,True,1,robust_convnext_tiny,caltech101,CLASSIC_AT,fully convolutional,full_fine_tuning_50epochs
337,5.884308640023027e-05,0.006548853324297538,2.667637993848853e-05,0.0010260142974876122,True,1,robust_deit_small_patch16_224,caltech101,CLASSIC_AT,fully attention,full_fine_tuning_50epochs
338,0.0026674574591455755,1.0525948689799705e-05,0.0032543911150884836,1.2869165107815028e-06,True,1,vit_small_patch16_224.augreg_in1k,caltech101,CLASSIC_AT,fully attention,full_fine_tuning_50epochs
339,9.613989345165609e-05,8.700690210600536e-05,0.00047751184301655973,0.0055227614309091245,True,1,convnext_tiny.fb_in22k,caltech101,CLASSIC_AT,fully convolutional,full_fine_tuning_50epochs
340,0.00012164941464151844,0.003995972283135062,1.0010539860510488e-06,1.6193110912440726e-05,False,2,vit_base_patch16_clip_224.laion2b_ft_in1k,caltech101,CLASSIC_AT,fully attention,full_fine_tuning_50epochs
341,0.00012164941464151844,0.003995972283135062,1.0010539860510488e-06,1.6193110912440726e-05,False,2,vit_base_patch16_224.augreg_in21k_ft_in1k,caltech101,CLASSIC_AT,fully attention,full_fine_tuning_50epochs
342,0.00012164941464151844,0.003995972283135062,1.0010539860510488e-06,1.6193110912440726e-05,False,1,vit_small_patch16_224.augreg_in21k_ft_in1k,caltech101,CLASSIC_AT,fully attention,full_fine_tuning_50epochs
343,0.00012164941464151844,0.003995972283135062,1.0010539860510488e-06,1.6193110912440726e-05,False,2,eva02_base_patch14_224.mim_in22k,caltech101,CLASSIC_AT,fully attention,full_fine_tuning_50epochs
344,0.00012164941464151844,0.003995972283135062,1.0010539860510488e-06,1.6193110912440726e-05,False,1,eva02_tiny_patch14_224.mim_in22k,caltech101,CLASSIC_AT,fully attention,full_fine_tuning_50epochs
345,0.00012164941464151844,0.003995972283135062,1.0010539860510488e-06,1.6193110912440726e-05,False,2,swin_base_patch4_window7_224.ms_in22k_ft_in1k,caltech101,CLASSIC_AT,fully attention,full_fine_tuning_50epochs
346,0.00012164941464151844,0.003995972283135062,1.0010539860510488e-06,1.6193110912440726e-05,False,1,swin_tiny_patch4_window7_224.ms_in1k,caltech101,CLASSIC_AT,fully attention,full_fine_tuning_50epochs
347,0.00012164941464151844,0.003995972283135062,1.0010539860510488e-06,1.6193110912440726e-05,False,2,convnext_base.clip_laion2b_augreg_ft_in12k_in1k,caltech101,CLASSIC_AT,fully convolutional,full_fine_tuning_50epochs
348,0.00012164941464151844,0.003995972283135062,1.0010539860510488e-06,1.6193110912440726e-05,False,2,convnext_base.fb_in22k_ft_in1k,caltech101,CLASSIC_AT,fully convolutional,full_fine_tuning_50epochs
349,0.00019320752621429857,0.00014239437572248639,0.005708357416333576,0.001298843859025954,False,1,convnext_tiny.fb_in22k_ft_in1k,caltech101,CLASSIC_AT,fully convolutional,full_fine_tuning_50epochs
350,0.00012164941464151844,0.003995972283135062,1.0010539860510488e-06,1.6193110912440726e-05,False,1,coatnet_0_rw_224.sw_in1k,caltech101,CLASSIC_AT,hybrid,full_fine_tuning_50epochs
351,0.00012164941464151844,0.003995972283135062,1.0010539860510488e-06,1.6193110912440726e-05,False,2,coatnet_2_rw_224.sw_in12k_ft_in1k,caltech101,CLASSIC_AT,hybrid,full_fine_tuning_50epochs
352,0.00012164941464151844,0.003995972283135062,1.0010539860510488e-06,1.6193110912440726e-05,False,2,coatnet_2_rw_224.sw_in12k,caltech101,CLASSIC_AT,hybrid,full_fine_tuning_50epochs
353,0.00012164941464151844,0.003995972283135062,1.0010539860510488e-06,1.6193110912440726e-05,False,0,regnetx_004.pycls_in1k,caltech101,CLASSIC_AT,fully convolutional,full_fine_tuning_50epochs
354,0.00012164941464151844,0.003995972283135062,1.0010539860510488e-06,1.6193110912440726e-05,False,0,efficientnet-b0,caltech101,CLASSIC_AT,fully convolutional,full_fine_tuning_50epochs
355,0.00012164941464151844,0.003995972283135062,1.0010539860510488e-06,1.6193110912440726e-05,False,0,deit_tiny_patch16_224.fb_in1k,caltech101,CLASSIC_AT,fully attention,full_fine_tuning_50epochs
356,0.00012164941464151844,0.003995972283135062,1.0010539860510488e-06,1.6193110912440726e-05,False,0,mobilevit-small,caltech101,CLASSIC_AT,hybrid,full_fine_tuning_50epochs
357,0.00012164941464151844,0.003995972283135062,1.0010539860510488e-06,1.6193110912440726e-05,False,0,mobilenetv3_large_100.ra_in1k,caltech101,CLASSIC_AT,fully convolutional,full_fine_tuning_50epochs
358,0.00012164941464151844,0.003995972283135062,1.0010539860510488e-06,1.6193110912440726e-05,False,0,edgenext_small.usi_in1k,caltech101,CLASSIC_AT,fully convolutional,full_fine_tuning_50epochs
359,0.00012164941464151844,0.003995972283135062,1.0010539860510488e-06,1.6193110912440726e-05,False,0,coat_tiny.in1k,caltech101,CLASSIC_AT,hybrid,full_fine_tuning_50epochs
360,0.00012164941464151844,0.003995972283135062,1.0010539860510488e-06,1.6193110912440726e-05,False,2,CLIP-convnext_base_w-laion_aesthetic-s13B-b82K,fgvc-aircraft-2013b,CLASSIC_AT,fully convolutional,full_fine_tuning_50epochs
361,0.00012164941464151844,0.003995972283135062,1.0010539860510488e-06,1.6193110912440726e-05,False,2,CLIP-convnext_base_w-laion2B-s13B-b82K,fgvc-aircraft-2013b,CLASSIC_AT,fully convolutional,full_fine_tuning_50epochs
362,0.00012164941464151844,0.003995972283135062,1.0010539860510488e-06,1.6193110912440726e-05,False,1,deit_small_patch16_224.fb_in1k,fgvc-aircraft-2013b,CLASSIC_AT,fully attention,full_fine_tuning_50epochs
363,0.00012164941464151844,0.003995972283135062,1.0010539860510488e-06,1.6193110912440726e-05,False,1,robust_resnet50,fgvc-aircraft-2013b,CLASSIC_AT,fully convolutional,full_fine_tuning_50epochs
364,0.00012164941464151844,0.003995972283135062,1.0010539860510488e-06,1.6193110912440726e-05,False,1,vit_small_patch16_224.augreg_in21k,fgvc-aircraft-2013b,CLASSIC_AT,fully attention,full_fine_tuning_50epochs
365,0.00012164941464151844,0.003995972283135062,1.0010539860510488e-06,1.6193110912440726e-05,False,2,convnext_base.fb_in1k,fgvc-aircraft-2013b,CLASSIC_AT,fully convolutional,full_fine_tuning_50epochs
366,0.00012164941464151844,0.003995972283135062,1.0010539860510488e-06,1.6193110912440726e-05,False,1,resnet50.a1_in1k,fgvc-aircraft-2013b,CLASSIC_AT,fully convolutional,full_fine_tuning_50epochs
367,0.00012164941464151844,0.003995972283135062,1.0010539860510488e-06,1.6193110912440726e-05,False,2,robust_vit_base_patch16_224,fgvc-aircraft-2013b,CLASSIC_AT,fully attention,full_fine_tuning_50epochs
368,0.00012164941464151844,0.003995972283135062,1.0010539860510488e-06,1.6193110912440726e-05,False,2,vit_base_patch16_224.mae,fgvc-aircraft-2013b,CLASSIC_AT,fully attention,full_fine_tuning_50epochs
369,0.00012164941464151844,0.003995972283135062,1.0010539860510488e-06,1.6193110912440726e-05,False,1,vit_small_patch16_224.dino,fgvc-aircraft-2013b,CLASSIC_AT,fully attention,full_fine_tuning_50epochs
370,0.00012164941464151844,0.003995972283135062,1.0010539860510488e-06,1.6193110912440726e-05,False,2,convnext_base.fb_in22k,fgvc-aircraft-2013b,CLASSIC_AT,fully convolutional,full_fine_tuning_50epochs
371,0.00012164941464151844,0.003995972283135062,1.0010539860510488e-06,1.6193110912440726e-05,False,2,robust_convnext_base,fgvc-aircraft-2013b,CLASSIC_AT,fully convolutional,full_fine_tuning_50epochs
372,0.00012164941464151844,0.003995972283135062,1.0010539860510488e-06,1.6193110912440726e-05,False,2,vit_base_patch16_224.augreg_in1k,fgvc-aircraft-2013b,CLASSIC_AT,fully attention,full_fine_tuning_50epochs
373,0.00012164941464151844,0.003995972283135062,1.0010539860510488e-06,1.6193110912440726e-05,False,2,vit_base_patch16_224.augreg_in21k,fgvc-aircraft-2013b,CLASSIC_AT,fully attention,full_fine_tuning_50epochs
374,0.00012164941464151844,0.003995972283135062,1.0010539860510488e-06,1.6193110912440726e-05,False,2,vit_base_patch16_clip_224.laion2b,fgvc-aircraft-2013b,CLASSIC_AT,fully attention,full_fine_tuning_50epochs
375,0.00012164941464151844,0.003995972283135062,1.0010539860510488e-06,1.6193110912440726e-05,False,1,convnext_tiny.fb_in1k,fgvc-aircraft-2013b,CLASSIC_AT,fully convolutional,full_fine_tuning_50epochs
376,0.0004632617302122406,0.0028799541239828896,1.8283634209844514e-05,0.0005571905096939264,True,1,robust_convnext_tiny,fgvc-aircraft-2013b,CLASSIC_AT,fully convolutional,full_fine_tuning_50epochs
377,0.0026674574591455755,1.0525948689799705e-05,0.0032543911150884836,1.2869165107815028e-06,True,1,robust_deit_small_patch16_224,fgvc-aircraft-2013b,CLASSIC_AT,fully attention,full_fine_tuning_50epochs
378,0.0004647746719721332,0.05619409646508126,9.380767542427003e-05,0.00014534564894374584,False,1,vit_small_patch16_224.augreg_in1k,fgvc-aircraft-2013b,CLASSIC_AT,fully attention,full_fine_tuning_50epochs
379,0.00012164941464151844,0.003995972283135062,1.0010539860510488e-06,1.6193110912440726e-05,False,1,convnext_tiny.fb_in22k,fgvc-aircraft-2013b,CLASSIC_AT,fully convolutional,full_fine_tuning_50epochs
380,0.00012164941464151844,0.003995972283135062,1.0010539860510488e-06,1.6193110912440726e-05,False,2,vit_base_patch16_clip_224.laion2b_ft_in1k,fgvc-aircraft-2013b,CLASSIC_AT,fully attention,full_fine_tuning_50epochs
381,0.00012164941464151844,0.003995972283135062,1.0010539860510488e-06,1.6193110912440726e-05,False,2,vit_base_patch16_224.augreg_in21k_ft_in1k,fgvc-aircraft-2013b,CLASSIC_AT,fully attention,full_fine_tuning_50epochs
382,0.00012164941464151844,0.003995972283135062,1.0010539860510488e-06,1.6193110912440726e-05,False,1,vit_small_patch16_224.augreg_in21k_ft_in1k,fgvc-aircraft-2013b,CLASSIC_AT,fully attention,full_fine_tuning_50epochs
383,0.00012164941464151844,0.003995972283135062,1.0010539860510488e-06,1.6193110912440726e-05,False,2,eva02_base_patch14_224.mim_in22k,fgvc-aircraft-2013b,CLASSIC_AT,fully attention,full_fine_tuning_50epochs
384,0.00012164941464151844,0.003995972283135062,1.0010539860510488e-06,1.6193110912440726e-05,False,1,eva02_tiny_patch14_224.mim_in22k,fgvc-aircraft-2013b,CLASSIC_AT,fully attention,full_fine_tuning_50epochs
385,0.00012164941464151844,0.003995972283135062,1.0010539860510488e-06,1.6193110912440726e-05,False,2,swin_base_patch4_window7_224.ms_in22k_ft_in1k,fgvc-aircraft-2013b,CLASSIC_AT,fully attention,full_fine_tuning_50epochs
386,0.00012164941464151844,0.003995972283135062,1.0010539860510488e-06,1.6193110912440726e-05,False,1,swin_tiny_patch4_window7_224.ms_in1k,fgvc-aircraft-2013b,CLASSIC_AT,fully attention,full_fine_tuning_50epochs
387,0.00012164941464151844,0.003995972283135062,1.0010539860510488e-06,1.6193110912440726e-05,False,2,convnext_base.clip_laion2b_augreg_ft_in12k_in1k,fgvc-aircraft-2013b,CLASSIC_AT,fully convolutional,full_fine_tuning_50epochs
388,0.00012164941464151844,0.003995972283135062,1.0010539860510488e-06,1.6193110912440726e-05,False,2,convnext_base.fb_in22k_ft_in1k,fgvc-aircraft-2013b,CLASSIC_AT,fully convolutional,full_fine_tuning_50epochs
389,0.00012164941464151844,0.003995972283135062,1.0010539860510488e-06,1.6193110912440726e-05,False,1,convnext_tiny.fb_in22k_ft_in1k,fgvc-aircraft-2013b,CLASSIC_AT,fully convolutional,full_fine_tuning_50epochs
390,0.00012164941464151844,0.003995972283135062,1.0010539860510488e-06,1.6193110912440726e-05,False,1,coatnet_0_rw_224.sw_in1k,fgvc-aircraft-2013b,CLASSIC_AT,hybrid,full_fine_tuning_50epochs
391,0.00012164941464151844,0.003995972283135062,1.0010539860510488e-06,1.6193110912440726e-05,False,2,coatnet_2_rw_224.sw_in12k_ft_in1k,fgvc-aircraft-2013b,CLASSIC_AT,hybrid,full_fine_tuning_50epochs
392,0.00012164941464151844,0.003995972283135062,1.0010539860510488e-06,1.6193110912440726e-05,False,2,coatnet_2_rw_224.sw_in12k,fgvc-aircraft-2013b,CLASSIC_AT,hybrid,full_fine_tuning_50epochs
393,0.00012164941464151844,0.003995972283135062,1.0010539860510488e-06,1.6193110912440726e-05,False,0,regnetx_004.pycls_in1k,fgvc-aircraft-2013b,CLASSIC_AT,fully convolutional,full_fine_tuning_50epochs
394,0.00012164941464151844,0.003995972283135062,1.0010539860510488e-06,1.6193110912440726e-05,False,0,efficientnet-b0,fgvc-aircraft-2013b,CLASSIC_AT,fully convolutional,full_fine_tuning_50epochs
395,0.00012164941464151844,0.003995972283135062,1.0010539860510488e-06,1.6193110912440726e-05,False,0,deit_tiny_patch16_224.fb_in1k,fgvc-aircraft-2013b,CLASSIC_AT,fully attention,full_fine_tuning_50epochs
396,0.00012164941464151844,0.003995972283135062,1.0010539860510488e-06,1.6193110912440726e-05,False,0,mobilevit-small,fgvc-aircraft-2013b,CLASSIC_AT,hybrid,full_fine_tuning_50epochs
397,0.00012164941464151844,0.003995972283135062,1.0010539860510488e-06,1.6193110912440726e-05,False,0,mobilenetv3_large_100.ra_in1k,fgvc-aircraft-2013b,CLASSIC_AT,fully convolutional,full_fine_tuning_50epochs
398,0.00012164941464151844,0.003995972283135062,1.0010539860510488e-06,1.6193110912440726e-05,False,0,edgenext_small.usi_in1k,fgvc-aircraft-2013b,CLASSIC_AT,fully convolutional,full_fine_tuning_50epochs
399,0.00012164941464151844,0.003995972283135062,1.0010539860510488e-06,1.6193110912440726e-05,False,0,coat_tiny.in1k,fgvc-aircraft-2013b,CLASSIC_AT,hybrid,full_fine_tuning_50epochs
400,0.00012164941464151844,0.003995972283135062,1.0010539860510488e-06,1.6193110912440726e-05,False,2,CLIP-convnext_base_w-laion_aesthetic-s13B-b82K,flowers-102,CLASSIC_AT,fully convolutional,full_fine_tuning_50epochs
401,0.00012164941464151844,0.003995972283135062,1.0010539860510488e-06,1.6193110912440726e-05,False,2,CLIP-convnext_base_w-laion2B-s13B-b82K,flowers-102,CLASSIC_AT,fully convolutional,full_fine_tuning_50epochs
402,0.0018690411295990668,4.455003448750706e-06,1.5046583533251499e-05,2.7749746347104038e-05,False,1,deit_small_patch16_224.fb_in1k,flowers-102,CLASSIC_AT,fully attention,full_fine_tuning_50epochs
403,1.848471358009254e-06,0.0007423146427788864,3.862907418494318e-06,0.00022762614721505583,True,1,robust_resnet50,flowers-102,CLASSIC_AT,fully convolutional,full_fine_tuning_50epochs
404,0.00012164941464151844,0.003995972283135062,1.0010539860510488e-06,1.6193110912440726e-05,False,1,vit_small_patch16_224.augreg_in21k,flowers-102,CLASSIC_AT,fully attention,full_fine_tuning_50epochs
405,0.00012164941464151844,0.003995972283135062,1.0010539860510488e-06,1.6193110912440726e-05,False,2,convnext_base.fb_in1k,flowers-102,CLASSIC_AT,fully convolutional,full_fine_tuning_50epochs
406,1.9883460299571902e-05,1.9290633682160744e-05,0.00033823089104186444,2.4054140666875734e-05,False,1,resnet50.a1_in1k,flowers-102,CLASSIC_AT,fully convolutional,full_fine_tuning_50epochs
407,0.002084362379893362,0.00037535789963654304,0.006003147633638409,0.00022193212012672315,False,2,robust_vit_base_patch16_224,flowers-102,CLASSIC_AT,fully attention,full_fine_tuning_50epochs
408,0.00012164941464151844,0.003995972283135062,1.0010539860510488e-06,1.6193110912440726e-05,False,2,vit_base_patch16_224.mae,flowers-102,CLASSIC_AT,fully attention,full_fine_tuning_50epochs
409,0.0001737404360263286,0.0288854647855878,3.238451256068134e-05,0.00014246191473875792,False,1,vit_small_patch16_224.dino,flowers-102,CLASSIC_AT,fully attention,full_fine_tuning_50epochs
410,0.00012164941464151844,0.003995972283135062,1.0010539860510488e-06,1.6193110912440726e-05,False,2,convnext_base.fb_in22k,flowers-102,CLASSIC_AT,fully convolutional,full_fine_tuning_50epochs
411,0.00012164941464151844,0.003995972283135062,1.0010539860510488e-06,1.6193110912440726e-05,False,2,robust_convnext_base,flowers-102,CLASSIC_AT,fully convolutional,full_fine_tuning_50epochs
412,0.0004632617302122406,0.0028799541239828896,1.8283634209844514e-05,0.0005571905096939264,True,2,vit_base_patch16_224.augreg_in1k,flowers-102,CLASSIC_AT,fully attention,full_fine_tuning_50epochs
413,0.00012164941464151844,0.003995972283135062,1.0010539860510488e-06,1.6193110912440726e-05,False,2,vit_base_patch16_224.augreg_in21k,flowers-102,CLASSIC_AT,fully attention,full_fine_tuning_50epochs
414,0.00012164941464151844,0.003995972283135062,1.0010539860510488e-06,1.6193110912440726e-05,False,2,vit_base_patch16_clip_224.laion2b,flowers-102,CLASSIC_AT,fully attention,full_fine_tuning_50epochs
415,5.4806150470064783e-05,0.0056762369400532595,0.000801663187901747,0.003413692239351968,False,1,convnext_tiny.fb_in1k,flowers-102,CLASSIC_AT,fully convolutional,full_fine_tuning_50epochs
416,3.690803219673014e-05,0.0028947634357865313,0.0032029975700290426,0.00378814552109712,True,1,robust_convnext_tiny,flowers-102,CLASSIC_AT,fully convolutional,full_fine_tuning_50epochs
417,0.0029236541396874204,1.157612813535485e-06,6.889395808497781e-05,0.007002756882288199,False,1,robust_deit_small_patch16_224,flowers-102,CLASSIC_AT,fully attention,full_fine_tuning_50epochs
418,7.2728150208881555e-06,4.849296602698792e-06,0.005375041876450287,0.0006127349401923009,False,1,vit_small_patch16_224.augreg_in1k,flowers-102,CLASSIC_AT,fully attention,full_fine_tuning_50epochs
419,0.0004632617302122406,0.0028799541239828896,1.8283634209844514e-05,0.0005571905096939264,True,1,convnext_tiny.fb_in22k,flowers-102,CLASSIC_AT,fully convolutional,full_fine_tuning_50epochs
420,0.00012164941464151844,0.003995972283135062,1.0010539860510488e-06,1.6193110912440726e-05,False,2,vit_base_patch16_clip_224.laion2b_ft_in1k,flowers-102,CLASSIC_AT,fully attention,full_fine_tuning_50epochs
421,1.4820285018742478e-06,0.0013187119216379328,0.000439079257324,1.5630799020950923e-05,True,2,vit_base_patch16_224.augreg_in21k_ft_in1k,flowers-102,CLASSIC_AT,fully attention,full_fine_tuning_50epochs
422,0.0012182167542616237,4.297585333493074e-05,0.00012830169947033806,0.0034975859625264783,False,1,vit_small_patch16_224.augreg_in21k_ft_in1k,flowers-102,CLASSIC_AT,fully attention,full_fine_tuning_50epochs
423,0.00012164941464151844,0.003995972283135062,1.0010539860510488e-06,1.6193110912440726e-05,False,2,eva02_base_patch14_224.mim_in22k,flowers-102,CLASSIC_AT,fully attention,full_fine_tuning_50epochs
424,0.00012164941464151844,0.003995972283135062,1.0010539860510488e-06,1.6193110912440726e-05,False,1,eva02_tiny_patch14_224.mim_in22k,flowers-102,CLASSIC_AT,fully attention,full_fine_tuning_50epochs
425,0.00012164941464151844,0.003995972283135062,1.0010539860510488e-06,1.6193110912440726e-05,False,2,swin_base_patch4_window7_224.ms_in22k_ft_in1k,flowers-102,CLASSIC_AT,fully attention,full_fine_tuning_50epochs
426,2.999827229672451e-06,6.471836718439119e-06,2.6659667002898226e-05,2.405643357505913e-06,False,1,swin_tiny_patch4_window7_224.ms_in1k,flowers-102,CLASSIC_AT,fully attention,full_fine_tuning_50epochs
427,9.613989345165609e-05,8.700690210600536e-05,0.00047751184301655973,0.0055227614309091245,True,2,convnext_base.clip_laion2b_augreg_ft_in12k_in1k,flowers-102,CLASSIC_AT,fully convolutional,full_fine_tuning_50epochs
428,0.00012164941464151844,0.003995972283135062,1.0010539860510488e-06,1.6193110912440726e-05,False,2,convnext_base.fb_in22k_ft_in1k,flowers-102,CLASSIC_AT,fully convolutional,full_fine_tuning_50epochs
429,7.2728150208881555e-06,4.849296602698792e-06,0.005375041876450287,0.0006127349401923009,False,1,convnext_tiny.fb_in22k_ft_in1k,flowers-102,CLASSIC_AT,fully convolutional,full_fine_tuning_50epochs
430,0.00012164941464151844,0.003995972283135062,1.0010539860510488e-06,1.6193110912440726e-05,False,1,coatnet_0_rw_224.sw_in1k,flowers-102,CLASSIC_AT,hybrid,full_fine_tuning_50epochs
431,0.00012164941464151844,0.003995972283135062,1.0010539860510488e-06,1.6193110912440726e-05,False,2,coatnet_2_rw_224.sw_in12k_ft_in1k,flowers-102,CLASSIC_AT,hybrid,full_fine_tuning_50epochs
432,0.00012164941464151844,0.003995972283135062,1.0010539860510488e-06,1.6193110912440726e-05,False,2,coatnet_2_rw_224.sw_in12k,flowers-102,CLASSIC_AT,hybrid,full_fine_tuning_50epochs
433,0.00012164941464151844,0.003995972283135062,1.0010539860510488e-06,1.6193110912440726e-05,False,0,regnetx_004.pycls_in1k,flowers-102,CLASSIC_AT,fully convolutional,full_fine_tuning_50epochs
434,9.613989345165609e-05,8.700690210600536e-05,0.00047751184301655973,0.0055227614309091245,True,0,efficientnet-b0,flowers-102,CLASSIC_AT,fully convolutional,full_fine_tuning_50epochs
435,7.60293500524278e-06,4.5742286724279895e-05,3.3418532833725172e-06,0.001729668070694354,True,0,deit_tiny_patch16_224.fb_in1k,flowers-102,CLASSIC_AT,fully attention,full_fine_tuning_50epochs
436,0.00012164941464151844,0.003995972283135062,1.0010539860510488e-06,1.6193110912440726e-05,False,0,mobilevit-small,flowers-102,CLASSIC_AT,hybrid,full_fine_tuning_50epochs
437,0.00012164941464151844,0.003995972283135062,1.0010539860510488e-06,1.6193110912440726e-05,False,0,mobilenetv3_large_100.ra_in1k,flowers-102,CLASSIC_AT,fully convolutional,full_fine_tuning_50epochs
438,0.00012164941464151844,0.003995972283135062,1.0010539860510488e-06,1.6193110912440726e-05,False,0,edgenext_small.usi_in1k,flowers-102,CLASSIC_AT,fully convolutional,full_fine_tuning_50epochs
439,0.00012164941464151844,0.003995972283135062,1.0010539860510488e-06,1.6193110912440726e-05,False,0,coat_tiny.in1k,flowers-102,CLASSIC_AT,hybrid,full_fine_tuning_50epochs
440,0.00012164941464151844,0.003995972283135062,1.0010539860510488e-06,1.6193110912440726e-05,False,2,CLIP-convnext_base_w-laion_aesthetic-s13B-b82K,oxford-iiit-pet,CLASSIC_AT,fully convolutional,full_fine_tuning_50epochs
441,0.00012164941464151844,0.003995972283135062,1.0010539860510488e-06,1.6193110912440726e-05,False,2,CLIP-convnext_base_w-laion2B-s13B-b82K,oxford-iiit-pet,CLASSIC_AT,fully convolutional,full_fine_tuning_50epochs
442,0.00012164941464151844,0.003995972283135062,1.0010539860510488e-06,1.6193110912440726e-05,False,1,deit_small_patch16_224.fb_in1k,oxford-iiit-pet,CLASSIC_AT,fully attention,full_fine_tuning_50epochs
443,1.848471358009254e-06,0.0007423146427788864,3.862907418494318e-06,0.00022762614721505583,True,1,robust_resnet50,oxford-iiit-pet,CLASSIC_AT,fully convolutional,full_fine_tuning_50epochs
444,0.0004647746719721332,0.05619409646508126,9.380767542427003e-05,0.00014534564894374584,False,1,vit_small_patch16_224.augreg_in21k,oxford-iiit-pet,CLASSIC_AT,fully attention,full_fine_tuning_50epochs
445,0.00012164941464151844,0.003995972283135062,1.0010539860510488e-06,1.6193110912440726e-05,False,2,convnext_base.fb_in1k,oxford-iiit-pet,CLASSIC_AT,fully convolutional,full_fine_tuning_50epochs
446,0.00012164941464151844,0.003995972283135062,1.0010539860510488e-06,1.6193110912440726e-05,False,1,resnet50.a1_in1k,oxford-iiit-pet,CLASSIC_AT,fully convolutional,full_fine_tuning_50epochs
447,0.00012164941464151844,0.003995972283135062,1.0010539860510488e-06,1.6193110912440726e-05,False,2,robust_vit_base_patch16_224,oxford-iiit-pet,CLASSIC_AT,fully attention,full_fine_tuning_50epochs
448,0.0026674574591455755,1.0525948689799705e-05,0.0032543911150884836,1.2869165107815028e-06,True,2,vit_base_patch16_224.mae,oxford-iiit-pet,CLASSIC_AT,fully attention,full_fine_tuning_50epochs
449,5.2811402442263535e-06,0.0057232021463439675,7.730303750616765e-06,0.0001195108396012332,False,1,vit_small_patch16_224.dino,oxford-iiit-pet,CLASSIC_AT,fully attention,full_fine_tuning_50epochs
450,0.00012164941464151844,0.003995972283135062,1.0010539860510488e-06,1.6193110912440726e-05,False,2,convnext_base.fb_in22k,oxford-iiit-pet,CLASSIC_AT,fully convolutional,full_fine_tuning_50epochs
451,0.00012164941464151844,0.003995972283135062,1.0010539860510488e-06,1.6193110912440726e-05,False,2,robust_convnext_base,oxford-iiit-pet,CLASSIC_AT,fully convolutional,full_fine_tuning_50epochs
452,0.0026674574591455755,1.0525948689799705e-05,0.0032543911150884836,1.2869165107815028e-06,True,2,vit_base_patch16_224.augreg_in1k,oxford-iiit-pet,CLASSIC_AT,fully attention,full_fine_tuning_50epochs
453,0.00012164941464151844,0.003995972283135062,1.0010539860510488e-06,1.6193110912440726e-05,False,2,vit_base_patch16_224.augreg_in21k,oxford-iiit-pet,CLASSIC_AT,fully attention,full_fine_tuning_50epochs
454,0.00012164941464151844,0.003995972283135062,1.0010539860510488e-06,1.6193110912440726e-05,False,2,vit_base_patch16_clip_224.laion2b,oxford-iiit-pet,CLASSIC_AT,fully attention,full_fine_tuning_50epochs
455,0.00012164941464151844,0.003995972283135062,1.0010539860510488e-06,1.6193110912440726e-05,False,1,convnext_tiny.fb_in1k,oxford-iiit-pet,CLASSIC_AT,fully convolutional,full_fine_tuning_50epochs
456,0.002084362379893362,0.00037535789963654304,0.006003147633638409,0.00022193212012672315,False,1,robust_convnext_tiny,oxford-iiit-pet,CLASSIC_AT,fully convolutional,full_fine_tuning_50epochs
457,2.999827229672451e-06,6.471836718439119e-06,2.6659667002898226e-05,2.405643357505913e-06,False,1,robust_deit_small_patch16_224,oxford-iiit-pet,CLASSIC_AT,fully attention,full_fine_tuning_50epochs
458,0.00012164941464151844,0.003995972283135062,1.0010539860510488e-06,1.6193110912440726e-05,False,1,vit_small_patch16_224.augreg_in1k,oxford-iiit-pet,CLASSIC_AT,fully attention,full_fine_tuning_50epochs
459,0.00012164941464151844,0.003995972283135062,1.0010539860510488e-06,1.6193110912440726e-05,False,1,convnext_tiny.fb_in22k,oxford-iiit-pet,CLASSIC_AT,fully convolutional,full_fine_tuning_50epochs
460,0.00012164941464151844,0.003995972283135062,1.0010539860510488e-06,1.6193110912440726e-05,False,2,vit_base_patch16_clip_224.laion2b_ft_in1k,oxford-iiit-pet,CLASSIC_AT,fully attention,full_fine_tuning_50epochs
461,0.00012164941464151844,0.003995972283135062,1.0010539860510488e-06,1.6193110912440726e-05,False,2,vit_base_patch16_224.augreg_in21k_ft_in1k,oxford-iiit-pet,CLASSIC_AT,fully attention,full_fine_tuning_50epochs
462,0.00012164941464151844,0.003995972283135062,1.0010539860510488e-06,1.6193110912440726e-05,False,1,vit_small_patch16_224.augreg_in21k_ft_in1k,oxford-iiit-pet,CLASSIC_AT,fully attention,full_fine_tuning_50epochs
463,0.00012164941464151844,0.003995972283135062,1.0010539860510488e-06,1.6193110912440726e-05,False,2,eva02_base_patch14_224.mim_in22k,oxford-iiit-pet,CLASSIC_AT,fully attention,full_fine_tuning_50epochs
464,0.00012164941464151844,0.003995972283135062,1.0010539860510488e-06,1.6193110912440726e-05,False,1,eva02_tiny_patch14_224.mim_in22k,oxford-iiit-pet,CLASSIC_AT,fully attention,full_fine_tuning_50epochs
465,0.00012164941464151844,0.003995972283135062,1.0010539860510488e-06,1.6193110912440726e-05,False,2,swin_base_patch4_window7_224.ms_in22k_ft_in1k,oxford-iiit-pet,CLASSIC_AT,fully attention,full_fine_tuning_50epochs
466,0.00012164941464151844,0.003995972283135062,1.0010539860510488e-06,1.6193110912440726e-05,False,1,swin_tiny_patch4_window7_224.ms_in1k,oxford-iiit-pet,CLASSIC_AT,fully attention,full_fine_tuning_50epochs
467,0.00012164941464151844,0.003995972283135062,1.0010539860510488e-06,1.6193110912440726e-05,False,2,convnext_base.clip_laion2b_augreg_ft_in12k_in1k,oxford-iiit-pet,CLASSIC_AT,fully convolutional,full_fine_tuning_50epochs
468,0.00012164941464151844,0.003995972283135062,1.0010539860510488e-06,1.6193110912440726e-05,False,2,convnext_base.fb_in22k_ft_in1k,oxford-iiit-pet,CLASSIC_AT,fully convolutional,full_fine_tuning_50epochs
469,3.690803219673014e-05,0.0028947634357865313,0.0032029975700290426,0.00378814552109712,True,1,convnext_tiny.fb_in22k_ft_in1k,oxford-iiit-pet,CLASSIC_AT,fully convolutional,full_fine_tuning_50epochs
470,0.00012164941464151844,0.003995972283135062,1.0010539860510488e-06,1.6193110912440726e-05,False,1,coatnet_0_rw_224.sw_in1k,oxford-iiit-pet,CLASSIC_AT,hybrid,full_fine_tuning_50epochs
471,0.00012164941464151844,0.003995972283135062,1.0010539860510488e-06,1.6193110912440726e-05,False,2,coatnet_2_rw_224.sw_in12k_ft_in1k,oxford-iiit-pet,CLASSIC_AT,hybrid,full_fine_tuning_50epochs
472,0.00012164941464151844,0.003995972283135062,1.0010539860510488e-06,1.6193110912440726e-05,False,2,coatnet_2_rw_224.sw_in12k,oxford-iiit-pet,CLASSIC_AT,hybrid,full_fine_tuning_50epochs
473,0.00012164941464151844,0.003995972283135062,1.0010539860510488e-06,1.6193110912440726e-05,False,0,regnetx_004.pycls_in1k,oxford-iiit-pet,CLASSIC_AT,fully convolutional,full_fine_tuning_50epochs
474,0.00012164941464151844,0.003995972283135062,1.0010539860510488e-06,1.6193110912440726e-05,False,0,efficientnet-b0,oxford-iiit-pet,CLASSIC_AT,fully convolutional,full_fine_tuning_50epochs
475,9.613989345165609e-05,8.700690210600536e-05,0.00047751184301655973,0.0055227614309091245,True,0,deit_tiny_patch16_224.fb_in1k,oxford-iiit-pet,CLASSIC_AT,fully attention,full_fine_tuning_50epochs
476,0.00012164941464151844,0.003995972283135062,1.0010539860510488e-06,1.6193110912440726e-05,False,0,mobilevit-small,oxford-iiit-pet,CLASSIC_AT,hybrid,full_fine_tuning_50epochs
477,0.00012164941464151844,0.003995972283135062,1.0010539860510488e-06,1.6193110912440726e-05,False,0,mobilenetv3_large_100.ra_in1k,oxford-iiit-pet,CLASSIC_AT,fully convolutional,full_fine_tuning_50epochs
478,0.00012164941464151844,0.003995972283135062,1.0010539860510488e-06,1.6193110912440726e-05,False,0,edgenext_small.usi_in1k,oxford-iiit-pet,CLASSIC_AT,fully convolutional,full_fine_tuning_50epochs
479,0.00012164941464151844,0.003995972283135062,1.0010539860510488e-06,1.6193110912440726e-05,False,0,coat_tiny.in1k,oxford-iiit-pet,CLASSIC_AT,hybrid,full_fine_tuning_50epochs
