,clean_acc,Linf_acc,L2_acc,L1_acc,common_acc,sum,geom,model_size,backbone,dataset,loss_function
0,,,,,,,,2,CLIP-convnext_base_w-laion_aesthetic-s13B-b82K,uc-merced-land-use-dataset,TRADES_v2
1,0.050793650793650794,0.050793650793650794,0.050793650793650794,0.047619047619047616,0.047619047619047616,0.24761904761904763,2.9715955350507486e-07,2,CLIP-convnext_base_w-laion2B-s13B-b82K,uc-merced-land-use-dataset,TRADES_v2
2,0.6309523809523809,0.0,0.0,0.0,0.45714285714285713,1.088095238095238,0.0,1,deit_small_patch16_224.fb_in1k,uc-merced-land-use-dataset,TRADES_v2
3,0.18571428571428572,0.12142857142857143,0.09285714285714286,0.03333333333333333,0.14285714285714285,0.5761904761904761,9.971539636262667e-06,1,robust_resnet50,uc-merced-land-use-dataset,TRADES_v2
4,0.05714285714285714,0.047619047619047616,0.04285714285714286,0.04523809523809524,0.05238095238095238,0.24523809523809523,2.763398848363446e-07,1,vit_small_patch16_224.augreg_in21k,uc-merced-land-use-dataset,TRADES_v2
5,0.8603174603174604,0.0,0.0,0.0,0.6047619047619047,1.4650793650793652,0.0,2,convnext_base.fb_in1k,uc-merced-land-use-dataset,TRADES_v2
6,0.7714285714285715,0.0,0.0,0.0,0.5119047619047619,1.2833333333333332,0.0,1,resnet50.a1_in1k,uc-merced-land-use-dataset,TRADES_v2
7,0.04523809523809524,0.023809523809523808,0.009523809523809525,0.0,0.04523809523809524,0.12380952380952381,0.0,2,robust_vit_base_patch16_224,uc-merced-land-use-dataset,TRADES_v2
8,0.09523809523809523,0.06428571428571428,0.04047619047619048,0.02619047619047619,0.08571428571428572,0.3119047619047619,5.56315820788957e-07,2,vit_base_patch16_224.mae,uc-merced-land-use-dataset,TRADES_v2
9,0.031746031746031744,0.0,0.0,0.0,0.04285714285714286,0.0746031746031746,0.0,1,vit_small_patch16_224.dino,uc-merced-land-use-dataset,TRADES_v2
10,0.047619047619047616,0.0,0.0,0.0,0.03571428571428571,0.08333333333333333,0.0,2,convnext_base.fb_in22k,uc-merced-land-use-dataset,TRADES_v2
11,0.3904761904761905,0.09523809523809523,0.06031746031746032,0.01904761904761905,0.33015873015873015,0.8952380952380952,1.4106256867246374e-05,2,robust_convnext_base,uc-merced-land-use-dataset,TRADES_v2
12,0.6523809523809524,0.0,0.0,0.0,0.4928571428571429,1.1452380952380952,0.0,2,vit_base_patch16_224.augreg_in1k,uc-merced-land-use-dataset,TRADES_v2
13,0.06428571428571428,0.0,0.0,0.0,0.04285714285714286,0.10714285714285714,0.0,2,vit_base_patch16_224.augreg_in21k,uc-merced-land-use-dataset,TRADES_v2
14,0.5404761904761904,0.0,0.0,0.05952380952380952,0.4023809523809524,1.0023809523809524,0.0,2,vit_base_patch16_clip_224.laion2b,uc-merced-land-use-dataset,TRADES_v2
15,0.41904761904761906,0.0,0.0,0.0,0.30714285714285716,0.7261904761904763,0.0,1,convnext_tiny.fb_in1k,uc-merced-land-use-dataset,TRADES_v2
16,0.5555555555555556,0.13968253968253969,0.08571428571428572,0.01904761904761905,0.3619047619047619,1.161904761904762,4.585195126173423e-05,1,robust_convnext_tiny,uc-merced-land-use-dataset,TRADES_v2
17,0.04523809523809524,0.04523809523809524,0.04285714285714286,0.04285714285714286,0.04523809523809524,0.22142857142857142,1.7004323595327342e-07,1,robust_deit_small_patch16_224,uc-merced-land-use-dataset,TRADES_v2
18,0.0761904761904762,0.0,0.0,0.0,0.06984126984126984,0.14603174603174604,0.0,1,vit_small_patch16_224.augreg_in1k,uc-merced-land-use-dataset,TRADES_v2
19,0.047619047619047616,0.047619047619047616,0.047619047619047616,0.047619047619047616,0.047619047619047616,0.23809523809523808,2.448519270213934e-07,1,convnext_tiny.fb_in22k,uc-merced-land-use-dataset,TRADES_v2
20,0.09523809523809523,0.03333333333333333,0.06031746031746032,0.05238095238095238,,0.24126984126984127,1.0030114338504362e-05,2,vit_base_patch16_clip_224.laion2b_ft_in1k,uc-merced-land-use-dataset,TRADES_v2
21,0.047619047619047616,0.047619047619047616,0.05238095238095238,0.047619047619047616,0.047619047619047616,0.24285714285714285,2.693371197235327e-07,2,vit_base_patch16_224.augreg_in21k_ft_in1k,uc-merced-land-use-dataset,TRADES_v2
22,0.12142857142857143,0.002380952380952381,0.004761904761904762,0.02142857142857143,0.09206349206349207,0.2420634920634921,2.7160200004848076e-09,1,vit_small_patch16_224.augreg_in21k_ft_in1k,uc-merced-land-use-dataset,TRADES_v2
23,0.6952380952380952,0.0,0.0,0.002380952380952381,0.5166666666666667,1.2142857142857144,0.0,2,eva02_base_patch14_224.mim_in22k,uc-merced-land-use-dataset,TRADES_v2
24,0.08571428571428572,0.0761904761904762,0.08095238095238096,0.07142857142857142,0.08095238095238096,0.3952380952380952,3.0569273384766934e-06,1,eva02_tiny_patch14_224.mim_in22k,uc-merced-land-use-dataset,TRADES_v2
25,0.6523809523809524,0.0,0.0,0.0,0.45396825396825397,1.1063492063492064,0.0,2,swin_base_patch4_window7_224.ms_in22k_ft_in1k,uc-merced-land-use-dataset,TRADES_v2
26,0.2833333333333333,0.0,0.0,0.0,0.20714285714285716,0.4904761904761905,0.0,1,swin_tiny_patch4_window7_224.ms_in1k,uc-merced-land-use-dataset,TRADES_v2
27,0.047619047619047616,0.047619047619047616,0.047619047619047616,0.03333333333333333,0.047619047619047616,0.2238095238095238,1.7139634891497537e-07,2,convnext_base.clip_laion2b_augreg_ft_in12k_in1k,uc-merced-land-use-dataset,TRADES_v2
28,0.6888888888888889,0.0,0.0,0.0,0.6063492063492063,1.295238095238095,0.0,2,convnext_base.fb_in22k_ft_in1k,uc-merced-land-use-dataset,TRADES_v2
29,0.05238095238095238,0.05238095238095238,0.047619047619047616,0.047619047619047616,0.047619047619047616,0.24761904761904763,2.96270831695886e-07,1,convnext_tiny.fb_in22k_ft_in1k,uc-merced-land-use-dataset,TRADES_v2
30,,,,,,,,1,coatnet_0_rw_224.sw_in1k,uc-merced-land-use-dataset,TRADES_v2
31,0.047619047619047616,0.03492063492063492,0.0380952380952381,0.04285714285714286,0.05714285714285714,0.22063492063492063,1.551381809607549e-07,2,coatnet_2_rw_224.sw_in12k_ft_in1k,uc-merced-land-use-dataset,TRADES_v2
32,0.05,0.0,0.0,0.0,0.05,0.1,0.0,2,coatnet_2_rw_224.sw_in12k,uc-merced-land-use-dataset,TRADES_v2
33,0.8773333333333333,0.0,0.0,0.001,0.7893333333333333,1.6676666666666666,0.0,2,CLIP-convnext_base_w-laion_aesthetic-s13B-b82K,stanford_cars,TRADES_v2
34,0.8,0.276,0.21333333333333335,0.032,0.642,1.9633333333333334,0.0009677045760000002,2,CLIP-convnext_base_w-laion2B-s13B-b82K,stanford_cars,TRADES_v2
35,0.004,0.0,0.002,0.002,0.007,0.015,0.0,1,deit_small_patch16_224.fb_in1k,stanford_cars,TRADES_v2
36,0.246,0.057,0.016,0.001,0.148,0.46799999999999997,3.3204096e-08,1,robust_resnet50,stanford_cars,TRADES_v2
37,0.007,0.0,0.0,0.0,0.004,0.011,0.0,1,vit_small_patch16_224.augreg_in21k,stanford_cars,TRADES_v2
38,0.584,0.0,0.0,0.0,0.4066666666666667,0.9906666666666666,0.0,2,convnext_base.fb_in1k,stanford_cars,TRADES_v2
39,0.008,0.0,0.0,0.0,0.012,0.02,0.0,1,resnet50.a1_in1k,stanford_cars,TRADES_v2
40,0.008,0.008,0.008,0.008,0.008,0.04,3.276800000000001e-11,2,robust_vit_base_patch16_224,stanford_cars,TRADES_v2
41,0.008,0.0,0.0,0.0,0.009,0.017,0.0,2,vit_base_patch16_224.mae,stanford_cars,TRADES_v2
42,0.008,0.0,0.0,0.0,0.008,0.016,0.0,1,vit_small_patch16_224.dino,stanford_cars,TRADES_v2
43,0.072,0.0,0.0,0.0,0.057,0.129,0.0,2,convnext_base.fb_in22k,stanford_cars,TRADES_v2
44,0.007,0.007,0.008,0.005333333333333333,0.008,0.03533333333333333,1.6725333333333334e-11,2,robust_convnext_base,stanford_cars,TRADES_v2
45,0.005,0.002,0.002,0.001,0.005,0.015000000000000003,1.0000000000000002e-13,2,vit_base_patch16_224.augreg_in1k,stanford_cars,TRADES_v2
46,0.008,0.002,0.001,0.0,0.007,0.018,0.0,2,vit_base_patch16_224.augreg_in21k,stanford_cars,TRADES_v2
47,0.828,0.004,0.025333333333333333,0.004,0.6613333333333333,1.5226666666666666,2.21954048e-07,2,vit_base_patch16_clip_224.laion2b,stanford_cars,TRADES_v2
48,0.008,0.008,0.008,0.008,0.008,0.04,3.276800000000001e-11,1,convnext_tiny.fb_in1k,stanford_cars,TRADES_v2
49,0.13333333333333333,0.029333333333333333,0.022,0.01,0.096,0.29066666666666663,8.260266666666665e-08,1,robust_convnext_tiny,stanford_cars,TRADES_v2
50,0.051,0.003,0.0013333333333333333,0.0013333333333333333,0.041,0.09766666666666667,1.1152e-11,1,robust_deit_small_patch16_224,stanford_cars,TRADES_v2
51,0.005,0.005,0.004,0.005,0.005,0.024,2.5000000000000003e-12,1,vit_small_patch16_224.augreg_in1k,stanford_cars,TRADES_v2
52,0.003,0.0,0.0,0.0,0.005,0.008,0.0,1,convnext_tiny.fb_in22k,stanford_cars,TRADES_v2
53,0.63,0.0,0.0,0.0,0.486,1.116,0.0,2,vit_base_patch16_clip_224.laion2b_ft_in1k,stanford_cars,TRADES_v2
54,0.006,0.006,0.006,0.002,0.006,0.026000000000000002,2.5920000000000003e-12,2,vit_base_patch16_224.augreg_in21k_ft_in1k,stanford_cars,TRADES_v2
55,0.008,0.002,0.004,0.004,0.01,0.028000000000000004,2.5600000000000004e-12,1,vit_small_patch16_224.augreg_in21k_ft_in1k,stanford_cars,TRADES_v2
56,0.578,0.0,0.003,0.001,0.466,1.048,0.0,2,eva02_base_patch14_224.mim_in22k,stanford_cars,TRADES_v2
57,0.008,0.008,0.008,0.008,0.008,0.04,3.276800000000001e-11,1,eva02_tiny_patch14_224.mim_in22k,stanford_cars,TRADES_v2
58,0.301,0.0,0.002,0.006,0.247,0.556,0.0,2,swin_base_patch4_window7_224.ms_in22k_ft_in1k,stanford_cars,TRADES_v2
59,0.044,0.0,0.0,0.0,0.029333333333333333,0.07333333333333333,0.0,1,swin_tiny_patch4_window7_224.ms_in1k,stanford_cars,TRADES_v2
60,0.058,0.006,0.017,0.013333333333333334,0.046,0.14033333333333334,3.6284800000000007e-09,2,convnext_base.clip_laion2b_augreg_ft_in12k_in1k,stanford_cars,TRADES_v2
61,0.494,0.006,0.04666666666666667,0.044,0.375,0.9656666666666667,2.28228e-06,2,convnext_base.fb_in22k_ft_in1k,stanford_cars,TRADES_v2
62,0.118,0.0,0.0,0.004,0.089,0.211,0.0,1,convnext_tiny.fb_in22k_ft_in1k,stanford_cars,TRADES_v2
63,0.042,0.0,0.0,0.0,0.028,0.07,0.0,1,coatnet_0_rw_224.sw_in1k,stanford_cars,TRADES_v2
64,0.187,0.0,0.0,0.002,0.16,0.349,0.0,2,coatnet_2_rw_224.sw_in12k_ft_in1k,stanford_cars,TRADES_v2
65,0.141,0.0,0.0,0.0,0.10933333333333334,0.2503333333333333,0.0,2,coatnet_2_rw_224.sw_in12k,stanford_cars,TRADES_v2
66,0.666,0.304,0.405,0.4026666666666667,0.586,2.3636666666666666,0.01934844786432,2,CLIP-convnext_base_w-laion_aesthetic-s13B-b82K,caltech101,TRADES_v2
67,0.092,0.092,0.092,0.092,0.092,0.45999999999999996,6.590815231999999e-06,2,CLIP-convnext_base_w-laion2B-s13B-b82K,caltech101,TRADES_v2
68,0.724,0.185,0.375,0.42133333333333334,0.5213333333333333,2.2266666666666666,0.011032727093333333,1,deit_small_patch16_224.fb_in1k,caltech101,TRADES_v2
69,0.15,0.122,0.114,0.088,0.137,0.611,2.5151227200000004e-05,1,robust_resnet50,caltech101,TRADES_v2
70,0.795,0.0,0.005,0.02266666666666667,0.636,1.4586666666666668,0.0,1,vit_small_patch16_224.augreg_in21k,caltech101,TRADES_v2
71,0.9093333333333333,0.014666666666666666,0.034,0.128,0.791,1.8770000000000002,4.591133309155556e-05,2,convnext_base.fb_in1k,caltech101,TRADES_v2
72,0.803,0.0,0.0,0.055,0.627,1.485,0.0,1,resnet50.a1_in1k,caltech101,TRADES_v2
73,0.348,0.212,0.252,0.23466666666666666,0.304,1.3506666666666667,0.0013262965309439997,2,robust_vit_base_patch16_224,caltech101,TRADES_v2
74,0.115,0.0,0.0,0.0,0.109,0.224,0.0,2,vit_base_patch16_224.mae,caltech101,TRADES_v2
75,0.028,0.028,0.028,0.028,0.028,0.14,1.7210368e-08,1,vit_small_patch16_224.dino,caltech101,TRADES_v2
76,0.273,0.206,0.215,0.202,0.24,1.136,0.0005861799216,2,convnext_base.fb_in22k,caltech101,TRADES_v2
77,0.6973333333333334,0.3626666666666667,0.30933333333333335,0.208,0.5973333333333334,2.174666666666667,0.00971974504336751,2,robust_convnext_base,caltech101,TRADES_v2
78,0.114,0.106,0.114,0.112,0.127,0.573,1.9594641024e-05,2,vit_base_patch16_224.augreg_in1k,caltech101,TRADES_v2
79,0.147,0.137,0.128,0.058,0.135,0.605,2.0184111360000003e-05,2,vit_base_patch16_224.augreg_in21k,caltech101,TRADES_v2
80,0.804,0.144,0.249,0.36933333333333335,0.642,2.2083333333333335,0.006835517849088001,2,vit_base_patch16_clip_224.laion2b,caltech101,TRADES_v2
81,0.945,0.0,0.0,0.0,0.838,1.783,0.0,1,convnext_tiny.fb_in1k,caltech101,TRADES_v2
82,0.948,0.8,0.698,0.307,0.861,3.614,0.13992498656639998,1,robust_convnext_tiny,caltech101,TRADES_v2
83,0.2653333333333333,0.12533333333333332,0.12,0.005,0.20666666666666667,0.7223333333333333,4.123633777777777e-06,1,robust_deit_small_patch16_224,caltech101,TRADES_v2
84,0.671,0.006,0.026,0.049,0.523,1.2750000000000001,2.6825318520000005e-06,1,vit_small_patch16_224.augreg_in1k,caltech101,TRADES_v2
85,0.347,0.0,0.0,0.0,0.24,0.587,0.0,1,convnext_tiny.fb_in22k,caltech101,TRADES_v2
86,0.093,0.093,0.092,0.092,0.095,0.46499999999999997,6.95448792e-06,2,vit_base_patch16_clip_224.laion2b_ft_in1k,caltech101,TRADES_v2
87,0.027,0.0,0.0,0.0,0.042,0.069,0.0,2,vit_base_patch16_224.augreg_in21k_ft_in1k,caltech101,TRADES_v2
88,0.08266666666666667,0.0,0.0,0.0,0.066,0.14866666666666667,0.0,1,vit_small_patch16_224.augreg_in21k_ft_in1k,caltech101,TRADES_v2
89,0.902,0.021,0.08,0.08533333333333333,0.7746666666666666,1.863,0.00010017270442666667,2,eva02_base_patch14_224.mim_in22k,caltech101,TRADES_v2
90,0.148,0.129,0.135,0.13066666666666665,0.12933333333333333,0.6719999999999999,4.355725247999999e-05,1,eva02_tiny_patch14_224.mim_in22k,caltech101,TRADES_v2
91,0.915,0.087,0.22,0.598,0.794,2.614,0.0083154300372,2,swin_base_patch4_window7_224.ms_in22k_ft_in1k,caltech101,TRADES_v2
92,0.902,0.096,0.152,0.342,0.764,2.2560000000000002,0.0034390684753920005,1,swin_tiny_patch4_window7_224.ms_in1k,caltech101,TRADES_v2
93,0.114,0.114,0.08533333333333333,0.092,0.092,0.4973333333333333,9.386508288e-06,2,convnext_base.clip_laion2b_augreg_ft_in12k_in1k,caltech101,TRADES_v2
94,,,,,,,,2,convnext_base.fb_in22k_ft_in1k,caltech101,TRADES_v2
95,0.01,0.01,0.01,0.01,0.01,0.05,1.0000000000000002e-10,1,convnext_tiny.fb_in22k_ft_in1k,caltech101,TRADES_v2
96,0.31,0.0,0.0,0.0,0.19,0.5,0.0,1,coatnet_0_rw_224.sw_in1k,caltech101,TRADES_v2
97,,,,,,,,2,coatnet_2_rw_224.sw_in12k_ft_in1k,caltech101,TRADES_v2
98,,,,,,,,2,coatnet_2_rw_224.sw_in12k,caltech101,TRADES_v2
99,0.01,0.01,0.008,0.01,0.01,0.048,8.000000000000001e-11,2,CLIP-convnext_base_w-laion_aesthetic-s13B-b82K,fgvc-aircraft-2013b,TRADES_v2
100,0.178,0.0,0.0,0.0,0.15866666666666668,0.33666666666666667,0.0,2,CLIP-convnext_base_w-laion2B-s13B-b82K,fgvc-aircraft-2013b,TRADES_v2
101,0.061,0.0,0.0,0.0,0.051,0.11199999999999999,0.0,1,deit_small_patch16_224.fb_in1k,fgvc-aircraft-2013b,TRADES_v2
102,0.13,0.011,0.002,0.0,0.093,0.23600000000000002,0.0,1,robust_resnet50,fgvc-aircraft-2013b,TRADES_v2
103,0.010666666666666666,0.0,0.0,0.0,0.01,0.020666666666666667,0.0,1,vit_small_patch16_224.augreg_in21k,fgvc-aircraft-2013b,TRADES_v2
104,0.088,0.0,0.0,0.0,0.088,0.176,0.0,2,convnext_base.fb_in1k,fgvc-aircraft-2013b,TRADES_v2
105,0.008,0.0,0.0,0.0,0.01,0.018000000000000002,0.0,1,resnet50.a1_in1k,fgvc-aircraft-2013b,TRADES_v2
106,0.052,0.003,0.004,0.0026666666666666666,0.051,0.11266666666666666,8.486399999999999e-11,2,robust_vit_base_patch16_224,fgvc-aircraft-2013b,TRADES_v2
107,0.009,0.0,0.0,0.0,0.008,0.017,0.0,2,vit_base_patch16_224.mae,fgvc-aircraft-2013b,TRADES_v2
108,0.017,0.0,0.0,0.0,0.016,0.033,0.0,1,vit_small_patch16_224.dino,fgvc-aircraft-2013b,TRADES_v2
109,0.424,0.0,0.0,0.0,0.398,0.8220000000000001,0.0,2,convnext_base.fb_in22k,fgvc-aircraft-2013b,TRADES_v2
110,0.008,0.002,0.002,0.0,0.008,0.02,0.0,2,robust_convnext_base,fgvc-aircraft-2013b,TRADES_v2
111,0.051,0.0,0.004,0.007,0.048,0.10999999999999999,0.0,2,vit_base_patch16_224.augreg_in1k,fgvc-aircraft-2013b,TRADES_v2
112,0.009,0.0,0.0,0.0,0.009,0.018,0.0,2,vit_base_patch16_224.augreg_in21k,fgvc-aircraft-2013b,TRADES_v2
113,0.008,0.0,0.002,0.002,0.008,0.02,0.0,2,vit_base_patch16_clip_224.laion2b,fgvc-aircraft-2013b,TRADES_v2
114,0.052,0.0,0.0,0.0,0.051,0.103,0.0,1,convnext_tiny.fb_in1k,fgvc-aircraft-2013b,TRADES_v2
115,0.09733333333333333,0.016,0.007,0.003,0.069,0.19233333333333336,2.256576e-09,1,robust_convnext_tiny,fgvc-aircraft-2013b,TRADES_v2
116,0.013,0.008,0.006,0.005,0.017,0.048999999999999995,5.3040000000000005e-11,1,robust_deit_small_patch16_224,fgvc-aircraft-2013b,TRADES_v2
117,0.01,0.01,0.01,0.01,0.01,0.05,1.0000000000000002e-10,1,vit_small_patch16_224.augreg_in1k,fgvc-aircraft-2013b,TRADES_v2
118,0.017333333333333333,0.0,0.0,0.0,0.016,0.03333333333333333,0.0,1,convnext_tiny.fb_in22k,fgvc-aircraft-2013b,TRADES_v2
119,0.173,0.0,0.0,0.0,0.156,0.32899999999999996,0.0,2,vit_base_patch16_clip_224.laion2b_ft_in1k,fgvc-aircraft-2013b,TRADES_v2
120,0.012,0.0,0.0,0.0,0.013,0.025,0.0,2,vit_base_patch16_224.augreg_in21k_ft_in1k,fgvc-aircraft-2013b,TRADES_v2
121,0.016,0.008,0.008,0.005,0.018666666666666668,0.05566666666666667,9.557333333333336e-11,1,vit_small_patch16_224.augreg_in21k_ft_in1k,fgvc-aircraft-2013b,TRADES_v2
122,0.122,0.0,0.0,0.001,0.104,0.22699999999999998,0.0,2,eva02_base_patch14_224.mim_in22k,fgvc-aircraft-2013b,TRADES_v2
123,0.03,0.0,0.0,0.003,0.024,0.057,0.0,1,eva02_tiny_patch14_224.mim_in22k,fgvc-aircraft-2013b,TRADES_v2
124,0.312,0.0,0.0,0.0,0.2613333333333333,0.5733333333333333,0.0,2,swin_base_patch4_window7_224.ms_in22k_ft_in1k,fgvc-aircraft-2013b,TRADES_v2
125,0.012,0.012,0.01,0.01,0.01,0.054000000000000006,1.44e-10,1,swin_tiny_patch4_window7_224.ms_in1k,fgvc-aircraft-2013b,TRADES_v2
126,0.03333333333333333,0.012,0.013333333333333334,0.008,0.031,0.09766666666666668,1.3226666666666669e-09,2,convnext_base.clip_laion2b_augreg_ft_in12k_in1k,fgvc-aircraft-2013b,TRADES_v2
127,0.059,0.0,0.0,0.0,0.054,0.11299999999999999,0.0,2,convnext_base.fb_in22k_ft_in1k,fgvc-aircraft-2013b,TRADES_v2
128,0.009333333333333334,0.0,0.0,0.0,0.008,0.017333333333333333,0.0,1,convnext_tiny.fb_in22k_ft_in1k,fgvc-aircraft-2013b,TRADES_v2
129,0.01,0.01,0.016,0.012,0.01,0.058,1.9200000000000003e-10,1,coatnet_0_rw_224.sw_in1k,fgvc-aircraft-2013b,TRADES_v2
130,0.026,0.0,0.0,0.001,0.028,0.055,0.0,2,coatnet_2_rw_224.sw_in12k_ft_in1k,fgvc-aircraft-2013b,TRADES_v2
131,0.01,0.0,0.0,0.0,0.010666666666666666,0.020666666666666667,0.0,2,coatnet_2_rw_224.sw_in12k,fgvc-aircraft-2013b,TRADES_v2
132,0.012,0.0,0.0,0.0,0.015,0.027,0.0,2,CLIP-convnext_base_w-laion_aesthetic-s13B-b82K,flowers-102,TRADES_v2
133,0.01,0.009,0.010666666666666666,0.01,0.009,0.04866666666666667,8.64e-11,2,CLIP-convnext_base_w-laion2B-s13B-b82K,flowers-102,TRADES_v2
134,0.14,0.0,0.0,0.0,0.112,0.252,0.0,1,deit_small_patch16_224.fb_in1k,flowers-102,TRADES_v2
135,0.479,0.246,0.121,0.021333333333333333,0.345,1.2123333333333333,0.00010493824703999996,1,robust_resnet50,flowers-102,TRADES_v2
136,0.532,0.0,0.0,0.006,0.448,0.986,0.0,1,vit_small_patch16_224.augreg_in21k,flowers-102,TRADES_v2
137,0.07,0.016,0.019,0.017,0.06,0.182,2.1705600000000004e-08,2,convnext_base.fb_in1k,flowers-102,TRADES_v2
138,0.225,0.0,0.0,0.004,0.165,0.394,0.0,1,resnet50.a1_in1k,flowers-102,TRADES_v2
139,0.016,0.0,0.0,0.0,0.011,0.027,0.0,2,robust_vit_base_patch16_224,flowers-102,TRADES_v2
140,0.016,0.0,0.0,0.0,0.016,0.032,0.0,2,vit_base_patch16_224.mae,flowers-102,TRADES_v2
141,0.016,0.0,0.0,0.0,0.009,0.025,0.0,1,vit_small_patch16_224.dino,flowers-102,TRADES_v2
142,0.988,0.0,0.0,0.0,0.97,1.958,0.0,2,convnext_base.fb_in22k,flowers-102,TRADES_v2
143,0.018,0.018,0.018,0.018,0.017333333333333333,0.08933333333333332,1.8195839999999992e-09,2,robust_convnext_base,flowers-102,TRADES_v2
144,0.485,0.001,0.03,0.050666666666666665,0.422,0.9886666666666666,3.1109839999999994e-07,2,vit_base_patch16_224.augreg_in1k,flowers-102,TRADES_v2
145,0.008,0.0,0.0,0.0,0.005,0.013000000000000001,0.0,2,vit_base_patch16_224.augreg_in21k,flowers-102,TRADES_v2
146,0.002,0.001,0.0013333333333333333,0.001,0.004,0.009333333333333332,1.0666666666666667e-14,2,vit_base_patch16_clip_224.laion2b,flowers-102,TRADES_v2
147,0.5933333333333334,0.0,0.0,0.0,0.478,1.0713333333333335,0.0,1,convnext_tiny.fb_in1k,flowers-102,TRADES_v2
148,0.016,0.016,0.018,0.018,0.018,0.08600000000000001,1.4929919999999996e-09,1,robust_convnext_tiny,flowers-102,TRADES_v2
149,0.004,0.0026666666666666666,0.005,0.004,0.005,0.020666666666666667,1.0666666666666667e-12,1,robust_deit_small_patch16_224,flowers-102,TRADES_v2
150,0.436,0.0,0.001,0.0013333333333333333,0.31466666666666665,0.753,0.0,1,vit_small_patch16_224.augreg_in1k,flowers-102,TRADES_v2
151,0.044,0.011,0.014666666666666666,0.024,0.03866666666666667,0.1323333333333333,6.5875626666666665e-09,1,convnext_tiny.fb_in22k,flowers-102,TRADES_v2
152,0.006,0.005,0.005,0.005,0.006,0.027000000000000003,4.500000000000001e-12,2,vit_base_patch16_clip_224.laion2b_ft_in1k,flowers-102,TRADES_v2
153,0.014,0.008,0.0013333333333333333,0.0,0.011,0.03433333333333333,0.0,2,vit_base_patch16_224.augreg_in21k_ft_in1k,flowers-102,TRADES_v2
154,0.006,0.006,0.004,0.002,0.004,0.022000000000000002,1.1520000000000001e-12,1,vit_small_patch16_224.augreg_in21k_ft_in1k,flowers-102,TRADES_v2
155,0.0013333333333333333,0.0013333333333333333,0.006,0.004,0.003,0.015666666666666666,1.28e-13,2,eva02_base_patch14_224.mim_in22k,flowers-102,TRADES_v2
156,0.014,0.0,0.0,0.0,0.008,0.022,0.0,1,eva02_tiny_patch14_224.mim_in22k,flowers-102,TRADES_v2
157,0.435,0.0,0.011,0.076,0.392,0.914,0.0,2,swin_base_patch4_window7_224.ms_in22k_ft_in1k,flowers-102,TRADES_v2
158,0.749,0.0,0.0,0.0,0.62,1.369,0.0,1,swin_tiny_patch4_window7_224.ms_in1k,flowers-102,TRADES_v2
159,0.04133333333333333,0.02266666666666667,0.024,0.025333333333333333,0.03333333333333333,0.14666666666666667,1.8987614814814812e-08,2,convnext_base.clip_laion2b_augreg_ft_in12k_in1k,flowers-102,TRADES_v2
160,0.006666666666666667,0.0,0.0,0.0,0.015,0.021666666666666667,0.0,2,convnext_base.fb_in22k_ft_in1k,flowers-102,TRADES_v2
161,0.151,0.0,0.0,0.0,0.11066666666666666,0.26166666666666666,0.0,1,convnext_tiny.fb_in22k_ft_in1k,flowers-102,TRADES_v2
162,0.008,0.0,0.0,0.002,0.011,0.020999999999999998,0.0,1,coatnet_0_rw_224.sw_in1k,flowers-102,TRADES_v2
163,0.003,0.0,0.0,0.0013333333333333333,0.003,0.007333333333333333,0.0,2,coatnet_2_rw_224.sw_in12k_ft_in1k,flowers-102,TRADES_v2
164,0.288,0.0,0.0,0.0,0.204,0.492,0.0,2,coatnet_2_rw_224.sw_in12k,flowers-102,TRADES_v2
165,0.037,0.011,0.023,0.029333333333333333,0.032,0.13233333333333336,8.786858666666665e-09,2,CLIP-convnext_base_w-laion_aesthetic-s13B-b82K,oxford-iiit-pet,TRADES_v2
166,0.72,0.068,0.13466666666666666,0.04,0.616,1.5786666666666669,0.00016245841920000003,2,CLIP-convnext_base_w-laion2B-s13B-b82K,oxford-iiit-pet,TRADES_v2
167,0.895,0.0,0.0,0.0,0.803,1.698,0.0,1,deit_small_patch16_224.fb_in1k,oxford-iiit-pet,TRADES_v2
168,0.6,0.248,0.027,0.0,0.356,1.2309999999999999,0.0,1,robust_resnet50,oxford-iiit-pet,TRADES_v2
169,0.012,0.0,0.0,0.0,0.017,0.029,0.0,1,vit_small_patch16_224.augreg_in21k,oxford-iiit-pet,TRADES_v2
170,0.9053333333333333,0.0,0.0,0.0,0.828,1.7333333333333334,0.0,2,convnext_base.fb_in1k,oxford-iiit-pet,TRADES_v2
171,0.032,0.0,0.0,0.0,0.02666666666666667,0.05866666666666667,0.0,1,resnet50.a1_in1k,oxford-iiit-pet,TRADES_v2
172,0.607,0.028,0.051,0.006,0.511,1.203,2.657596536e-06,2,robust_vit_base_patch16_224,oxford-iiit-pet,TRADES_v2
173,0.031,0.004,0.001,0.0,0.029,0.065,0.0,2,vit_base_patch16_224.mae,oxford-iiit-pet,TRADES_v2
174,0.03,0.004,0.0,0.0,0.029,0.063,0.0,1,vit_small_patch16_224.dino,oxford-iiit-pet,TRADES_v2
175,0.856,0.0,0.0,0.0,0.791,1.647,0.0,2,convnext_base.fb_in22k,oxford-iiit-pet,TRADES_v2
176,0.030666666666666665,0.030666666666666665,0.02266666666666667,0.028,0.028,0.13999999999999999,1.671232474074074e-08,2,robust_convnext_base,oxford-iiit-pet,TRADES_v2
177,0.72,0.0,0.0,0.006,0.617,1.343,0.0,2,vit_base_patch16_224.augreg_in1k,oxford-iiit-pet,TRADES_v2
178,0.027,0.027,0.027,0.027,0.027,0.135,1.4348906999999998e-08,2,vit_base_patch16_224.augreg_in21k,oxford-iiit-pet,TRADES_v2
179,,,,,,,,2,vit_base_patch16_clip_224.laion2b,oxford-iiit-pet,TRADES_v2
180,0.929,0.0,0.0,0.001,0.868,1.798,0.0,1,convnext_tiny.fb_in1k,oxford-iiit-pet,TRADES_v2
181,0.324,0.086,0.048,0.001,0.268,0.7270000000000001,3.5844249600000003e-07,1,robust_convnext_tiny,oxford-iiit-pet,TRADES_v2
182,0.025333333333333333,0.025333333333333333,0.02666666666666667,0.027,0.027,0.13133333333333333,1.2476160000000002e-08,1,robust_deit_small_patch16_224,oxford-iiit-pet,TRADES_v2
183,0.022,0.014,0.018666666666666668,0.013,0.018666666666666668,0.08633333333333333,1.3951715555555556e-09,1,vit_small_patch16_224.augreg_in1k,oxford-iiit-pet,TRADES_v2
184,0.022,0.022,0.04,0.027,0.022,0.13299999999999998,1.1499839999999997e-08,1,convnext_tiny.fb_in22k,oxford-iiit-pet,TRADES_v2
185,0.027,0.027,0.028,0.027,0.027,0.136,1.4880348e-08,2,vit_base_patch16_clip_224.laion2b_ft_in1k,oxford-iiit-pet,TRADES_v2
186,0.065,0.0,0.0,0.0,0.072,0.137,0.0,2,vit_base_patch16_224.augreg_in21k_ft_in1k,oxford-iiit-pet,TRADES_v2
187,0.22,0.0,0.0,0.0,0.20533333333333334,0.42533333333333334,0.0,1,vit_small_patch16_224.augreg_in21k_ft_in1k,oxford-iiit-pet,TRADES_v2
188,0.728,0.004,0.026,0.006,0.6173333333333333,1.3813333333333333,2.8043724799999996e-07,2,eva02_base_patch14_224.mim_in22k,oxford-iiit-pet,TRADES_v2
189,0.03,0.0,0.005333333333333333,0.006666666666666667,0.032,0.07400000000000001,0.0,1,eva02_tiny_patch14_224.mim_in22k,oxford-iiit-pet,TRADES_v2
190,0.794,0.0,0.0,0.001,0.711,1.506,0.0,2,swin_base_patch4_window7_224.ms_in22k_ft_in1k,oxford-iiit-pet,TRADES_v2
191,0.772,0.0,0.0,0.0026666666666666666,0.6653333333333333,1.44,0.0,1,swin_tiny_patch4_window7_224.ms_in1k,oxford-iiit-pet,TRADES_v2
192,0.463,0.0,0.0,0.0,0.362,0.825,0.0,2,convnext_base.clip_laion2b_augreg_ft_in12k_in1k,oxford-iiit-pet,TRADES_v2
193,0.913,0.0,0.0,0.015,0.819,1.7469999999999999,0.0,2,convnext_base.fb_in22k_ft_in1k,oxford-iiit-pet,TRADES_v2
194,0.022,0.019,0.021,0.032,0.021,0.115,5.898816e-09,1,convnext_tiny.fb_in22k_ft_in1k,oxford-iiit-pet,TRADES_v2
195,0.904,0.0,0.0,0.004,0.774,1.682,0.0,1,coatnet_0_rw_224.sw_in1k,oxford-iiit-pet,TRADES_v2
196,0.024,0.0,0.002,0.012,0.029333333333333333,0.06733333333333334,0.0,2,coatnet_2_rw_224.sw_in12k_ft_in1k,oxford-iiit-pet,TRADES_v2
197,0.196,0.0,0.0,0.0,0.134,0.33,0.0,2,coatnet_2_rw_224.sw_in12k,oxford-iiit-pet,TRADES_v2
198,,,,,,,,2,CLIP-convnext_base_w-laion_aesthetic-s13B-b82K,uc-merced-land-use-dataset,CLASSIC_AT
199,0.047619047619047616,0.047619047619047616,0.04047619047619048,0.047619047619047616,0.0380952380952381,0.22142857142857142,1.6649931037454754e-07,2,CLIP-convnext_base_w-laion2B-s13B-b82K,uc-merced-land-use-dataset,CLASSIC_AT
200,0.3119047619047619,0.009523809523809525,0.06428571428571428,0.09285714285714286,0.26666666666666666,0.7452380952380953,4.7285853116756906e-06,1,deit_small_patch16_224.fb_in1k,uc-merced-land-use-dataset,CLASSIC_AT
201,0.8380952380952381,0.5619047619047619,0.46904761904761905,0.17857142857142858,0.55,2.5976190476190473,0.02169440202384809,1,robust_resnet50,uc-merced-land-use-dataset,CLASSIC_AT
202,0.09523809523809523,0.03571428571428571,0.02142857142857143,0.01904761904761905,0.08095238095238096,0.2523809523809524,1.1238703450281958e-07,1,vit_small_patch16_224.augreg_in21k,uc-merced-land-use-dataset,CLASSIC_AT
203,,,,,,,,2,convnext_base.fb_in1k,uc-merced-land-use-dataset,CLASSIC_AT
204,0.05476190476190476,0.0,0.0,0.0,0.06666666666666667,0.12142857142857143,0.0,1,resnet50.a1_in1k,uc-merced-land-use-dataset,CLASSIC_AT
205,0.047619047619047616,0.04285714285714286,0.047619047619047616,0.0380952380952381,0.047619047619047616,0.22380952380952382,1.7629338745540327e-07,2,robust_vit_base_patch16_224,uc-merced-land-use-dataset,CLASSIC_AT
206,0.12142857142857143,0.04047619047619048,0.02857142857142857,0.0,0.11190476190476191,0.3023809523809524,0.0,2,vit_base_patch16_224.mae,uc-merced-land-use-dataset,CLASSIC_AT
207,0.12142857142857143,0.07857142857142857,0.07380952380952381,0.022222222222222223,0.10238095238095238,0.39841269841269844,1.6021552233894314e-06,1,vit_small_patch16_224.dino,uc-merced-land-use-dataset,CLASSIC_AT
208,0.047619047619047616,0.047619047619047616,0.047619047619047616,0.050793650793650794,0.047619047619047616,0.24126984126984125,2.6117538882281957e-07,2,convnext_base.fb_in22k,uc-merced-land-use-dataset,CLASSIC_AT
209,0.050793650793650794,0.050793650793650794,0.044444444444444446,0.04126984126984127,0.047619047619047616,0.23492063492063492,2.2534599474134842e-07,2,robust_convnext_base,uc-merced-land-use-dataset,CLASSIC_AT
210,0.10952380952380952,0.10476190476190476,0.10714285714285714,0.10238095238095238,0.09047619047619047,0.5142857142857143,1.1387506087631036e-05,2,vit_base_patch16_224.augreg_in1k,uc-merced-land-use-dataset,CLASSIC_AT
211,0.07301587301587302,0.04126984126984127,0.0031746031746031746,0.0,0.06666666666666667,0.18412698412698414,0.0,2,vit_base_patch16_224.augreg_in21k,uc-merced-land-use-dataset,CLASSIC_AT
212,0.1261904761904762,0.030952380952380953,0.04523809523809524,0.04523809523809524,0.11904761904761904,0.3666666666666667,9.515902336891276e-07,2,vit_base_patch16_clip_224.laion2b,uc-merced-land-use-dataset,CLASSIC_AT
213,0.047619047619047616,0.047619047619047616,0.047619047619047616,0.047619047619047616,0.05238095238095238,0.24285714285714285,2.693371197235327e-07,1,convnext_tiny.fb_in1k,uc-merced-land-use-dataset,CLASSIC_AT
214,0.1,0.009523809523809525,0.006349206349206349,0.0,0.10476190476190476,0.22063492063492063,0.0,1,robust_convnext_tiny,uc-merced-land-use-dataset,CLASSIC_AT
215,0.04523809523809524,0.002380952380952381,0.0,0.0,0.04523809523809524,0.09285714285714286,0.0,1,robust_deit_small_patch16_224,uc-merced-land-use-dataset,CLASSIC_AT
216,0.22857142857142856,0.06984126984126984,0.10238095238095238,0.09841269841269841,,0.4992063492063492,0.0001608438185049782,1,vit_small_patch16_224.augreg_in1k,uc-merced-land-use-dataset,CLASSIC_AT
217,0.17777777777777778,0.01904761904761905,0.08333333333333333,0.12380952380952381,0.0761904761904762,0.4801587301587302,2.661899562882179e-06,1,convnext_tiny.fb_in22k,uc-merced-land-use-dataset,CLASSIC_AT
218,0.16666666666666666,0.0,0.0,0.009523809523809525,0.1111111111111111,0.2873015873015873,0.0,2,vit_base_patch16_clip_224.laion2b_ft_in1k,uc-merced-land-use-dataset,CLASSIC_AT
219,0.48333333333333334,0.0,0.0,0.0,0.36904761904761907,0.8523809523809525,0.0,2,vit_base_patch16_224.augreg_in21k_ft_in1k,uc-merced-land-use-dataset,CLASSIC_AT
220,0.12380952380952381,0.0,0.0,0.0,0.1111111111111111,0.23492063492063492,0.0,1,vit_small_patch16_224.augreg_in21k_ft_in1k,uc-merced-land-use-dataset,CLASSIC_AT
221,0.06666666666666667,0.06666666666666667,0.044444444444444446,0.04126984126984127,0.047619047619047616,0.26666666666666666,3.8819368625365097e-07,2,eva02_base_patch14_224.mim_in22k,uc-merced-land-use-dataset,CLASSIC_AT
222,0.12380952380952381,0.09047619047619047,0.10476190476190476,0.10476190476190476,0.10714285714285714,0.530952380952381,1.3172201177199094e-05,1,eva02_tiny_patch14_224.mim_in22k,uc-merced-land-use-dataset,CLASSIC_AT
223,0.0761904761904762,0.0,0.0,0.009523809523809525,0.0880952380952381,0.1738095238095238,0.0,2,swin_base_patch4_window7_224.ms_in22k_ft_in1k,uc-merced-land-use-dataset,CLASSIC_AT
224,0.05476190476190476,0.0,0.0,0.0,0.05238095238095238,0.10714285714285715,0.0,1,swin_tiny_patch4_window7_224.ms_in1k,uc-merced-land-use-dataset,CLASSIC_AT
225,0.04126984126984127,0.04126984126984127,0.05238095238095238,0.047619047619047616,0.047619047619047616,0.23015873015873015,2.0230210325900903e-07,2,convnext_base.clip_laion2b_augreg_ft_in12k_in1k,uc-merced-land-use-dataset,CLASSIC_AT
226,0.09761904761904762,0.0,0.0,0.0,0.09047619047619047,0.1880952380952381,0.0,2,convnext_base.fb_in22k_ft_in1k,uc-merced-land-use-dataset,CLASSIC_AT
227,,,,,,,,1,convnext_tiny.fb_in22k_ft_in1k,uc-merced-land-use-dataset,CLASSIC_AT
228,,,,,,,,1,coatnet_0_rw_224.sw_in1k,uc-merced-land-use-dataset,CLASSIC_AT
229,0.06666666666666667,0.0031746031746031746,0.030952380952380953,0.050793650793650794,0.05714285714285714,0.20873015873015874,1.9013568306301274e-08,2,coatnet_2_rw_224.sw_in12k_ft_in1k,uc-merced-land-use-dataset,CLASSIC_AT
230,0.06666666666666667,0.0,0.0,0.0,0.06984126984126984,0.13650793650793652,0.0,2,coatnet_2_rw_224.sw_in12k,uc-merced-land-use-dataset,CLASSIC_AT
231,0.009333333333333334,0.009333333333333334,0.006666666666666667,0.008,0.008,0.04133333333333334,3.716740740740742e-11,2,CLIP-convnext_base_w-laion_aesthetic-s13B-b82K,stanford_cars,CLASSIC_AT
232,0.006666666666666667,0.006666666666666667,0.006666666666666667,0.012,0.009333333333333334,0.04133333333333333,3.31851851851852e-11,2,CLIP-convnext_base_w-laion2B-s13B-b82K,stanford_cars,CLASSIC_AT
233,0.004,0.0,0.002,0.004,0.006,0.016,0.0,1,deit_small_patch16_224.fb_in1k,stanford_cars,CLASSIC_AT
234,0.271,0.111,0.042,0.002,0.169,0.595,4.270298760000001e-07,1,robust_resnet50,stanford_cars,CLASSIC_AT
235,0.006666666666666667,0.006666666666666667,0.008,0.006666666666666667,0.008,0.036000000000000004,1.8962962962962968e-11,1,vit_small_patch16_224.augreg_in21k,stanford_cars,CLASSIC_AT
236,0.006666666666666667,0.006666666666666667,0.008,0.008,0.008,0.037333333333333336,2.2755555555555564e-11,2,convnext_base.fb_in1k,stanford_cars,CLASSIC_AT
237,0.004,0.004,0.003,0.002,0.003,0.016,2.8800000000000004e-13,1,resnet50.a1_in1k,stanford_cars,CLASSIC_AT
238,0.008,0.008,0.008,0.004,0.01,0.038,2.0480000000000003e-11,2,robust_vit_base_patch16_224,stanford_cars,CLASSIC_AT
239,0.005,0.001,0.0,0.0,0.008,0.014,0.0,2,vit_base_patch16_224.mae,stanford_cars,CLASSIC_AT
240,0.022,0.0,0.0,0.0,0.016,0.038,0.0,1,vit_small_patch16_224.dino,stanford_cars,CLASSIC_AT
241,0.008,0.008,0.006,0.009333333333333334,0.008,0.03933333333333333,2.8672000000000004e-11,2,convnext_base.fb_in22k,stanford_cars,CLASSIC_AT
242,0.006666666666666667,0.006666666666666667,0.009333333333333334,0.006666666666666667,0.013,0.042333333333333334,3.595061728395062e-11,2,robust_convnext_base,stanford_cars,CLASSIC_AT
243,0.012,0.008,0.01,0.012,0.010666666666666666,0.05266666666666666,1.2288000000000002e-10,2,vit_base_patch16_224.augreg_in1k,stanford_cars,CLASSIC_AT
244,0.005333333333333333,0.005333333333333333,0.005,0.005,0.004,0.024666666666666667,2.8444444444444447e-12,2,vit_base_patch16_224.augreg_in21k,stanford_cars,CLASSIC_AT
245,0.008,0.008,0.008,0.008,0.012,0.044,4.915200000000001e-11,2,vit_base_patch16_clip_224.laion2b,stanford_cars,CLASSIC_AT
246,0.008,0.008,0.008,0.008,0.004,0.036000000000000004,1.6384000000000005e-11,1,convnext_tiny.fb_in1k,stanford_cars,CLASSIC_AT
247,0.01,0.001,0.0013333333333333333,0.0,0.005,0.017333333333333333,0.0,1,robust_convnext_tiny,stanford_cars,CLASSIC_AT
248,0.006,0.0,0.0,0.0,0.008,0.014,0.0,1,robust_deit_small_patch16_224,stanford_cars,CLASSIC_AT
249,0.006666666666666667,0.006666666666666667,0.008,0.008,0.008,0.037333333333333336,2.2755555555555564e-11,1,vit_small_patch16_224.augreg_in1k,stanford_cars,CLASSIC_AT
250,,,,,,,,1,convnext_tiny.fb_in22k,stanford_cars,CLASSIC_AT
251,0.008,0.008,0.008,0.009333333333333334,0.008,0.04133333333333333,3.822933333333334e-11,2,vit_base_patch16_clip_224.laion2b_ft_in1k,stanford_cars,CLASSIC_AT
252,0.004,0.004,0.004,0.003,0.008,0.023,1.5360000000000001e-12,2,vit_base_patch16_224.augreg_in21k_ft_in1k,stanford_cars,CLASSIC_AT
253,0.006666666666666667,0.006666666666666667,0.008,0.006666666666666667,0.008,0.036000000000000004,1.8962962962962968e-11,1,vit_small_patch16_224.augreg_in21k_ft_in1k,stanford_cars,CLASSIC_AT
254,0.009333333333333334,0.009333333333333334,0.008,0.008,0.008,0.042666666666666665,4.46008888888889e-11,2,eva02_base_patch14_224.mim_in22k,stanford_cars,CLASSIC_AT
255,0.008,0.008,0.008,0.008,0.008,0.04,3.276800000000001e-11,1,eva02_tiny_patch14_224.mim_in22k,stanford_cars,CLASSIC_AT
256,0.009333333333333334,0.009333333333333334,0.008,0.006666666666666667,0.008,0.04133333333333333,3.7167407407407424e-11,2,swin_base_patch4_window7_224.ms_in22k_ft_in1k,stanford_cars,CLASSIC_AT
257,0.008,0.003,0.0026666666666666666,0.008,0.008,0.029666666666666668,4.096000000000001e-12,1,swin_tiny_patch4_window7_224.ms_in1k,stanford_cars,CLASSIC_AT
258,0.008,0.008,0.008,0.006666666666666667,0.006666666666666667,0.037333333333333336,2.275555555555556e-11,2,convnext_base.clip_laion2b_augreg_ft_in12k_in1k,stanford_cars,CLASSIC_AT
259,0.021,0.0,0.0,0.0,0.02,0.041,0.0,2,convnext_base.fb_in22k_ft_in1k,stanford_cars,CLASSIC_AT
260,0.0013333333333333333,0.0,0.0,0.0,0.006,0.007333333333333333,0.0,1,convnext_tiny.fb_in22k_ft_in1k,stanford_cars,CLASSIC_AT
261,0.001,0.0,0.0,0.0,0.004,0.005,0.0,1,coatnet_0_rw_224.sw_in1k,stanford_cars,CLASSIC_AT
262,0.012,0.006,0.006,0.009333333333333334,0.008,0.04133333333333333,3.2256000000000005e-11,2,coatnet_2_rw_224.sw_in12k_ft_in1k,stanford_cars,CLASSIC_AT
263,0.008,0.008,0.0013333333333333333,0.006,0.005333333333333333,0.028666666666666663,2.7306666666666665e-12,2,coatnet_2_rw_224.sw_in12k,stanford_cars,CLASSIC_AT
264,0.244,0.0,0.0,0.0,0.18266666666666667,0.42666666666666664,0.0,2,CLIP-convnext_base_w-laion_aesthetic-s13B-b82K,caltech101,CLASSIC_AT
265,0.092,0.092,0.092,0.092,0.092,0.45999999999999996,6.590815231999999e-06,2,CLIP-convnext_base_w-laion2B-s13B-b82K,caltech101,CLASSIC_AT
266,0.7866666666666666,0.3546666666666667,0.538,0.548,0.67,2.897333333333333,0.055112328240355564,1,deit_small_patch16_224.fb_in1k,caltech101,CLASSIC_AT
267,0.81,0.646,0.427,0.14,0.606,2.629,0.0189559725768,1,robust_resnet50,caltech101,CLASSIC_AT
268,0.22,0.198,0.18533333333333332,0.173,0.171,0.9473333333333334,0.00023882710895999998,1,vit_small_patch16_224.augreg_in21k,caltech101,CLASSIC_AT
269,0.515,0.0,0.0,0.0013333333333333333,0.473,0.9893333333333333,0.0,2,convnext_base.fb_in1k,caltech101,CLASSIC_AT
270,0.586,0.0,0.0,0.083,0.462,1.131,0.0,1,resnet50.a1_in1k,caltech101,CLASSIC_AT
271,0.145,0.137,0.139,0.127,0.136,0.684,4.769205092000001e-05,2,robust_vit_base_patch16_224,caltech101,CLASSIC_AT
272,0.391,0.29,0.044,0.0,0.335,1.06,0.0,2,vit_base_patch16_224.mae,caltech101,CLASSIC_AT
273,0.092,0.092,0.07866666666666666,0.07866666666666666,0.09066666666666667,0.432,4.7490287691851845e-06,1,vit_small_patch16_224.dino,caltech101,CLASSIC_AT
274,0.832,0.0,0.0,0.014,0.789,1.635,0.0,2,convnext_base.fb_in22k,caltech101,CLASSIC_AT
275,0.092,0.092,0.07,0.09066666666666667,0.108,0.45266666666666666,5.80156416e-06,2,robust_convnext_base,caltech101,CLASSIC_AT
276,0.52,0.277,0.351,0.336,0.403,1.8870000000000002,0.0068459630803200016,2,vit_base_patch16_224.augreg_in1k,caltech101,CLASSIC_AT
277,0.11,0.101,0.07333333333333333,0.096,0.111,0.4913333333333333,8.681798400000001e-06,2,vit_base_patch16_224.augreg_in21k,caltech101,CLASSIC_AT
278,0.014,0.006,0.005,0.0013333333333333333,0.012,0.03833333333333333,6.7200000000000004e-12,2,vit_base_patch16_clip_224.laion2b,caltech101,CLASSIC_AT
279,0.09733333333333333,0.09733333333333333,0.092,0.092,0.084,0.4626666666666666,6.735628629333333e-06,1,convnext_tiny.fb_in1k,caltech101,CLASSIC_AT
280,0.81,0.703,0.671,0.502,0.72,3.4059999999999997,0.1381017168432,1,robust_convnext_tiny,caltech101,CLASSIC_AT
281,0.167,0.143,0.152,0.153,0.155,0.77,8.608336308e-05,1,robust_deit_small_patch16_224,caltech101,CLASSIC_AT
282,0.194,0.162,0.151,0.144,0.148,0.799,0.00010113882393600001,1,vit_small_patch16_224.augreg_in1k,caltech101,CLASSIC_AT
283,,,,,,,,1,convnext_tiny.fb_in22k,caltech101,CLASSIC_AT
284,0.092,0.092,0.092,0.092,0.092,0.45999999999999996,6.590815231999999e-06,2,vit_base_patch16_clip_224.laion2b_ft_in1k,caltech101,CLASSIC_AT
285,0.709,0.002,0.009,0.0,0.575,1.295,0.0,2,vit_base_patch16_224.augreg_in21k_ft_in1k,caltech101,CLASSIC_AT
286,0.143,0.137,0.138,0.137,0.135,0.6900000000000001,5.0002305210000014e-05,1,vit_small_patch16_224.augreg_in21k_ft_in1k,caltech101,CLASSIC_AT
287,0.143,0.133,0.128,0.097,0.135,0.636,3.187888704000001e-05,2,eva02_base_patch14_224.mim_in22k,caltech101,CLASSIC_AT
288,0.144,0.134,0.14,0.134,0.136,0.6880000000000001,4.9231042560000016e-05,1,eva02_tiny_patch14_224.mim_in22k,caltech101,CLASSIC_AT
289,0.858,0.502,0.673,0.724,0.746,3.5029999999999997,0.156560955394272,2,swin_base_patch4_window7_224.ms_in22k_ft_in1k,caltech101,CLASSIC_AT
290,0.092,0.092,0.09,0.092,0.092,0.45799999999999996,6.447536639999999e-06,1,swin_tiny_patch4_window7_224.ms_in1k,caltech101,CLASSIC_AT
291,,,,,,,,2,convnext_base.clip_laion2b_augreg_ft_in12k_in1k,caltech101,CLASSIC_AT
292,0.092,0.092,0.092,0.092,0.092,0.45999999999999996,6.590815231999999e-06,2,convnext_base.fb_in22k_ft_in1k,caltech101,CLASSIC_AT
293,0.823,0.543,0.674,0.693,0.727,3.46,0.151749478341846,1,convnext_tiny.fb_in22k_ft_in1k,caltech101,CLASSIC_AT
294,0.135,0.119,0.131,0.134,0.128,0.647,3.609664128e-05,1,coatnet_0_rw_224.sw_in1k,caltech101,CLASSIC_AT
295,0.092,0.089,0.112,0.092,0.092,0.477,7.761961983999999e-06,2,coatnet_2_rw_224.sw_in12k_ft_in1k,caltech101,CLASSIC_AT
296,0.092,0.051,0.0,0.0,0.087,0.22999999999999998,0.0,2,coatnet_2_rw_224.sw_in12k,caltech101,CLASSIC_AT
297,0.01,0.01,0.013333333333333334,0.01,0.01,0.05333333333333334,1.3333333333333334e-10,2,CLIP-convnext_base_w-laion_aesthetic-s13B-b82K,fgvc-aircraft-2013b,CLASSIC_AT
298,0.01,0.01,0.01,0.01,0.024,0.064,2.4000000000000005e-10,2,CLIP-convnext_base_w-laion2B-s13B-b82K,fgvc-aircraft-2013b,CLASSIC_AT
299,0.01,0.01,0.01,0.012,0.01,0.052,1.2000000000000003e-10,1,deit_small_patch16_224.fb_in1k,fgvc-aircraft-2013b,CLASSIC_AT
300,0.032,0.003,0.0,0.0,0.029,0.064,0.0,1,robust_resnet50,fgvc-aircraft-2013b,CLASSIC_AT
301,0.010666666666666666,0.0013333333333333333,0.001,0.0013333333333333333,0.01,0.024333333333333335,1.8962962962962963e-13,1,vit_small_patch16_224.augreg_in21k,fgvc-aircraft-2013b,CLASSIC_AT
302,0.010666666666666666,0.010666666666666666,0.008,0.010666666666666666,0.01,0.05,9.709037037037037e-11,2,convnext_base.fb_in1k,fgvc-aircraft-2013b,CLASSIC_AT
303,0.015,0.0,0.0,0.0,0.010666666666666666,0.025666666666666664,0.0,1,resnet50.a1_in1k,fgvc-aircraft-2013b,CLASSIC_AT
304,0.012,0.0013333333333333333,0.004,0.001,0.008,0.026333333333333334,5.120000000000001e-13,2,robust_vit_base_patch16_224,fgvc-aircraft-2013b,CLASSIC_AT
305,0.016,0.005,0.0,0.0,0.02,0.041,0.0,2,vit_base_patch16_224.mae,fgvc-aircraft-2013b,CLASSIC_AT
306,0.012,0.008,0.0,0.0,0.004,0.024,0.0,1,vit_small_patch16_224.dino,fgvc-aircraft-2013b,CLASSIC_AT
307,0.01,0.0,0.0,0.0,0.01,0.02,0.0,2,convnext_base.fb_in22k,fgvc-aircraft-2013b,CLASSIC_AT
308,0.01,0.01,0.01,0.008,0.01,0.048,8.000000000000002e-11,2,robust_convnext_base,fgvc-aircraft-2013b,CLASSIC_AT
309,0.008,0.008,0.01,0.01,0.012,0.048,7.680000000000001e-11,2,vit_base_patch16_224.augreg_in1k,fgvc-aircraft-2013b,CLASSIC_AT
310,0.009,0.0,0.0,0.0,0.01,0.019,0.0,2,vit_base_patch16_224.augreg_in21k,fgvc-aircraft-2013b,CLASSIC_AT
311,0.009333333333333334,0.009333333333333334,0.01,0.009333333333333334,0.01,0.048,8.130370370370374e-11,2,vit_base_patch16_clip_224.laion2b,fgvc-aircraft-2013b,CLASSIC_AT
312,0.01,0.01,0.01,0.01,0.01,0.05,1.0000000000000002e-10,1,convnext_tiny.fb_in1k,fgvc-aircraft-2013b,CLASSIC_AT
313,0.088,0.03333333333333333,0.013,0.001,0.1,0.23533333333333334,3.813333333333333e-09,1,robust_convnext_tiny,fgvc-aircraft-2013b,CLASSIC_AT
314,0.149,0.069,0.048,0.009,0.13733333333333334,0.41233333333333333,6.09951168e-07,1,robust_deit_small_patch16_224,fgvc-aircraft-2013b,CLASSIC_AT
315,0.016,0.016,0.012,0.01,0.014,0.068,4.3008000000000003e-10,1,vit_small_patch16_224.augreg_in1k,fgvc-aircraft-2013b,CLASSIC_AT
316,0.01,0.01,0.01,0.01,0.010666666666666666,0.050666666666666665,1.0666666666666669e-10,1,convnext_tiny.fb_in22k,fgvc-aircraft-2013b,CLASSIC_AT
317,0.062,0.0,0.0,0.0,0.074,0.136,0.0,2,vit_base_patch16_clip_224.laion2b_ft_in1k,fgvc-aircraft-2013b,CLASSIC_AT
318,0.01,0.0,0.0,0.0,0.018,0.027999999999999997,0.0,2,vit_base_patch16_224.augreg_in21k_ft_in1k,fgvc-aircraft-2013b,CLASSIC_AT
319,0.03,0.0,0.0,0.0,0.022,0.052,0.0,1,vit_small_patch16_224.augreg_in21k_ft_in1k,fgvc-aircraft-2013b,CLASSIC_AT
320,0.01,0.005,0.008,0.003,0.01,0.036,1.2000000000000002e-11,2,eva02_base_patch14_224.mim_in22k,fgvc-aircraft-2013b,CLASSIC_AT
321,0.010666666666666666,0.010666666666666666,0.01,0.010666666666666666,0.01,0.052,1.2136296296296296e-10,1,eva02_tiny_patch14_224.mim_in22k,fgvc-aircraft-2013b,CLASSIC_AT
322,0.01,0.007,0.009,0.009,0.01,0.045000000000000005,5.6699999999999995e-11,2,swin_base_patch4_window7_224.ms_in22k_ft_in1k,fgvc-aircraft-2013b,CLASSIC_AT
323,0.007,0.0,0.0,0.0,0.006,0.013000000000000001,0.0,1,swin_tiny_patch4_window7_224.ms_in1k,fgvc-aircraft-2013b,CLASSIC_AT
324,0.012,0.012,0.004,0.01,0.01,0.048,5.7600000000000007e-11,2,convnext_base.clip_laion2b_augreg_ft_in12k_in1k,fgvc-aircraft-2013b,CLASSIC_AT
325,0.011,0.0,0.001,0.002,0.009333333333333334,0.023333333333333334,0.0,2,convnext_base.fb_in22k_ft_in1k,fgvc-aircraft-2013b,CLASSIC_AT
326,0.01,0.01,0.009333333333333334,0.012,0.01,0.051333333333333335,1.1200000000000001e-10,1,convnext_tiny.fb_in22k_ft_in1k,fgvc-aircraft-2013b,CLASSIC_AT
327,0.011,0.011,0.009333333333333334,0.009333333333333334,0.011,0.051666666666666666,1.159448888888889e-10,1,coatnet_0_rw_224.sw_in1k,fgvc-aircraft-2013b,CLASSIC_AT
328,0.008,0.0026666666666666666,0.008,0.001,0.01,0.029666666666666668,1.706666666666667e-12,2,coatnet_2_rw_224.sw_in12k_ft_in1k,fgvc-aircraft-2013b,CLASSIC_AT
329,0.008,0.002,0.004,0.001,0.01,0.025,6.400000000000001e-13,2,coatnet_2_rw_224.sw_in12k,fgvc-aircraft-2013b,CLASSIC_AT
330,0.023,0.023,0.023,0.023,0.022,0.11399999999999999,6.156501999999999e-09,2,CLIP-convnext_base_w-laion_aesthetic-s13B-b82K,flowers-102,CLASSIC_AT
331,0.004,0.004,0.005333333333333333,0.004,0.004,0.021333333333333333,1.3653333333333334e-12,2,CLIP-convnext_base_w-laion2B-s13B-b82K,flowers-102,CLASSIC_AT
332,0.02,0.001,0.01,0.011,0.019,0.061,4.180000000000001e-11,1,deit_small_patch16_224.fb_in1k,flowers-102,CLASSIC_AT
333,0.234,0.116,0.048,0.005,0.18266666666666667,0.5856666666666667,1.1899929600000001e-06,1,robust_resnet50,flowers-102,CLASSIC_AT
334,0.018,0.018,0.018,0.018,0.019,0.091,1.9945439999999992e-09,1,vit_small_patch16_224.augreg_in21k,flowers-102,CLASSIC_AT
335,0.2,0.0,0.0,0.0,0.16933333333333334,0.36933333333333335,0.0,2,convnext_base.fb_in1k,flowers-102,CLASSIC_AT
336,0.121,0.0,0.0,0.0,0.096,0.217,0.0,1,resnet50.a1_in1k,flowers-102,CLASSIC_AT
337,0.088,0.0,0.0026666666666666666,0.002,0.072,0.16466666666666666,0.0,2,robust_vit_base_patch16_224,flowers-102,CLASSIC_AT
338,0.011,0.011,0.004,0.011,0.011,0.048,5.856399999999999e-11,2,vit_base_patch16_224.mae,flowers-102,CLASSIC_AT
339,0.017,0.005,0.004,0.002,0.017333333333333333,0.04533333333333334,1.1786666666666667e-11,1,vit_small_patch16_224.dino,flowers-102,CLASSIC_AT
340,0.116,0.0,0.0,0.0,0.143,0.259,0.0,2,convnext_base.fb_in22k,flowers-102,CLASSIC_AT
341,0.005333333333333333,0.005333333333333333,0.012,0.01,0.01,0.04266666666666667,3.4133333333333334e-11,2,robust_convnext_base,flowers-102,CLASSIC_AT
342,0.056,0.02,0.036,0.03,0.049,0.191,5.92704e-08,2,vit_base_patch16_224.augreg_in1k,flowers-102,CLASSIC_AT
343,0.007,0.007,0.001,0.0,0.009,0.024,0.0,2,vit_base_patch16_224.augreg_in21k,flowers-102,CLASSIC_AT
344,0.024,0.008,0.018,0.017,0.026,0.093,1.527552e-09,2,vit_base_patch16_clip_224.laion2b,flowers-102,CLASSIC_AT
345,0.048,0.0,0.0,0.0,0.042,0.09,0.0,1,convnext_tiny.fb_in1k,flowers-102,CLASSIC_AT
346,0.372,0.241,0.224,0.101,0.29733333333333334,1.2353333333333332,0.000603077289472,1,robust_convnext_tiny,flowers-102,CLASSIC_AT
347,0.025,0.002,0.001,0.0,0.02,0.048,0.0,1,robust_deit_small_patch16_224,flowers-102,CLASSIC_AT
348,0.006,0.0,0.0,0.0,0.016,0.022,0.0,1,vit_small_patch16_224.augreg_in1k,flowers-102,CLASSIC_AT
349,0.164,0.013333333333333334,0.032,0.06,0.133,0.4023333333333333,5.583872000000002e-07,1,convnext_tiny.fb_in22k,flowers-102,CLASSIC_AT
350,0.022,0.018,0.017333333333333333,0.017,0.021,0.09533333333333334,2.4504479999999997e-09,2,vit_base_patch16_clip_224.laion2b_ft_in1k,flowers-102,CLASSIC_AT
351,0.018,0.011,0.001,0.0,0.02,0.05,0.0,2,vit_base_patch16_224.augreg_in21k_ft_in1k,flowers-102,CLASSIC_AT
352,0.012,0.006,0.004,0.0,0.012,0.034,0.0,1,vit_small_patch16_224.augreg_in21k_ft_in1k,flowers-102,CLASSIC_AT
353,0.004,0.004,0.004,0.004,0.0013333333333333333,0.017333333333333333,3.4133333333333336e-13,2,eva02_base_patch14_224.mim_in22k,flowers-102,CLASSIC_AT
354,0.008,0.0,0.0,0.0,0.011,0.019,0.0,1,eva02_tiny_patch14_224.mim_in22k,flowers-102,CLASSIC_AT
355,0.006,0.0,0.0,0.0,0.012,0.018000000000000002,0.0,2,swin_base_patch4_window7_224.ms_in22k_ft_in1k,flowers-102,CLASSIC_AT
356,0.007,0.0,0.0,0.007,0.005333333333333333,0.019333333333333334,0.0,1,swin_tiny_patch4_window7_224.ms_in1k,flowers-102,CLASSIC_AT
357,0.008,0.008,0.006,0.006,0.006,0.033999999999999996,1.3824e-11,2,convnext_base.clip_laion2b_augreg_ft_in12k_in1k,flowers-102,CLASSIC_AT
358,0.012,0.0,0.0,0.0,0.013333333333333334,0.025333333333333333,0.0,2,convnext_base.fb_in22k_ft_in1k,flowers-102,CLASSIC_AT
359,0.018,0.0,0.0,0.0,0.024,0.041999999999999996,0.0,1,convnext_tiny.fb_in22k_ft_in1k,flowers-102,CLASSIC_AT
360,0.003,0.003,0.003,0.003,0.003,0.015,2.43e-13,1,coatnet_0_rw_224.sw_in1k,flowers-102,CLASSIC_AT
361,0.016,0.0,0.0,0.0,0.012,0.028,0.0,2,coatnet_2_rw_224.sw_in12k_ft_in1k,flowers-102,CLASSIC_AT
362,0.002,0.0,0.0,0.0,0.004,0.006,0.0,2,coatnet_2_rw_224.sw_in12k,flowers-102,CLASSIC_AT
363,0.028,0.028,0.028,0.028,0.028,0.14,1.7210368e-08,2,CLIP-convnext_base_w-laion_aesthetic-s13B-b82K,oxford-iiit-pet,CLASSIC_AT
364,0.027,0.027,0.032,0.027,0.027,0.13999999999999999,1.7006112e-08,2,CLIP-convnext_base_w-laion2B-s13B-b82K,oxford-iiit-pet,CLASSIC_AT
365,0.029333333333333333,0.013333333333333334,0.03,0.032,0.03333333333333333,0.13799999999999998,1.2515555555555556e-08,1,deit_small_patch16_224.fb_in1k,oxford-iiit-pet,CLASSIC_AT
366,0.027,0.025,0.026,0.026,0.025,0.129,1.14075e-08,1,robust_resnet50,oxford-iiit-pet,CLASSIC_AT
367,0.028,0.028,0.027,0.028,0.025333333333333333,0.13633333333333333,1.5015168e-08,1,vit_small_patch16_224.augreg_in21k,oxford-iiit-pet,CLASSIC_AT
368,0.634,0.0,0.0,0.003,0.611,1.248,0.0,2,convnext_base.fb_in1k,oxford-iiit-pet,CLASSIC_AT
369,0.03,0.0,0.0,0.0,0.027,0.056999999999999995,0.0,1,resnet50.a1_in1k,oxford-iiit-pet,CLASSIC_AT
370,0.15066666666666667,0.0,0.0,0.0,0.131,0.2816666666666667,0.0,2,robust_vit_base_patch16_224,oxford-iiit-pet,CLASSIC_AT
371,0.032,0.0,0.0,0.0,0.03,0.062,0.0,2,vit_base_patch16_224.mae,oxford-iiit-pet,CLASSIC_AT
372,0.025333333333333333,0.025333333333333333,0.026,0.027,0.027,0.13066666666666665,1.2164255999999998e-08,1,vit_small_patch16_224.dino,oxford-iiit-pet,CLASSIC_AT
373,0.028,0.028,0.022,0.028,0.028,0.134,1.3522432e-08,2,convnext_base.fb_in22k,oxford-iiit-pet,CLASSIC_AT
374,0.031,0.022,0.024,0.021,0.03,0.128,1.031184e-08,2,robust_convnext_base,oxford-iiit-pet,CLASSIC_AT
375,0.011,0.0,0.0,0.0,0.012,0.023,0.0,2,vit_base_patch16_224.augreg_in1k,oxford-iiit-pet,CLASSIC_AT
376,0.018,0.0,0.0,0.0,0.024,0.041999999999999996,0.0,2,vit_base_patch16_224.augreg_in21k,oxford-iiit-pet,CLASSIC_AT
377,0.032,0.032,0.029333333333333333,0.027,0.026,0.14633333333333334,2.1086207999999998e-08,2,vit_base_patch16_clip_224.laion2b,oxford-iiit-pet,CLASSIC_AT
378,0.027,0.011,0.004,0.014,0.027,0.08299999999999999,4.49064e-10,1,convnext_tiny.fb_in1k,oxford-iiit-pet,CLASSIC_AT
379,0.8613333333333333,0.6253333333333333,0.324,0.032,0.772,2.6146666666666665,0.004311169744895999,1,robust_convnext_tiny,oxford-iiit-pet,CLASSIC_AT
380,0.81,0.494,0.376,0.048,0.737,2.4650000000000003,0.00532241259264,1,robust_deit_small_patch16_224,oxford-iiit-pet,CLASSIC_AT
381,0.012,0.008,0.014,0.013,0.016,0.063,2.79552e-10,1,vit_small_patch16_224.augreg_in1k,oxford-iiit-pet,CLASSIC_AT
382,0.028,0.028,0.024,0.029333333333333333,0.027,0.13633333333333333,1.4902272e-08,1,convnext_tiny.fb_in22k,oxford-iiit-pet,CLASSIC_AT
383,0.763,0.0,0.0,0.0,0.72,1.483,0.0,2,vit_base_patch16_clip_224.laion2b_ft_in1k,oxford-iiit-pet,CLASSIC_AT
384,0.043,0.0,0.0,0.0,0.035,0.078,0.0,2,vit_base_patch16_224.augreg_in21k_ft_in1k,oxford-iiit-pet,CLASSIC_AT
385,0.023,0.004,0.003,0.002,0.023,0.055,1.2695999999999998e-11,1,vit_small_patch16_224.augreg_in21k_ft_in1k,oxford-iiit-pet,CLASSIC_AT
386,0.5106666666666667,0.0,0.0,0.001,0.48933333333333334,1.0010000000000001,0.0,2,eva02_base_patch14_224.mim_in22k,oxford-iiit-pet,CLASSIC_AT
387,0.031,0.022,0.023,0.016,0.027,0.119,6.7763519999999995e-09,1,eva02_tiny_patch14_224.mim_in22k,oxford-iiit-pet,CLASSIC_AT
388,0.028,0.028,0.028,0.028,0.028,0.14,1.7210368e-08,2,swin_base_patch4_window7_224.ms_in22k_ft_in1k,oxford-iiit-pet,CLASSIC_AT
389,0.028,0.027,0.02666666666666667,0.028,0.028,0.13766666666666666,1.5805440000000003e-08,1,swin_tiny_patch4_window7_224.ms_in1k,oxford-iiit-pet,CLASSIC_AT
390,0.027,0.027,0.027,0.027,0.02,0.128,1.062882e-08,2,convnext_base.clip_laion2b_augreg_ft_in12k_in1k,oxford-iiit-pet,CLASSIC_AT
391,0.016,0.0,0.0,0.0,0.02666666666666667,0.04266666666666667,0.0,2,convnext_base.fb_in22k_ft_in1k,oxford-iiit-pet,CLASSIC_AT
392,0.048,0.0,0.0,0.0,0.047,0.095,0.0,1,convnext_tiny.fb_in22k_ft_in1k,oxford-iiit-pet,CLASSIC_AT
393,0.028,0.0,0.0,0.0,0.02266666666666667,0.050666666666666665,0.0,1,coatnet_0_rw_224.sw_in1k,oxford-iiit-pet,CLASSIC_AT
394,0.028,0.028,0.032,0.028,0.029333333333333333,0.14533333333333331,2.060561066666667e-08,2,coatnet_2_rw_224.sw_in12k_ft_in1k,oxford-iiit-pet,CLASSIC_AT
395,0.032,0.0,0.0,0.0,0.021333333333333333,0.05333333333333333,0.0,2,coatnet_2_rw_224.sw_in12k,oxford-iiit-pet,CLASSIC_AT
