,clean_acc,robust_acc,backbone,dataset,loss_function,zero_adv_train0,dormant_adv_train0,overactive_adv_train0,zero_adv_train5,dormant_adv_train5,overactive_adv_train5,zero_adv_val0,dormant_adv_val0,overactive_adv_val0,zero_adv_val5,dormant_adv_val5,overactive_adv_val5
0,0.3606666666666667,0.004,convnext_tiny,stanford_cars,TRADES_v2,0.011591962905718702,0.0025391918745860014,0.029587105321262974,0.012585559726208876,0.008279973504084787,0.03665268271141532,0.01399315522190329,0.005657981894457938,0.03438948995363215,0.013441156988297637,0.002566791786266284,0.02862110841245308
1,0.9466666666666667,0.8073333333333333,convnext_tiny,caltech101,TRADES_v2,0.011714827624679236,0.0025661050987392615,0.02588419056119603,0.03358250585741381,0.0070288965748075425,0.03514448287403771,0.012858417940421734,0.009511324333370524,0.040527725092045074,0.012161106772286065,0.002287180631484994,0.02527055673323664
2,0.14466666666666667,0.0006666666666666666,convnext_tiny,fgvc-aircraft-2013b,TRADES_v2,0.05143941084579335,0.0030127203749163133,0.029680874804731087,0.04641821022093283,0.005021200624860522,0.036041062262887745,0.038523767016291004,0.0032916759651863423,0.03375362642267351,0.03830060254407498,0.003096407051997322,0.029736665922785094
3,0.14466666666666667,0.0006666666666666666,convnext_tiny,fgvc-aircraft-2013b,TRADES_v2,0.05143941084579335,0.0030127203749163133,0.029680874804731087,0.04641821022093283,0.005021200624860522,0.036041062262887745,0.038523767016291004,0.0032916759651863423,0.03375362642267351,0.03830060254407498,0.003096407051997322,0.029736665922785094
4,0.8506666666666667,0.16233333333333333,convnext_tiny,flowers-102,TRADES_v2,0.04216867469879518,0.0035698348951361,0.02922802320392682,0.03781793842034806,0.015283355644801428,0.04317269076305221,0.011713520749665328,0.003179384203480589,0.028781793842034806,0.016984605087014725,0.003318830879071843,0.028642347166443552
5,0.8506666666666667,0.16233333333333333,convnext_tiny,flowers-102,TRADES_v2,0.04216867469879518,0.0035698348951361,0.02922802320392682,0.03781793842034806,0.015283355644801428,0.04317269076305221,0.011713520749665328,0.003179384203480589,0.028781793842034806,0.016984605087014725,0.003318830879071843,0.028642347166443552
6,0.852,0.3305,convnext_tiny,oxford-iiit-pet,TRADES_v2,0.04449938195302843,0.003034048769524666,0.027194066749072928,0.041015844476907516,0.014496010787728959,0.04236431059669626,0.03845937745814136,0.030059557253624004,0.047701988987526686,0.011827171592313742,0.0028093044162265423,0.02646364760085403
7,0.852,0.3305,convnext_tiny,oxford-iiit-pet,TRADES_v2,0.04449938195302843,0.003034048769524666,0.027194066749072928,0.041015844476907516,0.014496010787728959,0.04236431059669626,0.03845937745814136,0.030059557253624004,0.047701988987526686,0.011827171592313742,0.0028093044162265423,0.02646364760085403
8,0.07466666666666667,0.004666666666666667,convnext_tiny,stanford_cars,CLASSIC_AT,0.011591962905718702,0.002428792227864871,0.029697504967984102,0.016339147714727314,0.037977478472068886,0.04371826010156767,0.016891145948332964,0.030001103996467212,0.04636785162287481,0.01346875689997792,0.0026771914329874144,0.02828990947228969
9,0.966,0.8453333333333334,convnext_tiny,caltech101,CLASSIC_AT,0.01160325783777753,0.0024545353118375544,0.025549481200490907,0.034140354791922345,0.008144594443824612,0.03559076202164454,0.013555729108557403,0.011324333370523262,0.03999776860426196,0.012133214325560639,0.0024824277585629813,0.025131094499609506
10,0.06333333333333334,0.0,convnext_tiny,fgvc-aircraft-2013b,CLASSIC_AT,0.05210890426244142,0.0032358848471323366,0.030796697165811203,0.04887301941530908,0.025552332068734657,0.04552555233206874,0.038467975898237,0.0044074983262664584,0.0375474224503459,0.03827270698504798,0.0030406159339433163,0.029820352599866103
11,0.06333333333333334,0.0,convnext_tiny,fgvc-aircraft-2013b,CLASSIC_AT,0.05210890426244142,0.0032358848471323366,0.030796697165811203,0.04887301941530908,0.025552332068734657,0.04552555233206874,0.038467975898237,0.0044074983262664584,0.0375474224503459,0.03827270698504798,0.0030406159339433163,0.029820352599866103
12,0.508,0.0615,convnext_tiny,dtd,CLASSIC_AT,0.03906162307778651,0.0022449208665394544,0.02851049500505107,0.03917386912111348,0.002918397126501291,0.03243910652149512,0.03754630149287238,0.002441351442361657,0.02856661802671456,0.03605904141878999,0.002441351442361657,0.028286002918397127
13,0.6013333333333334,0.013333333333333334,convnext_tiny,flowers-102,CLASSIC_AT,0.011713520749665328,0.0032351628737170906,0.02922802320392682,0.01740294511378849,0.01639892904953146,0.04071842927264614,0.012382864792503346,0.003151494868362338,0.0285586791610888,0.012243418116912094,0.0031236055332440876,0.02858656849620705
14,0.7606666666666667,0.39666666666666667,convnext_tiny,oxford-iiit-pet,CLASSIC_AT,0.04483649848297561,0.0026969322395774807,0.027194066749072928,0.03652095741094505,0.01719294302730644,0.04652208113271154,0.03820654006068098,0.035734352174401615,0.04874143162153051,0.01191145072480054,0.0026688391954152154,0.02637936846836723
15,0.31266666666666665,0.17333333333333334,robust_convnext_tiny,stanford_cars,TRADES_v2,0.027379112386840362,0.028924707440936188,0.04195186575402959,0.02219032899094723,0.015897549127842792,0.03311989401633915,0.01956833738132038,0.0206447339368514,0.03361669242658424,0.029807904614705234,0.027103113270037536,0.04173106646058733
16,0.9553333333333334,0.8993333333333333,robust_convnext_tiny,caltech101,TRADES_v2,0.026442039495704565,0.027446167577819928,0.037933727546580386,0.02499163226598237,0.02320651567555506,0.03480977351333259,0.027027780876938527,0.022202387593439697,0.03586968648889881,0.02923128416824724,0.024015396630592437,0.038184759567109226
17,0.25466666666666665,0.14866666666666667,robust_convnext_tiny,fgvc-aircraft-2013b,TRADES_v2,0.032805177415755414,0.02912296362419103,0.0422896674849364,0.02912296362419103,0.027337647846462844,0.03682213791564383,0.024045971881276502,0.03406047757197054,0.03894220040169605,0.03048984601651417,0.0317730417317563,0.04376813211336755
18,0.25466666666666665,0.14866666666666667,robust_convnext_tiny,fgvc-aircraft-2013b,TRADES_v2,0.032805177415755414,0.02912296362419103,0.0422896674849364,0.02912296362419103,0.027337647846462844,0.03682213791564383,0.024045971881276502,0.03406047757197054,0.03894220040169605,0.03048984601651417,0.0317730417317563,0.04376813211336755
19,0.25466666666666665,0.14866666666666667,robust_convnext_tiny,fgvc-aircraft-2013b,TRADES_v2,0.032805177415755414,0.02912296362419103,0.0422896674849364,0.02912296362419103,0.027337647846462844,0.03682213791564383,0.024045971881276502,0.03406047757197054,0.03894220040169605,0.03048984601651417,0.0317730417317563,0.04376813211336755
20,0.46,0.26066666666666666,robust_convnext_tiny,dtd,TRADES_v2,0.028286002918397127,0.02761252665843529,0.04276574250757661,0.0259288360085307,0.031990122348187225,0.04703109215400157,0.02946458637333034,0.041643282074306884,0.052783701874508926,0.028201818385901897,0.028145695364238412,0.04391626445167808
21,0.46,0.26066666666666666,robust_convnext_tiny,dtd,TRADES_v2,0.028286002918397127,0.02761252665843529,0.04276574250757661,0.0259288360085307,0.031990122348187225,0.04703109215400157,0.02946458637333034,0.041643282074306884,0.052783701874508926,0.028201818385901897,0.028145695364238412,0.04391626445167808
22,0.46,0.26066666666666666,robust_convnext_tiny,dtd,TRADES_v2,0.028286002918397127,0.02761252665843529,0.04276574250757661,0.0259288360085307,0.031990122348187225,0.04703109215400157,0.02946458637333034,0.041643282074306884,0.052783701874508926,0.028201818385901897,0.028145695364238412,0.04391626445167808
23,0.46,0.26066666666666666,robust_convnext_tiny,dtd,TRADES_v2,0.028286002918397127,0.02761252665843529,0.04276574250757661,0.0259288360085307,0.031990122348187225,0.04703109215400157,0.02946458637333034,0.041643282074306884,0.052783701874508926,0.028201818385901897,0.028145695364238412,0.04391626445167808
24,0.53,0.33866666666666667,robust_convnext_tiny,flowers-102,TRADES_v2,0.03413654618473896,0.026662204373047747,0.04216867469879518,0.03346720214190094,0.025992860330209727,0.04183400267737617,0.03324408746095493,0.02922802320392682,0.04255912539045069,0.03299308344489067,0.02758255243195002,0.04325635876840696
25,0.878,0.6646666666666666,robust_convnext_tiny,oxford-iiit-pet,TRADES_v2,0.03101472075514103,0.027418811102371054,0.039442634003820656,0.030115743341948532,0.026070344982582313,0.03921788965052253,0.03402067648050343,0.023963366670412406,0.04028542532868862,0.03747612091246207,0.02387908753792561,0.03972356444544331
26,0.878,0.6646666666666666,robust_convnext_tiny,oxford-iiit-pet,TRADES_v2,0.03101472075514103,0.027418811102371054,0.039442634003820656,0.030115743341948532,0.026070344982582313,0.03921788965052253,0.03402067648050343,0.023963366670412406,0.04028542532868862,0.03747612091246207,0.02387908753792561,0.03972356444544331
27,0.224,0.13,robust_convnext_tiny,stanford_cars,CLASSIC_AT,0.030470302495032017,0.025943916979465666,0.04206226540075072,0.03168469860896445,0.02285272687127401,0.03731508059174211,0.02787591079708545,0.023956723338485315,0.038750275999116804,0.02978030470302495,0.027075513358357253,0.042283064694192976
28,0.9626666666666667,0.9213333333333333,robust_convnext_tiny,caltech101,CLASSIC_AT,0.028561865446836997,0.025214771839785786,0.0381568671203838,0.017181747182862882,0.01974785228160214,0.03369407564431552,0.0190784335601919,0.02139350663840232,0.037571125739149835,0.029203391721521813,0.024099073970768718,0.038184759567109226
29,0.09,0.050666666666666665,robust_convnext_tiny,fgvc-aircraft-2013b,CLASSIC_AT,0.036933720151751843,0.025440749832626647,0.04295916090158447,0.04240124972104441,0.02231644722160232,0.04028118723499219,0.03252622182548538,0.031187234992189245,0.041201740682883285,0.030461950457487168,0.0317730417317563,0.044130774380718586
30,0.51,0.36733333333333335,robust_convnext_tiny,dtd,CLASSIC_AT,0.029969693568301717,0.026714558311819507,0.04265349646424964,0.029520709394993825,0.023347177012010327,0.04040857559771018,0.027388034571781343,0.02867886407004153,0.044982601863284316,0.028117633853406668,0.028201818385901897,0.04388820294084633
31,0.51,0.36733333333333335,robust_convnext_tiny,dtd,CLASSIC_AT,0.029969693568301717,0.026714558311819507,0.04265349646424964,0.029520709394993825,0.023347177012010327,0.04040857559771018,0.027388034571781343,0.02867886407004153,0.044982601863284316,0.028117633853406668,0.028201818385901897,0.04388820294084633
32,0.51,0.36733333333333335,robust_convnext_tiny,dtd,CLASSIC_AT,0.029969693568301717,0.026714558311819507,0.04265349646424964,0.029520709394993825,0.023347177012010327,0.04040857559771018,0.027388034571781343,0.02867886407004153,0.044982601863284316,0.028117633853406668,0.028201818385901897,0.04388820294084633
33,0.51,0.36733333333333335,robust_convnext_tiny,dtd,CLASSIC_AT,0.029969693568301717,0.026714558311819507,0.04265349646424964,0.029520709394993825,0.023347177012010327,0.04040857559771018,0.027388034571781343,0.02867886407004153,0.044982601863284316,0.028117633853406668,0.028201818385901897,0.04388820294084633
34,0.51,0.36733333333333335,robust_convnext_tiny,dtd,CLASSIC_AT,0.029969693568301717,0.026714558311819507,0.04265349646424964,0.029520709394993825,0.023347177012010327,0.04040857559771018,0.027388034571781343,0.02867886407004153,0.044982601863284316,0.028117633853406668,0.028201818385901897,0.04388820294084633
35,0.43,0.318,robust_convnext_tiny,flowers-102,CLASSIC_AT,0.03480589022757698,0.025769745649263723,0.04194556001784917,0.05756358768406961,0.02242302543507363,0.042057117358322176,0.03561468094600625,0.030399375278893352,0.04219656403391343,0.03299308344489067,0.027694109772423026,0.04331213743864346
36,0.8606666666666667,0.7146666666666667,robust_convnext_tiny,oxford-iiit-pet,CLASSIC_AT,0.03382402517136757,0.02595797280593325,0.039442634003820656,0.030789976401842903,0.017867176087200808,0.038993145297224405,0.03278458253736375,0.021575457916619845,0.04022923924036408,0.03739184177997528,0.02407573884706147,0.039751657489605574
37,0.8606666666666667,0.7146666666666667,robust_convnext_tiny,oxford-iiit-pet,CLASSIC_AT,0.03382402517136757,0.02595797280593325,0.039442634003820656,0.030789976401842903,0.017867176087200808,0.038993145297224405,0.03278458253736375,0.021575457916619845,0.04022923924036408,0.03739184177997528,0.02407573884706147,0.039751657489605574
38,0.8606666666666667,0.7146666666666667,robust_convnext_tiny,oxford-iiit-pet,CLASSIC_AT,0.03382402517136757,0.02595797280593325,0.039442634003820656,0.030789976401842903,0.017867176087200808,0.038993145297224405,0.03278458253736375,0.021575457916619845,0.04022923924036408,0.03739184177997528,0.02407573884706147,0.039751657489605574
39,0.8606666666666667,0.7146666666666667,robust_convnext_tiny,oxford-iiit-pet,CLASSIC_AT,0.03382402517136757,0.02595797280593325,0.039442634003820656,0.030789976401842903,0.017867176087200808,0.038993145297224405,0.03278458253736375,0.021575457916619845,0.04022923924036408,0.03739184177997528,0.02407573884706147,0.039751657489605574
40,0.544,0.174,convnext_tiny.fb_in22k,stanford_cars,TRADES_v2,0.2896886729962464,0.0061823802163833074,0.02704791344667697,0.2504967984102451,0.008169573857363657,0.027710311327003755,0.09676529035107087,0.0174707440936189,0.03770147935526606,0.07565135791565467,0.012337160521086332,0.03902627511591963
41,0.9673333333333334,0.892,convnext_tiny.fb_in22k,caltech101,TRADES_v2,0.29967644761798506,0.006024768492692179,0.02655360928260627,0.2898583063706348,0.010152850608055338,0.02766930715162334,0.13433002342965525,0.011854289858306371,0.03394510766484436,0.07536539105210309,0.009316077206292536,0.037850050206404105
42,0.4146666666666667,0.08333333333333333,convnext_tiny.fb_in22k,fgvc-aircraft-2013b,TRADES_v2,0.3100870341441643,0.005913858513724615,0.025552332068734657,0.30049096183887525,0.011716134791341218,0.029457710332515062,0.09922450345904932,0.021786431600089265,0.04385181879044856,0.05877594286989511,0.010990850256639144,0.038886409283642044
43,0.5946666666666667,0.224,convnext_tiny.fb_in22k,dtd,TRADES_v2,0.30070715007295995,0.005724548209675609,0.027388034571781343,0.2975642608598047,0.009540913682792682,0.0283982489617241,0.2049612751150522,0.02031653384218206,0.04043663710854192,0.16118531821753282,0.009540913682792682,0.035076888539678976
44,0.5946666666666667,0.224,convnext_tiny.fb_in22k,dtd,TRADES_v2,0.30070715007295995,0.005724548209675609,0.027388034571781343,0.2975642608598047,0.009540913682792682,0.0283982489617241,0.2049612751150522,0.02031653384218206,0.04043663710854192,0.16118531821753282,0.009540913682792682,0.035076888539678976
45,0.9333333333333333,0.5513333333333333,convnext_tiny.fb_in22k,flowers-102,TRADES_v2,0.2931726907630522,0.006135653726015172,0.029785809906291833,0.358545292280232,0.011713520749665328,0.025992860330209727,0.2887103971441321,0.011490406068719322,0.029757920571173584,0.29685408299866134,0.006832887103971441,0.02956269522534583
46,0.9333333333333333,0.5513333333333333,convnext_tiny.fb_in22k,flowers-102,TRADES_v2,0.2931726907630522,0.006135653726015172,0.029785809906291833,0.358545292280232,0.011713520749665328,0.025992860330209727,0.2887103971441321,0.011490406068719322,0.029757920571173584,0.29685408299866134,0.006832887103971441,0.02956269522534583
47,0.9333333333333333,0.5513333333333333,convnext_tiny.fb_in22k,flowers-102,TRADES_v2,0.2931726907630522,0.006135653726015172,0.029785809906291833,0.358545292280232,0.011713520749665328,0.025992860330209727,0.2887103971441321,0.011490406068719322,0.029757920571173584,0.29685408299866134,0.006832887103971441,0.02956269522534583
49,0.194,0.004666666666666667,convnext_tiny.fb_in22k,stanford_cars,CLASSIC_AT,0.28979907264296756,0.006292779863104438,0.0271583130933981,0.29333186133804373,0.011371163612276441,0.032899094722896885,0.0771969529697505,0.020782733495252816,0.046229852064473394,0.07573415765069552,0.01219916096268492,0.03921947449768161
50,0.9706666666666667,0.8913333333333333,convnext_tiny.fb_in22k,caltech101,CLASSIC_AT,0.29856074974896796,0.005801628918888765,0.026107330134999444,0.29800290081445946,0.011156978690170702,0.028896574807542118,0.09762356353899364,0.01503402878500502,0.03653910521030905,0.07525382126520139,0.00953921678009595,0.037933727546580386
51,0.18533333333333332,0.0033333333333333335,convnext_tiny.fb_in22k,fgvc-aircraft-2013b,CLASSIC_AT,0.30528899799151976,0.005913858513724615,0.025552332068734657,0.31019861638027224,0.006694934166480696,0.02912296362419103,0.31190024548091944,0.006667038607453693,0.028118723499218925,0.3107286320017853,0.006109127426913635,0.02538495871457264
52,0.6471111111111111,0.29688888888888887,convnext_tiny.fb_in22k,dtd,CLASSIC_AT,0.2958805702099001,0.005836794253002582,0.027275788528454373,0.2950948479066113,0.015153215849141317,0.031877876304860255,0.1625322707374565,0.026433943203502078,0.04254125042092266,0.11738129980918173,0.009568975193624424,0.0372376248737232
53,0.7746666666666666,0.126,convnext_tiny.fb_in22k,flowers-102,CLASSIC_AT,0.2932842481035252,0.006135653726015172,0.02922802320392682,0.0534359660865685,0.028224007139669792,0.059013833110218655,0.12405176260597947,0.01754239178937974,0.042977465417224456,0.11855756358768407,0.011378848728246318,0.03951918786256136
54,0.374,0.07733333333333334,deit_small_patch16_224.fb_in1k,stanford_cars,TRADES_v2,0.01491011129078284,0.03279273280700085,0.0443736326452963,0.030557405117473603,0.05555027109293256,0.05207837914962427,0.027394654237610578,0.05970584038809094,0.05023542280985446,0.016289356035384762,0.03240036145724341,0.04449847807476458
55,0.9473333333333334,0.8186666666666667,deit_small_patch16_224.fb_in1k,caltech101,TRADES_v2,0.01425268727506733,0.026169649879638678,0.04237671902185571,0.03417784874991062,0.03250947398527063,0.0518626212550945,0.014848535405295899,0.030114164501751795,0.050641132588125935,0.015188168839526181,0.02490049336225183,0.041566365564744856
56,0.11466666666666667,0.015333333333333332,deit_small_patch16_224.fb_in1k,fgvc-aircraft-2013b,TRADES_v2,0.016112117456382878,0.03119935170178282,0.04747831061111641,0.02643245304604824,0.07226618362093622,0.05310325102488321,0.026825722185146342,0.09060682619887502,0.05249547144627705,0.014854847935932882,0.033868814948994186,0.04780603489369816
57,0.5,0.136,deit_small_patch16_224.fb_in1k,flowers-102,TRADES_v2,0.01763668430335097,0.0341055341055341,0.048024214690881355,0.023094523094523093,0.05202821869488536,0.05138471805138472,0.017737976071309405,0.06432027265360599,0.0505624672291339,0.017481767481767482,0.03587516087516088,0.047976547976547976
59,0.15933333333333333,0.023333333333333334,deit_small_patch16_224.fb_in1k,stanford_cars,CLASSIC_AT,0.017169219062113574,0.03169884904404071,0.04456387329972415,0.03134214781698849,0.05302958242176353,0.04822600589746029,0.023292590126510034,0.059230238752021304,0.04686459621421098,0.016414201464853038,0.03240036145724341,0.04442119280890326
60,0.9493333333333334,0.8413333333333334,deit_small_patch16_224.fb_in1k,caltech101,CLASSIC_AT,0.016135567366589602,0.024048430536024977,0.041923874442881995,0.018113783158948446,0.038205782110255736,0.05250613723574135,0.017935028719879877,0.042227756989298565,0.053733584384012205,0.015360964797292466,0.0249124103248564,0.041548490120838
61,0.076,0.008,deit_small_patch16_224.fb_in1k,fgvc-aircraft-2013b,CLASSIC_AT,0.018138049385070073,0.03177137954047097,0.048217179902755265,0.028363047001620744,0.0605872819143865,0.05007627037849175,0.017387262846791877,0.0562553627609877,0.04988559443226237,0.014950185909047573,0.033868814948994186,0.047889455620173514
62,0.586,0.31266666666666665,deit_small_patch16_224.fb_in1k,dtd,CLASSIC_AT,0.015702932964226906,0.0271818246903563,0.04283702837505668,0.050044149583562035,0.05402954442402692,0.05610576808343078,0.01794024294203279,0.06337851705128511,0.05723933847218576,0.00937880342696227,0.02770684676514808,0.04292652077416891
63,0.586,0.31266666666666665,deit_small_patch16_224.fb_in1k,dtd,CLASSIC_AT,0.015368828007541226,0.027659117485621554,0.04312340405221583,0.02453284967663413,0.05813426246330811,0.053599980908288186,0.014253156098608692,0.05343292842994535,0.05222179796195976,0.004838555712001528,0.027754576044674607,0.04301004701334033
64,0.38133333333333336,0.084,deit_small_patch16_224.fb_in1k,flowers-102,CLASSIC_AT,0.09087659087659088,0.03260403260403261,0.04514037847371181,0.0652318985652319,0.0378950378950379,0.04752371419038086,0.056103722770389435,0.04556342056342056,0.0471662138328805,0.05388722055388722,0.03547595214261881,0.04645717145717146
65,0.38133333333333336,0.084,deit_small_patch16_224.fb_in1k,flowers-102,CLASSIC_AT,0.09087659087659088,0.03260403260403261,0.04514037847371181,0.0652318985652319,0.0378950378950379,0.04752371419038086,0.056103722770389435,0.04556342056342056,0.0471662138328805,0.05388722055388722,0.03547595214261881,0.04645717145717146
66,0.38133333333333336,0.084,deit_small_patch16_224.fb_in1k,flowers-102,CLASSIC_AT,0.09087659087659088,0.03260403260403261,0.04514037847371181,0.0652318985652319,0.0378950378950379,0.04752371419038086,0.056103722770389435,0.04556342056342056,0.0471662138328805,0.05388722055388722,0.03547595214261881,0.04645717145717146
67,0.38133333333333336,0.084,deit_small_patch16_224.fb_in1k,flowers-102,CLASSIC_AT,0.09087659087659088,0.03260403260403261,0.04514037847371181,0.0652318985652319,0.0378950378950379,0.04752371419038086,0.056103722770389435,0.04556342056342056,0.0471662138328805,0.05388722055388722,0.03547595214261881,0.04645717145717146
68,0.38133333333333336,0.084,deit_small_patch16_224.fb_in1k,flowers-102,CLASSIC_AT,0.09087659087659088,0.03260403260403261,0.04514037847371181,0.0652318985652319,0.0378950378950379,0.04752371419038086,0.056103722770389435,0.04556342056342056,0.0471662138328805,0.05388722055388722,0.03547595214261881,0.04645717145717146
69,0.356,0.188,robust_deit_small_patch16_224,stanford_cars,TRADES_v2,0.07041282222010843,0.07973461428707315,0.05203081898601731,0.06898601731189956,0.07514505849900123,0.05207837914962427,0.03353586036335965,0.0837534481118615,0.05434343194140588,0.0368353467135927,0.07945519832588224,0.05452178255493199
70,0.9593333333333334,0.89,robust_deit_small_patch16_224,caltech101,TRADES_v2,0.14507710274805158,0.06175370021688872,0.045498963224253404,0.054913363681864766,0.04352074743189456,0.0518626212550945,0.03305169578377863,0.048925089973067666,0.04913959529994995,0.029786448030126082,0.059572896060252165,0.051004599947565364
71,0.18333333333333332,0.092,robust_deit_small_patch16_224,fgvc-aircraft-2013b,TRADES_v2,0.35353703880255505,0.08537515492420632,0.042020211650300315,0.3409047573648584,0.07855848984650586,0.04323577080751263,0.2089927543140433,0.10292330060062924,0.04900967680427114,0.19251120221184098,0.09543926971112594,0.04946849079988559
72,0.5306666666666666,0.374,robust_deit_small_patch16_224,flowers-102,TRADES_v2,0.10129176795843463,0.07791124457791125,0.050121550121550125,0.07185757185757186,0.07562324228990895,0.05190905190905191,0.03955145621812289,0.08112278945612279,0.05479288812622146,0.03868153868153868,0.08017541350874684,0.054506887840221174
73,0.8533333333333334,0.6295,robust_deit_small_patch16_224,oxford-iiit-pet,TRADES_v2,0.3902083880361874,0.06282672522855846,0.036736447616546916,0.35036879669634546,0.05857780536127754,0.0389325185591865,0.17655694268732247,0.06293414174205715,0.04775857541832764,0.18220824481416945,0.0652077912777791,0.0468753729740052
74,0.8533333333333334,0.6295,robust_deit_small_patch16_224,oxford-iiit-pet,TRADES_v2,0.3902083880361874,0.06282672522855846,0.036736447616546916,0.35036879669634546,0.05857780536127754,0.0389325185591865,0.17655694268732247,0.06293414174205715,0.04775857541832764,0.18220824481416945,0.0652077912777791,0.0468753729740052
75,0.8533333333333334,0.6295,robust_deit_small_patch16_224,oxford-iiit-pet,TRADES_v2,0.3902083880361874,0.06282672522855846,0.036736447616546916,0.35036879669634546,0.05857780536127754,0.0389325185591865,0.17655694268732247,0.06293414174205715,0.04775857541832764,0.18220824481416945,0.0652077912777791,0.0468753729740052
76,0.8533333333333334,0.6295,robust_deit_small_patch16_224,oxford-iiit-pet,TRADES_v2,0.3902083880361874,0.06282672522855846,0.036736447616546916,0.35036879669634546,0.05857780536127754,0.0389325185591865,0.17655694268732247,0.06293414174205715,0.04775857541832764,0.18220824481416945,0.0652077912777791,0.0468753729740052
77,0.19866666666666666,0.10933333333333334,robust_deit_small_patch16_224,stanford_cars,CLASSIC_AT,0.07578712070769524,0.07436031579948635,0.05191191857699991,0.0771188052886902,0.0711024445924094,0.053053362503567014,0.03530153143726814,0.0808463331113859,0.0550806144773138,0.03688290687719966,0.07943736326452963,0.054503947493579376
78,0.962,0.9046666666666666,robust_deit_small_patch16_224,caltech101,CLASSIC_AT,0.14853302190337728,0.059751650499320734,0.04530829182258026,0.11478418380723121,0.042257549395809994,0.044712443692351694,0.033730962652239196,0.045862430583692826,0.049127678337345375,0.029798364992730652,0.05964439783587959,0.05095693209714708
79,0.13333333333333333,0.08266666666666667,robust_deit_small_patch16_224,fgvc-aircraft-2013b,CLASSIC_AT,0.36304700162074555,0.07884450376584994,0.04190103918390695,0.16295643054628658,0.06330441414815521,0.05245971970635904,0.2048813042234722,0.08969515683096578,0.050409953284393176,0.19255291257507864,0.09539160072456859,0.04955191152636095
80,0.49066666666666664,0.33866666666666667,robust_deit_small_patch16_224,dtd,CLASSIC_AT,0.1451447390401642,0.06966088346896404,0.048206572321790805,0.051499892609121065,0.057346729351120444,0.055652339927928784,0.030039615302007015,0.07584779132758991,0.057609240388516336,0.031304441209459945,0.07526907381333078,0.05414886762284323
81,0.49066666666666664,0.33866666666666667,robust_deit_small_patch16_224,dtd,CLASSIC_AT,0.14612318927045798,0.0709018447366537,0.04842135407966017,0.04689401713481135,0.05135670477054149,0.05326587595160251,0.027116196931007325,0.06725652101281532,0.05500799465432069,0.031298475049519124,0.0752750399732716,0.05420852922225139
82,0.49066666666666664,0.33866666666666667,robust_deit_small_patch16_224,dtd,CLASSIC_AT,0.11588669069040403,0.07066319833902107,0.049041834713505,0.08285802925804835,0.059422953010524304,0.048588406558003006,0.02864950003579696,0.07288260983700451,0.05365367634775553,0.03127461040975586,0.07532873541273895,0.054178698422547314
83,0.45866666666666667,0.336,robust_deit_small_patch16_224,flowers-102,CLASSIC_AT,0.380642547309214,0.06906906906906907,0.0378950378950379,0.16161399494732828,0.06094189427522761,0.050884217550884216,0.19427165260498594,0.09331950998617665,0.05531722198388865,0.19185256685256685,0.07751203584536918,0.047380714047380715
84,0.45866666666666667,0.336,robust_deit_small_patch16_224,flowers-102,CLASSIC_AT,0.380642547309214,0.06906906906906907,0.0378950378950379,0.16161399494732828,0.06094189427522761,0.050884217550884216,0.19427165260498594,0.09331950998617665,0.05531722198388865,0.19185256685256685,0.07751203584536918,0.047380714047380715
85,0.5793333333333334,0.19066666666666668,convnext_base,stanford_cars,TRADES_v2,0.13314078076958913,0.009130718345290226,0.03778067641852231,0.15792415913537688,0.016677536569458678,0.03596384980900028,0.06364716295537129,0.018692350694120934,0.04289341283890804,0.026879716761390105,0.009747973539550918,0.04070390384794559
86,0.9773333333333334,0.922,convnext_base,caltech101,TRADES_v2,0.13527677694071405,0.008937345000233961,0.03406485424172945,0.2081325160263909,0.016377333770062234,0.034345608534930516,0.10005381123953021,0.01899770717327219,0.03866220579289692,0.028332787422207666,0.00856300594263254,0.03702447241589069
87,0.24933333333333332,0.088,convnext_base,fgvc-aircraft-2013b,TRADES_v2,0.13528310715956948,0.010107627515208236,0.03752924660739354,0.13846513804398689,0.025222274216190922,0.04674777725783809,0.08097800655124006,0.039354234908750584,0.05424660739354235,0.026789892372484792,0.010411792232101076,0.04086335985025737
88,0.7206666666666667,0.35533333333333333,convnext_base,dtd,TRADES_v2,0.20528216916076372,0.008959984988506826,0.03175869024722053,0.30088661631561664,0.013744898437866492,0.03274381948679458,0.1946216634610874,0.012877046488717925,0.03655533142562274,0.1636721865178027,0.009464277337336399,0.03274381948679458
89,0.7206666666666667,0.35533333333333333,convnext_base,dtd,TRADES_v2,0.20528216916076372,0.008959984988506826,0.03175869024722053,0.30088661631561664,0.013744898437866492,0.03274381948679458,0.1946216634610874,0.012877046488717925,0.03655533142562274,0.1636721865178027,0.009464277337336399,0.03274381948679458
90,0.7206666666666667,0.35533333333333333,convnext_base,dtd,TRADES_v2,0.20528216916076372,0.008959984988506826,0.03175869024722053,0.30088661631561664,0.013744898437866492,0.03274381948679458,0.1946216634610874,0.012877046488717925,0.03655533142562274,0.1636721865178027,0.009464277337336399,0.03274381948679458
91,0.9573333333333334,0.7913333333333333,convnext_base,flowers-102,TRADES_v2,0.2572992700729927,0.009919520868425978,0.03312745648512072,0.4118940670035561,0.014879281302638967,0.02629608833988396,0.2911987647389107,0.014820793561669474,0.031536589930750515,0.24063026389668726,0.01030553995882463,0.03365384615384615
92,0.9573333333333334,0.7913333333333333,convnext_base,flowers-102,TRADES_v2,0.2572992700729927,0.009919520868425978,0.03312745648512072,0.4118940670035561,0.014879281302638967,0.02629608833988396,0.2911987647389107,0.014820793561669474,0.031536589930750515,0.24063026389668726,0.01030553995882463,0.03365384615384615
93,0.9573333333333334,0.7913333333333333,convnext_base,flowers-102,TRADES_v2,0.11028448437207561,0.010948905109489052,0.038929440389294405,0.20601721879094143,0.016189406700355607,0.035045854388920085,0.10010761744338387,0.017569717387235635,0.04000561482313307,0.027138311809844655,0.011557177615571776,0.040391633913531726
94,0.24466666666666667,0.018666666666666668,convnext_base,stanford_cars,CLASSIC_AT,0.13323395136494923,0.009549986024410696,0.03764092052548216,0.15778440324233672,0.016211683592658156,0.04104164725612597,0.04481505636821019,0.01518680704369701,0.04491987328799031,0.026914655734650145,0.009631510295350787,0.0406223795770055
95,0.982,0.9246666666666666,convnext_base,caltech101,CLASSIC_AT,0.08619156801272752,0.008422628796032006,0.03481353235693229,0.15811145945440083,0.012119226989846053,0.03275466754012447,0.06931121613401338,0.0152894108839081,0.03655654859388891,0.026835431191801973,0.008586402133732629,0.03711805718029105
96,0.11733333333333333,0.0065,convnext_base,fgvc-aircraft-2013b,CLASSIC_AT,0.26003743565746373,0.008797379503977538,0.03228825456247075,0.2908282639213851,0.01647168928404305,0.03841834347215723,0.22284744969583528,0.011382779597566683,0.03921385119326158,0.21713851193261582,0.009218530650444548,0.0345343940102948
97,0.11733333333333333,0.0065,convnext_base,fgvc-aircraft-2013b,CLASSIC_AT,0.26003743565746373,0.008797379503977538,0.03228825456247075,0.2908282639213851,0.01647168928404305,0.03841834347215723,0.22284744969583528,0.011382779597566683,0.03921385119326158,0.21713851193261582,0.009218530650444548,0.0345343940102948
98,0.68,0.46066666666666667,convnext_base,dtd,CLASSIC_AT,0.17000516020077872,0.009241450485527982,0.032696908570624385,0.2808556551109443,0.017169395318290565,0.0345733452174321,0.15991931322418726,0.01973776797860862,0.0433808697283858,0.06252052352582446,0.010203124267016936,0.035886850870197495
99,0.94,0.7873333333333333,convnext_base,flowers-102,CLASSIC_AT,0.11014411379374883,0.011229646266142616,0.03888265019651881,0.023441886580572713,0.02428411005053341,0.050673778775968556,0.07737928130263896,0.023488676773348306,0.04601815459479693,0.02711491671345686,0.011475294778214486,0.04052030694366461
104,0.648,0.29333333333333333,convnext_base.fb_in22k,stanford_cars,TRADES_v2,0.10933569365508246,0.007407062331128296,0.03824652939532284,0.1811702226777229,0.014627783471536383,0.033355073138917356,0.057171806577844035,0.016630951271778625,0.04065731855026554,0.026774899841609988,0.0076399888195285565,0.04063402590142551
105,0.982,0.9246666666666666,convnext_base.fb_in22k,caltech101,TRADES_v2,0.13443451406111084,0.007206026858827383,0.035187871414533715,0.18445557063310092,0.01642412615226241,0.0358429647653362,0.06988442281596556,0.01831921763136961,0.03948107248140003,0.028227504562257266,0.007521875438678583,0.037878433391043936
106,0.42533333333333334,0.13466666666666666,convnext_base.fb_in22k,fgvc-aircraft-2013b,TRADES_v2,0.11123069723912027,0.008235844642021525,0.037108095460926534,0.1584932147870847,0.0172671970051474,0.03907346747777258,0.05741693963500234,0.020577912962096396,0.04619794103883949,0.026708001871782874,0.008575105287786617,0.03950631726719701
107,0.6773333333333333,0.3393333333333333,convnext_base.fb_in22k,dtd,TRADES_v2,0.14584603837312943,0.007646479335741427,0.03433879063658113,0.22845616174883895,0.01088333255148473,0.032321621241262845,0.12896983628090256,0.015093587277759534,0.04030820471923817,0.05638692123657175,0.008784069052868602,0.03701271285828212
109,0.23133333333333334,0.012,convnext_base.fb_in22k,stanford_cars,CLASSIC_AT,0.10970837603652288,0.007267306438088139,0.03838628528836299,0.15727196496785614,0.013416565731855026,0.04057579427932544,0.026961241032330198,0.010493338302431753,0.044640361501909996,0.026728314543929935,0.007744805739308675,0.04076213547004565
110,0.9833333333333333,0.928,convnext_base.fb_in22k,caltech101,CLASSIC_AT,0.13532356932291423,0.007299611623227739,0.034953909503532825,0.1588133451874035,0.01899770717327219,0.035983341911936736,0.0585255720368724,0.020027139581676102,0.03978522296570118,0.0282625988489074,0.007545271629778672,0.037901829582144025
111,0.214,0.004666666666666667,convnext_base.fb_in22k,fgvc-aircraft-2013b,CLASSIC_AT,0.11165184838558727,0.00837622835751053,0.03752924660739354,0.13593823116518483,0.01020121665886757,0.041834347215722975,0.02680159101544221,0.009300421151146467,0.04321478708469818,0.02673139915769771,0.008586803930744034,0.03961160505381376
112,0.714,0.25183333333333335,convnext_base.fb_in22k,dtd,CLASSIC_AT,0.2899094619317915,0.00703663742552892,0.030679739175306094,0.31341183093305813,0.012056105455739551,0.03335366139700709,0.24709152319744804,0.01166909039733546,0.03581648449594221,0.22925364732373224,0.007623023877656331,0.03204015574424168
113,0.714,0.25183333333333335,convnext_base.fb_in22k,dtd,CLASSIC_AT,0.2899094619317915,0.00703663742552892,0.030679739175306094,0.31341183093305813,0.012056105455739551,0.03335366139700709,0.24709152319744804,0.01166909039733546,0.03581648449594221,0.22925364732373224,0.007623023877656331,0.03204015574424168
114,0.978,0.818,convnext_base.fb_in22k,flowers-102,CLASSIC_AT,0.13400711210930188,0.008936926820138498,0.038508328654314056,0.02288040426726558,0.025500655062698857,0.05146921205315366,0.07643177989893318,0.01939453490548381,0.041982500467901925,0.02702133632790567,0.009322945910537152,0.041444413250982595
115,0.356,0.216,robust_convnext_base,stanford_cars,TRADES_v2,0.019146557346501444,0.003447312028323861,0.024783378365787756,0.0192863132395416,0.0031212149445634958,0.022873381160905617,0.001083108171061213,0.003435665703903848,0.023793440790086648,0.0010365228733811608,0.0038782260318643434,0.026006242429889127
116,0.966,0.9313333333333333,robust_convnext_base,caltech101,TRADES_v2,0.019091291937672547,0.0023396191100088907,0.020401478639277524,0.01923166908427308,0.002947920078611202,0.022553928220485703,0.014470544195404987,0.0029245238875111133,0.02298675775583735,0.0157105423237097,0.0023630153011089793,0.020846006270179216
117,0.07533333333333334,0.04,robust_convnext_base,fgvc-aircraft-2013b,TRADES_v2,0.01918577445016378,0.00458586803930744,0.030416471689284044,0.019326158165652783,0.004071127749181095,0.029948525970987367,0.01368741226017782,0.006387459054749649,0.03176181562938699,0.013511932615816565,0.0054749649040711276,0.03192559663079083
118,0.45866666666666667,0.3413333333333333,robust_convnext_base,dtd,TRADES_v2,0.02040624853403387,0.0027208331378711825,0.024675141905521416,0.021016090444246377,0.0027208331378711825,0.028052727869775296,0.02112164000562931,0.003025754092977436,0.03017544682647652,0.02105127363137402,0.0028967490735094057,0.0251090678800957
119,0.45866666666666667,0.3413333333333333,robust_convnext_base,dtd,TRADES_v2,0.02040624853403387,0.0027208331378711825,0.024675141905521416,0.021016090444246377,0.0027208331378711825,0.028052727869775296,0.02112164000562931,0.003025754092977436,0.03017544682647652,0.02105127363137402,0.0028967490735094057,0.0251090678800957
120,0.45866666666666667,0.3413333333333333,robust_convnext_base,dtd,TRADES_v2,0.02040624853403387,0.0027208331378711825,0.024675141905521416,0.021016090444246377,0.0027208331378711825,0.028052727869775296,0.02112164000562931,0.003025754092977436,0.03017544682647652,0.02105127363137402,0.0028967490735094057,0.0251090678800957
121,0.45866666666666667,0.3413333333333333,robust_convnext_base,dtd,TRADES_v2,0.02040624853403387,0.0027208331378711825,0.024675141905521416,0.021016090444246377,0.0027208331378711825,0.028052727869775296,0.02112164000562931,0.003025754092977436,0.03017544682647652,0.02105127363137402,0.0028967490735094057,0.0251090678800957
122,0.428,0.33266666666666667,robust_convnext_base,flowers-102,TRADES_v2,0.01988583192962755,0.0036964252292719445,0.024939172749391728,0.021289537712895375,0.004023956578701104,0.02629608833988396,0.018938330525921768,0.0052054089462848585,0.028506924948530788,0.019113793748830245,0.0040590492232828,0.024997660490361222
124,0.38,0.31933333333333336,robust_convnext_base,stanford_cars,CLASSIC_AT,0.0192863132395416,0.0033075561352837045,0.02482996366346781,0.019146557346501444,0.0030746296468834437,0.02119631044442374,0.0011762787664213175,0.0037967017609242524,0.023781794465666636,0.0010714618466412,0.003761762787664213,0.025959657132209074
125,0.952,0.9293333333333333,robust_convnext_base,caltech101,CLASSIC_AT,0.01862336811567077,0.0023864114922090684,0.019980347199475924,0.019512423377474147,0.0018716952880071123,0.01946563099527397,0.0014154695615553787,0.002269430536708624,0.02222638154508446,0.0009241495484535118,0.0026437695943100463,0.02119694913668055
126,0.21,0.14666666666666667,robust_convnext_base,fgvc-aircraft-2013b,CLASSIC_AT,0.02817033224145999,0.00458586803930744,0.031024801123069722,0.030978006551240056,0.006083294337856809,0.031633130556855404,0.02098736546560599,0.007861488067384183,0.037517547964436126,0.01896350023397286,0.005194197473093121,0.03173841834347216
127,0.49533333333333335,0.41133333333333333,robust_convnext_base,dtd,CLASSIC_AT,0.018623633719566542,0.0027208331378711825,0.024815874654031993,0.018717455551906927,0.001688792982126941,0.02256415067786274,0.017380494441056434,0.002556644931275508,0.028322465637753907,0.017157667589248016,0.0028967490735094057,0.025191161983393537
128,0.47,0.41333333333333333,robust_convnext_base,flowers-102,CLASSIC_AT,0.018809657495788883,0.003602844843720756,0.025032753134942916,0.00884334643458731,0.010153471832303949,0.03560733670222721,0.0017546322290847838,0.008761463597230021,0.03770119782893506,0.001087871982032566,0.0043982781209058585,0.02572290847838293
129,0.88,0.6446666666666667,convnext_base.clip_laion2b,stanford_cars,TRADES_v2,0.0034938973260039132,0.005077797447125687,0.0225006987794652,0.004006335600484487,0.007453647628808348,0.025342401937948383,0.003773409112084226,0.0091074256964502,0.02735721606261064,0.0035754215969440043,0.00497298052734557,0.02208143110034473
130,0.9553333333333334,0.8333333333333334,convnext_base.clip_laion2b,caltech101,TRADES_v2,0.003462636282813158,0.004258106780216181,0.020261101492676993,0.004024144869215292,0.00963923073323663,0.029806747461513267,0.00470263441111787,0.012680735576248187,0.033749005661878245,0.004000748678115203,0.004176220111365869,0.019910158626175657
131,0.4653333333333333,0.17933333333333334,convnext_base.clip_laion2b,fgvc-aircraft-2013b,TRADES_v2,0.00837622835751053,0.0052877866167524564,0.022929340196537203,0.0069255966307908284,0.013523631258773983,0.037248479176415536,0.00657463734206832,0.014798783341132429,0.03970519419747309,0.0035329901731399158,0.0053813757604117924,0.022344408048666355
132,0.4653333333333333,0.17933333333333334,convnext_base.clip_laion2b,fgvc-aircraft-2013b,TRADES_v2,0.00837622835751053,0.0052877866167524564,0.022929340196537203,0.0069255966307908284,0.013523631258773983,0.037248479176415536,0.00657463734206832,0.014798783341132429,0.03970519419747309,0.0035329901731399158,0.0053813757604117924,0.022344408048666355
133,0.4653333333333333,0.17933333333333334,convnext_base.clip_laion2b,fgvc-aircraft-2013b,TRADES_v2,0.00837622835751053,0.0052877866167524564,0.022929340196537203,0.0069255966307908284,0.013523631258773983,0.037248479176415536,0.00657463734206832,0.014798783341132429,0.03970519419747309,0.0035329901731399158,0.0053813757604117924,0.022344408048666355
134,0.4653333333333333,0.17933333333333334,convnext_base.clip_laion2b,fgvc-aircraft-2013b,TRADES_v2,0.00837622835751053,0.0052877866167524564,0.022929340196537203,0.0069255966307908284,0.013523631258773983,0.037248479176415536,0.00657463734206832,0.014798783341132429,0.03970519419747309,0.0035329901731399158,0.0053813757604117924,0.022344408048666355
135,0.6,0.24533333333333332,convnext_base.clip_laion2b,dtd,TRADES_v2,0.0034714077965942677,0.0038936060421260027,0.021907397851480038,0.003565229628934653,0.006379884599146221,0.030867382839986864,0.003987427874466388,0.009370455504996012,0.038889149505089836,0.0034714077965942677,0.004186799268189708,0.02210676924520336
137,0.8686666666666667,0.3546666666666667,convnext_base.clip_laion2b,oxford-iiit-pet,TRADES_v2,0.006007415403388558,0.004787159149575257,0.022903271225418877,0.005256488477964988,0.013094288262073497,0.03698315107711081,0.0047167597503167975,0.011087905383207397,0.03404984277467499,0.0038367672595860515,0.004493828319331675,0.02259820716196555
138,0.9026666666666666,0.612,convnext_base.clip_laion2b,stanford_cars,CLASSIC_AT,0.0035870679213640174,0.005217553340165844,0.022547284077145253,0.004658529768005217,0.012251933289853722,0.03307556135283705,0.004134445169104631,0.0112503493897326,0.031549892853815334,0.0035870679213640174,0.005124382744805739,0.02222118699338489
139,0.948,0.8766666666666667,convnext_base.clip_laion2b,caltech101,CLASSIC_AT,0.003462636282813158,0.004211314398016003,0.02012072434607646,0.003930560104814936,0.0052407468064199145,0.023442983482289084,0.004059239155865425,0.007182630667727294,0.028169014084507043,0.0034860324739132468,0.004176220111365869,0.019664498619624726
140,0.30466666666666664,0.1,convnext_base.clip_laion2b,fgvc-aircraft-2013b,CLASSIC_AT,0.008282639213851193,0.005053813757604118,0.023444080486663545,0.00814225549836219,0.014506317267197005,0.040383715489003276,0.00431679925128685,0.013383247543284979,0.03686242395882078,0.0035329901731399158,0.005439868975198877,0.022204024333177353
141,0.5626666666666666,0.3313333333333333,convnext_base.clip_laion2b,dtd,CLASSIC_AT,0.0041281606229769665,0.003940516958296196,0.021625932354458883,0.006379884599146221,0.00835014307829432,0.0339165923910494,0.005617582211380589,0.011762912229675846,0.03959281324764272,0.003436224609466623,0.00410470516489187,0.02197776422573533
142,0.5946666666666667,0.29533333333333334,convnext_base.clip_laion2b,flowers-102,CLASSIC_AT,0.003836795807598727,0.005287291783642149,0.023161145423919147,0.01689125959198952,0.01347557551937114,0.03949092270260154,0.005298989331836047,0.012223937862623994,0.03623900430469774,0.0039186786449560175,0.005170316301703163,0.02361734980348119
143,0.8753333333333333,0.614,convnext_base.clip_laion2b_augreg,stanford_cars,TRADES_v2,0.0024690207770427654,0.005310723935525948,0.024550451877387497,0.003167800242243548,0.0085716947731296,0.027019472654430263,0.0033541414329637566,0.010097363272151308,0.03237678188763626,0.0025854840212428958,0.0050894437715457005,0.024236001118047145
144,0.948,0.836,convnext_base.clip_laion2b_augreg,caltech101,TRADES_v2,0.0022928267278087126,0.0041177296336156475,0.021290533901080905,0.005100369659819381,0.008422628796032006,0.030649010341116466,0.003252070562912358,0.011908661269945253,0.036264096205137805,0.002398109587759113,0.0038135791493144914,0.02159468438538206
145,0.422,0.014666666666666666,convnext_base.clip_laion2b_augreg,fgvc-aircraft-2013b,TRADES_v2,0.002526906878802059,0.005147402901263453,0.02611137108095461,0.0027608797379503978,0.009124941506785214,0.0329433785680861,0.002538605521759476,0.006972391202620496,0.030334581188582125,0.002491810949929808,0.005217594759007955,0.026064576509124943
146,0.7293333333333333,0.278,convnext_base.clip_laion2b_augreg,flowers-102,TRADES_v2,0.0030881527231892197,0.005334081976417743,0.02849522740033689,0.0029477821448624366,0.01104248549504024,0.03668351113606588,0.004854482500467902,0.011299831555306008,0.03637937488302452,0.004374883024518061,0.005860471645143178,0.028869548942541644
147,0.7293333333333333,0.278,convnext_base.clip_laion2b_augreg,flowers-102,TRADES_v2,0.0030881527231892197,0.005334081976417743,0.02849522740033689,0.0029477821448624366,0.01104248549504024,0.03668351113606588,0.004854482500467902,0.011299831555306008,0.03637937488302452,0.004374883024518061,0.005860471645143178,0.028869548942541644
148,0.802,0.3506666666666667,convnext_base.clip_laion2b_augreg,oxford-iiit-pet,TRADES_v2,0.002581311306143521,0.004505561552541418,0.025296850800206504,0.005115689679448069,0.013704416388980147,0.042333505420753745,0.004575960951799878,0.014455343314403717,0.04157084526212043,0.005526352841789084,0.0047519594499460275,0.025590181630450088
149,0.898,0.654,convnext_base.clip_laion2b_augreg,stanford_cars,CLASSIC_AT,0.0025156060747228174,0.005217553340165844,0.024317525388987234,0.0034938973260039132,0.01094754495481226,0.03358799962731762,0.003167800242243548,0.010819435386192117,0.033890804062237954,0.0025854840212428958,0.0052408459890058694,0.024096245225006988
150,0.9166666666666666,0.87,convnext_base.clip_laion2b_augreg,caltech101,CLASSIC_AT,0.002479996256609424,0.003883767722614758,0.021290533901080905,0.002433203874409246,0.0064105563614243605,0.02545505591689673,0.0032988629451125356,0.008024893547330495,0.031772027513920734,0.0024098076833091574,0.0037667867671143137,0.021606382480932104
151,0.2906666666666667,0.106,convnext_base.clip_laion2b_augreg,fgvc-aircraft-2013b,CLASSIC_AT,0.005194197473093121,0.00500701918577445,0.02615816565278428,0.006036499766027141,0.014599906410856341,0.0415067852129153,0.00527608797379504,0.0157463734206832,0.0386055217594759,0.005030416471689284,0.005439868975198877,0.026123069723912026
152,0.566,0.346,convnext_base.clip_laion2b_augreg,dtd,CLASSIC_AT,0.005441666275742365,0.0036590514612750385,0.02359619083360698,0.0036590514612750385,0.008256321245953933,0.04067176431955716,0.0032954918609560445,0.01121170896467608,0.04779049584838392,0.002908476802551954,0.0036473237322324904,0.02360791856264953
153,0.566,0.346,convnext_base.clip_laion2b_augreg,dtd,CLASSIC_AT,0.0030022986348923393,0.00384669512595581,0.023643101749777174,0.003612140545104846,0.008819252239996246,0.04320495379274757,0.003494863254679364,0.01291222967584557,0.04752075808040531,0.002462823098935122,0.0036004128160622975,0.023748651311160107
154,0.30133333333333334,0.14466666666666667,convnext_base.clip_laion2b_augreg,flowers-102,CLASSIC_AT,0.003181733108740408,0.005334081976417743,0.028214486243683324,0.010855324723937862,0.016610518435335953,0.04562043795620438,0.0069834362717574395,0.019862436833239752,0.04550346247426539,0.004374883024518061,0.005860471645143178,0.029161987647389108
155,0.30133333333333334,0.14466666666666667,convnext_base.clip_laion2b_augreg,flowers-102,CLASSIC_AT,0.003181733108740408,0.005334081976417743,0.028214486243683324,0.010855324723937862,0.016610518435335953,0.04562043795620438,0.0069834362717574395,0.019862436833239752,0.04550346247426539,0.004374883024518061,0.005860471645143178,0.029161987647389108
156,0.7766666666666666,0.2811666666666667,convnext_base.clip_laion2b_augreg,oxford-iiit-pet,CLASSIC_AT,0.0027221101046604403,0.004458628619702445,0.025484582531562397,0.004740226216736284,0.013235087060590416,0.040550053972872764,0.005279954944384474,0.012050030506406345,0.04067911953817994,0.005596752241047543,0.004669826817477824,0.025766180128596237
157,0.7766666666666666,0.2811666666666667,convnext_base.clip_laion2b_augreg,oxford-iiit-pet,CLASSIC_AT,0.0027221101046604403,0.004458628619702445,0.025484582531562397,0.004740226216736284,0.013235087060590416,0.040550053972872764,0.005279954944384474,0.012050030506406345,0.04067911953817994,0.005596752241047543,0.004669826817477824,0.025766180128596237
158,0.7766666666666666,0.2811666666666667,convnext_base.clip_laion2b_augreg,oxford-iiit-pet,CLASSIC_AT,0.0027221101046604403,0.004458628619702445,0.025484582531562397,0.004740226216736284,0.013235087060590416,0.040550053972872764,0.005279954944384474,0.012050030506406345,0.04067911953817994,0.005596752241047543,0.004669826817477824,0.025766180128596237
159,0.7766666666666666,0.2811666666666667,convnext_base.clip_laion2b_augreg,oxford-iiit-pet,CLASSIC_AT,0.0027221101046604403,0.004458628619702445,0.025484582531562397,0.004740226216736284,0.013235087060590416,0.040550053972872764,0.005279954944384474,0.012050030506406345,0.04067911953817994,0.005596752241047543,0.004669826817477824,0.025766180128596237
160,0.7766666666666666,0.2811666666666667,convnext_base.clip_laion2b_augreg,oxford-iiit-pet,CLASSIC_AT,0.0027221101046604403,0.004458628619702445,0.025484582531562397,0.004740226216736284,0.013235087060590416,0.040550053972872764,0.005279954944384474,0.012050030506406345,0.04067911953817994,0.005596752241047543,0.004669826817477824,0.025766180128596237
161,0.7766666666666666,0.2811666666666667,convnext_base.clip_laion2b_augreg,oxford-iiit-pet,CLASSIC_AT,0.0027221101046604403,0.004458628619702445,0.025484582531562397,0.004740226216736284,0.013235087060590416,0.040550053972872764,0.005279954944384474,0.012050030506406345,0.04067911953817994,0.005596752241047543,0.004669826817477824,0.025766180128596237
162,0.7766666666666666,0.2811666666666667,convnext_base.clip_laion2b_augreg,oxford-iiit-pet,CLASSIC_AT,0.0027221101046604403,0.004458628619702445,0.025484582531562397,0.004740226216736284,0.013235087060590416,0.040550053972872764,0.005279954944384474,0.012050030506406345,0.04067911953817994,0.005596752241047543,0.004669826817477824,0.025766180128596237
163,0.7766666666666666,0.2811666666666667,convnext_base.clip_laion2b_augreg,oxford-iiit-pet,CLASSIC_AT,0.0027221101046604403,0.004458628619702445,0.025484582531562397,0.004740226216736284,0.013235087060590416,0.040550053972872764,0.005279954944384474,0.012050030506406345,0.04067911953817994,0.005596752241047543,0.004669826817477824,0.025766180128596237
164,0.24266666666666667,0.04,vit_base_patch16_224.augreg_in1k,stanford_cars,TRADES_v2,0.012978500262191925,0.024657958716689708,0.03860180197359012,0.015409734471087382,0.051639891309529486,0.04783810840444296,0.011432163798445917,0.05617164036802212,0.0457256757400963,0.013544596462792583,0.025429637221719027,0.03825320589216761
165,0.9266666666666666,0.814,vit_base_patch16_224.augreg_in1k,caltech101,TRADES_v2,0.01262334005464546,0.014305656640377985,0.03427869184971305,0.029028909596363332,0.03295431496307256,0.046400916325629676,0.031060217388710582,0.03494386312385907,0.047552289024375693,0.013533103456504362,0.013861214847338718,0.03333313447794495
166,0.114,0.0175,vit_base_patch16_224.augreg_in1k,fgvc-aircraft-2013b,TRADES_v2,0.022371498114828425,0.02763327447143607,0.04341860354125901,0.10672696033980814,0.052892187276285016,0.04779745143893476,0.11309538013649596,0.061739369064095835,0.048614756836729826,0.021655610175153914,0.02971531522932277,0.044489452584355466
167,0.114,0.0175,vit_base_patch16_224.augreg_in1k,fgvc-aircraft-2013b,TRADES_v2,0.022371498114828425,0.02763327447143607,0.04341860354125901,0.10672696033980814,0.052892187276285016,0.04779745143893476,0.11309538013649596,0.061739369064095835,0.048614756836729826,0.021655610175153914,0.02971531522932277,0.044489452584355466
168,0.114,0.0175,vit_base_patch16_224.augreg_in1k,fgvc-aircraft-2013b,TRADES_v2,0.022371498114828425,0.02763327447143607,0.04341860354125901,0.10672696033980814,0.052892187276285016,0.04779745143893476,0.11309538013649596,0.061739369064095835,0.048614756836729826,0.021655610175153914,0.02971531522932277,0.044489452584355466
169,0.5346666666666666,0.23933333333333334,vit_base_patch16_224.augreg_in1k,dtd,TRADES_v2,0.058011676357167585,0.01282250265643095,0.03206819565658616,0.03323821917644671,0.026528492460511706,0.04085531107104908,0.023012452393175658,0.021937940997385354,0.039879296553206225,0.016854905144521783,0.014073114530975775,0.03445301400446519
170,0.04133333333333333,0.019333333333333334,vit_base_patch16_224.augreg_in1k,flowers-102,TRADES_v2,0.05993032190326199,0.019901209821748155,0.036843486768320326,0.08002243062018279,0.06861622163361729,0.0482735581167824,0.038791252058128715,0.06033001646502971,0.04683286801727635,0.016557496360989812,0.02346565013004987,0.03933113799603885
171,0.8653333333333333,0.5208333333333334,vit_base_patch16_224.augreg_in1k,oxford-iiit-pet,TRADES_v2,0.01254940357496806,0.0172419969193662,0.0344839938387324,0.07114114795400542,0.042018412160145194,0.04540949742683495,0.034442202294952776,0.03981838589117482,0.04492590956309926,0.014880774695817264,0.018033051140909147,0.03414966148849539
172,0.13066666666666665,0.028,vit_base_patch16_224.augreg_in1k,stanford_cars,CLASSIC_AT,0.013979596701148877,0.023883300757973017,0.038458788196596275,0.05329646755970825,0.047766601515946035,0.04670591600324164,0.020468846832244838,0.058018901654192684,0.04384861991705201,0.013517781379606235,0.025727582590456214,0.038303856604852936
173,0.9126666666666666,0.8286666666666667,vit_base_patch16_224.augreg_in1k,caltech101,CLASSIC_AT,0.013315356806223378,0.014210206053953444,0.03382530156419648,0.02913629150609094,0.030484531039337574,0.0458043501604763,0.027352558672282343,0.03147483087349218,0.04802059346402109,0.013556966103110496,0.013813489554126448,0.03330330616968728
174,0.010666666666666666,0.0,vit_base_patch16_224.augreg_in1k,fgvc-aircraft-2013b,CLASSIC_AT,0.023457261490001432,0.027502028349162412,0.043800410442418745,0.5099747052927982,0.05935904166467809,0.049217295852622536,0.54746337040042,0.08305493246790435,0.06779160502076075,0.021643678709492672,0.02958705197346442,0.04456402424473822
175,0.5306666666666666,0.28933333333333333,vit_base_patch16_224.augreg_in1k,dtd,CLASSIC_AT,0.05881159039625593,0.013705989804080755,0.03280841461813059,0.06864933917549158,0.0381212765195382,0.04384006494824437,0.0633842333361191,0.035629007032080134,0.04374455282417412,0.01683699662125861,0.013959693883642354,0.034566434651798615
176,0.5306666666666666,0.28933333333333333,vit_base_patch16_224.augreg_in1k,dtd,CLASSIC_AT,0.05881159039625593,0.013705989804080755,0.03280841461813059,0.06864933917549158,0.0381212765195382,0.04384006494824437,0.0633842333361191,0.035629007032080134,0.04374455282417412,0.01683699662125861,0.013959693883642354,0.034566434651798615
177,0.336,0.06333333333333334,vit_base_patch16_224.augreg_in1k,flowers-102,CLASSIC_AT,0.0140907246999308,0.021655093421146826,0.03965924547211683,0.10078268547020784,0.023122628677786528,0.0490013601546281,0.01456797193786241,0.028291812823633283,0.04027966688142792,0.014183191352280048,0.02341494261101964,0.03919989500560765
178,0.7793333333333333,0.5553333333333333,vit_base_patch16_224.augreg_in1k,oxford-iiit-pet,CLASSIC_AT,0.013743447682957408,0.01700318809776833,0.03428100634037421,0.08360696844141423,0.04218557833526371,0.048478190784367575,0.07882482178891688,0.04735877443312756,0.04755877682121577,0.014973313114186438,0.01767483790851234,0.034164587039845255
179,0.264,0.0033333333333333335,vit_base_patch16_224.augreg_in21k,stanford_cars,TRADES_v2,0.05687181198455451,0.050591123611574584,0.05013824665109406,0.07747771368641845,0.06476140534871526,0.054297563998665206,0.06793154407207895,0.06410890499118081,0.05251585069361682,0.06071232778757687,0.04860084854841017,0.04989989035610431
180,0.96,0.848,vit_base_patch16_224.augreg_in21k,caltech101,TRADES_v2,0.0648825361220813,0.03790581413384558,0.046078770596446855,0.07898536026630713,0.05254554782670946,0.053869924713349955,0.04149117678641738,0.05421891591996468,0.05595790629138678,0.060527603116461645,0.03361948623721857,0.0462547576151671
181,0.01,0.01,vit_base_patch16_224.augreg_in21k,fgvc-aircraft-2013b,TRADES_v2,0.14112537584116833,0.03444614136400515,0.04578103374218489,0.5220374170763137,0.08176633417649024,0.07111153534100129,0.43672147186560395,0.10758602586741756,0.07713990836634373,0.10257481028969599,0.04867143129862072,0.047889920297809384
182,0.4166666666666667,0.04683333333333333,vit_base_patch16_224.augreg_in21k,dtd,TRADES_v2,0.13604508172256116,0.033202402129920365,0.043828125932735586,0.16656120536300575,0.037595959837151825,0.047027782089088935,0.10146372330137657,0.04142838381547058,0.04785157415919483,0.1000459652097088,0.04178058477297962,0.045804032999438866
183,0.4166666666666667,0.04683333333333333,vit_base_patch16_224.augreg_in21k,dtd,TRADES_v2,0.13604508172256116,0.033202402129920365,0.043828125932735586,0.16656120536300575,0.037595959837151825,0.047027782089088935,0.10146372330137657,0.04142838381547058,0.04785157415919483,0.1000459652097088,0.04178058477297962,0.045804032999438866
184,0.4166666666666667,0.04683333333333333,vit_base_patch16_224.augreg_in21k,dtd,TRADES_v2,0.13604508172256116,0.033202402129920365,0.043828125932735586,0.16656120536300575,0.037595959837151825,0.047027782089088935,0.10146372330137657,0.04142838381547058,0.04785157415919483,0.1000459652097088,0.04178058477297962,0.045804032999438866
185,0.6573333333333333,0.09066666666666667,vit_base_patch16_224.augreg_in21k,flowers-102,TRADES_v2,0.14282816713198274,0.033932278616937504,0.04607822082229699,0.14320996492232801,0.03555491922590498,0.04609015200324528,0.10786085856778103,0.045615887560550746,0.04789176032643711,0.10793841124394493,0.04563676712721025,0.047793328083613716
186,0.6766666666666666,0.03883333333333333,vit_base_patch16_224.augreg_in21k,oxford-iiit-pet,TRADES_v2,0.1381270224122079,0.0332063666431838,0.04359455038269114,0.14445545618455147,0.03426906589929432,0.04722444447097876,0.11286104908715328,0.038078066603780346,0.04778564520173375,0.1108968465295108,0.03625117911855664,0.04583039797490119
187,0.006666666666666667,0.0006666666666666666,vit_base_patch16_224.augreg_in21k,stanford_cars,CLASSIC_AT,0.06275921247080135,0.0479930399961863,0.050424274205081755,0.3773656862277733,0.07661963102445536,0.06650140630214044,0.34107594031558375,0.10444772846450875,0.0683278114124994,0.06068253325070315,0.04921461600800877,0.049953520522477
188,0.924,0.7886666666666666,vit_base_patch16_224.augreg_in21k,caltech101,CLASSIC_AT,0.05996683092121747,0.035078090511018574,0.04671113073150943,0.07601446076384331,0.043668643289227205,0.054478422201806403,0.06177442640163221,0.044256260961903285,0.05410556834858554,0.06044706668416594,0.034072876522735135,0.046332311216637036
189,0.012,0.002,vit_base_patch16_224.augreg_in21k,fgvc-aircraft-2013b,CLASSIC_AT,0.1446212952799122,0.03090249606261633,0.04580489667350737,0.3919128525748103,0.09113253472056508,0.06468047534959194,0.31268195485133393,0.11733701617906743,0.0668609506991839,0.10250918722855916,0.04889514627976901,0.04791378322913187
190,0.5306666666666666,0.277,vit_base_patch16_224.augreg_in21k,dtd,CLASSIC_AT,0.1406416026934419,0.029202831934478684,0.0439475160878234,0.20851490586086271,0.04866342721379195,0.050406523478074,0.1340572356403491,0.06731813894626248,0.05606263207535907,0.1000459652097088,0.04161642330973388,0.045786124476175694
191,0.5306666666666666,0.277,vit_base_patch16_224.augreg_in21k,dtd,CLASSIC_AT,0.1406416026934419,0.029202831934478684,0.0439475160878234,0.20851490586086271,0.04866342721379195,0.050406523478074,0.1340572356403491,0.06731813894626248,0.05606263207535907,0.1000459652097088,0.04161642330973388,0.045786124476175694
192,0.5306666666666666,0.277,vit_base_patch16_224.augreg_in21k,dtd,CLASSIC_AT,0.1406416026934419,0.029202831934478684,0.0439475160878234,0.20851490586086271,0.04866342721379195,0.050406523478074,0.1340572356403491,0.06731813894626248,0.05606263207535907,0.1000459652097088,0.04161642330973388,0.045786124476175694
193,0.9293333333333333,0.6966666666666667,vit_base_patch16_224.augreg_in21k,flowers-102,CLASSIC_AT,0.14263726823681008,0.03307323358866061,0.04583959720333119,0.14013172023766912,0.05141145870618274,0.05996611544610685,0.1782846541150643,0.07392857995084354,0.05538752475720047,0.10780418545827666,0.045416040279666885,0.0478708807597776
194,0.9293333333333333,0.6966666666666667,vit_base_patch16_224.augreg_in21k,flowers-102,CLASSIC_AT,0.14263726823681008,0.03307323358866061,0.04583959720333119,0.14013172023766912,0.05141145870618274,0.05996611544610685,0.1782846541150643,0.07392857995084354,0.05538752475720047,0.10780418545827666,0.045416040279666885,0.0478708807597776
195,0.9293333333333333,0.6966666666666667,vit_base_patch16_224.augreg_in21k,flowers-102,CLASSIC_AT,0.14263726823681008,0.03307323358866061,0.04583959720333119,0.14013172023766912,0.05141145870618274,0.05996611544610685,0.1782846541150643,0.07392857995084354,0.05538752475720047,0.10780418545827666,0.045416040279666885,0.0478708807597776
196,0.9293333333333333,0.6966666666666667,vit_base_patch16_224.augreg_in21k,flowers-102,CLASSIC_AT,0.0613859259789534,0.04507600162264061,0.05122055981101009,0.19989500560765505,0.02856324719020689,0.060347913236452146,0.0770634977450068,0.0749874722600043,0.05801835015629847,0.06216145274059227,0.04649581215548715,0.051339871620493
197,0.3373333333333333,0.025333333333333333,vit_base_patch16_224.dino,stanford_cars,TRADES_v2,0.08988415884063498,0.0653930495304381,0.043678791056871814,0.12320636888020213,0.05794441531200839,0.04509701101206083,0.11371084997854794,0.06251787672212424,0.045028483577251276,0.0979674166944749,0.05968441626543357,0.04402738713829432
198,0.9313333333333333,0.824,vit_base_patch16_224.dino,caltech101,TRADES_v2,0.07967737701788505,0.06298545571689355,0.042570961545344996,0.10414852111247659,0.07148055790867765,0.04508847076229225,0.10685693150227292,0.06102275303353895,0.04512426473220145,0.08893011823941394,0.05586543853578801,0.04265448080846647
199,0.18933333333333333,0.03866666666666667,vit_base_patch16_224.dino,fgvc-aircraft-2013b,TRADES_v2,0.18293323151815968,0.06088626926931704,0.04215386818116738,0.25128859829141414,0.06954851333937861,0.04128287118789672,0.13639753257290124,0.0931071922875006,0.046992077506800935,0.09637641387868086,0.0670071111535341,0.04555135302820598
200,0.6633333333333333,0.298,vit_base_patch16_224.dino,flowers-102,TRADES_v2,0.1851480659555683,0.05725773737084497,0.039062686424702314,0.20796048392869926,0.05712649438041378,0.041866513947550525,0.12686722981840742,0.05911005321306703,0.0456636122843439,0.10444854081657003,0.05818240389433746,0.04289856109957764
201,0.6633333333333333,0.298,vit_base_patch16_224.dino,flowers-102,TRADES_v2,0.1851480659555683,0.05725773737084497,0.039062686424702314,0.20796048392869926,0.05712649438041378,0.041866513947550525,0.12686722981840742,0.05911005321306703,0.0456636122843439,0.10444854081657003,0.05818240389433746,0.04289856109957764
202,0.6633333333333333,0.298,vit_base_patch16_224.dino,flowers-102,TRADES_v2,0.1851480659555683,0.05725773737084497,0.039062686424702314,0.20796048392869926,0.05712649438041378,0.041866513947550525,0.12686722981840742,0.05911005321306703,0.0456636122843439,0.10444854081657003,0.05818240389433746,0.04289856109957764
203,0.6633333333333333,0.298,vit_base_patch16_224.dino,flowers-102,TRADES_v2,0.1851480659555683,0.05725773737084497,0.039062686424702314,0.20796048392869926,0.05712649438041378,0.041866513947550525,0.12686722981840742,0.05911005321306703,0.0456636122843439,0.10444854081657003,0.05818240389433746,0.04289856109957764
204,0.8213333333333334,0.3466666666666667,vit_base_patch16_224.dino,oxford-iiit-pet,TRADES_v2,0.17343490668545297,0.06358284875043284,0.039236289388530014,0.21104729608711745,0.0678694670981146,0.043618431264850925,0.13500459706981577,0.0558633535922817,0.04718265292719913,0.11037445223226545,0.05006626944799341,0.04330499468650372
205,0.8213333333333334,0.3466666666666667,vit_base_patch16_224.dino,oxford-iiit-pet,TRADES_v2,0.17343490668545297,0.06358284875043284,0.039236289388530014,0.21104729608711745,0.0678694670981146,0.043618431264850925,0.13500459706981577,0.0558633535922817,0.04718265292719913,0.11037445223226545,0.05006626944799341,0.04330499468650372
206,0.226,0.09733333333333333,vit_base_patch16_224.dino,stanford_cars,CLASSIC_AT,0.10015731515469324,0.05668112694856271,0.04389331172236259,0.17896982409305429,0.04117604995947943,0.04585975115602803,0.13645004052057014,0.07183164894884873,0.046282833579634836,0.09795251942603804,0.059961505458359154,0.04398567478667111
207,0.9566666666666667,0.8386666666666667,vit_base_patch16_224.dino,caltech101,CLASSIC_AT,0.08941333683318817,0.055480653359264075,0.04294083256774009,0.10540131005929868,0.06065884767279539,0.04530323458174746,0.10198895159462136,0.0594597496808371,0.045279371935141324,0.08877799386729983,0.05585947287413647,0.042645532315989165
208,0.14533333333333334,0.056666666666666664,vit_base_patch16_224.dino,fgvc-aircraft-2013b,CLASSIC_AT,0.19268123896339426,0.05438362048394025,0.042332840166086,0.24414165036033025,0.059991409344723905,0.04152150050112156,0.12321028015081373,0.08187670023385672,0.045133751730062524,0.0963883453443421,0.06703097408485659,0.04568558201689495
209,0.14533333333333334,0.056666666666666664,vit_base_patch16_224.dino,fgvc-aircraft-2013b,CLASSIC_AT,0.19268123896339426,0.05438362048394025,0.042332840166086,0.24414165036033025,0.059991409344723905,0.04152150050112156,0.12321028015081373,0.08187670023385672,0.045133751730062524,0.0963883453443421,0.06703097408485659,0.04568558201689495
210,0.14533333333333334,0.056666666666666664,vit_base_patch16_224.dino,fgvc-aircraft-2013b,CLASSIC_AT,0.19268123896339426,0.05438362048394025,0.042332840166086,0.24414165036033025,0.059991409344723905,0.04152150050112156,0.12321028015081373,0.08187670023385672,0.045133751730062524,0.0963883453443421,0.06703097408485659,0.04568558201689495
211,0.584,0.2966666666666667,vit_base_patch16_224.dino,dtd,CLASSIC_AT,0.08987690875010447,0.05075275492782865,0.04815004954691436,0.127162454184028,0.060697954846643344,0.0523048269439702,0.12183466851323439,0.0714967943743359,0.05219140629663678,0.07961830967418426,0.05741472558172853,0.048376890841581206
212,0.584,0.2966666666666667,vit_base_patch16_224.dino,dtd,CLASSIC_AT,0.08865912916820878,0.05154072995140821,0.047756062035124586,0.11430413448107068,0.05411955730130493,0.05091990114495159,0.09822526534461969,0.057178930025430105,0.050212514476056305,0.07994663260067575,0.057316228703781086,0.04831122625628291
213,0.35,0.13733333333333334,vit_base_patch16_224.dino,flowers-102,CLASSIC_AT,0.09585510773856397,0.05984680363662395,0.04282100842341375,0.24476817715417473,0.019793829193213545,0.045457799412985896,0.10713305652993534,0.059014603765480705,0.0437933996706994,0.09611759371942635,0.06029720571742191,0.04332510081847901
214,0.078,0.02,vit_base_patch16_224.mae,stanford_cars,TRADES_v2,0.029115221432998044,0.03953139152405015,0.05392811174143109,0.05351098822519903,0.0625208561758116,0.06162702006960004,0.029523406588167992,0.06008962196691615,0.06266684940649282,0.021216689707775183,0.03914704199837918,0.05449718739571912
215,0.86,0.6333333333333333,vit_base_patch16_224.mae,caltech101,TRADES_v2,0.036438261367568274,0.031069165881187882,0.05419207044253278,0.045386753844868934,0.053452328397742596,0.05901232505697207,0.03363141756052164,0.041696992113395295,0.05761934306133893,0.028599381957452902,0.029512128190137567,0.05459176977318554
216,0.03666666666666667,0.012666666666666666,vit_base_patch16_224.mae,fgvc-aircraft-2013b,TRADES_v2,0.2574810289695986,0.043907793633369926,0.05048203121271417,0.3316470195198778,0.06365436930272515,0.05367966400992698,0.18300780317854246,0.094446499307975,0.063239750870997,0.03831790197107813,0.04681907125471293,0.05669832482222116
217,0.3333333333333333,0.142,vit_base_patch16_224.mae,dtd,TRADES_v2,0.32774985374706,0.03692737496866008,0.0460368438018601,0.3763416468677993,0.04719492830621187,0.04660991654628159,0.11613080385391421,0.05764753638414976,0.05669838465120166,0.04704270585847491,0.03898088563617044,0.05274060101004071
218,0.3333333333333333,0.142,vit_base_patch16_224.mae,dtd,TRADES_v2,0.32774985374706,0.03692737496866008,0.0460368438018601,0.3763416468677993,0.04719492830621187,0.04660991654628159,0.11613080385391421,0.05764753638414976,0.05669838465120166,0.04704270585847491,0.03898088563617044,0.05274060101004071
219,0.612,0.1375,vit_base_patch16_224.mae,oxford-iiit-pet,TRADES_v2,0.26450465080180063,0.030460065194808296,0.04809609666981098,0.33540698993420814,0.04884834445784427,0.04977969886207596,0.0822188921658766,0.04990805860368482,0.05842457820391885,0.03946315776904799,0.02895855472901169,0.05351407180981266
220,0.612,0.1375,vit_base_patch16_224.mae,oxford-iiit-pet,TRADES_v2,0.26450465080180063,0.030460065194808296,0.04809609666981098,0.33540698993420814,0.04884834445784427,0.04977969886207596,0.0822188921658766,0.04990805860368482,0.05842457820391885,0.03946315776904799,0.02895855472901169,0.05351407180981266
221,0.04,0.016666666666666666,vit_base_patch16_224.mae,stanford_cars,CLASSIC_AT,0.030771797683176814,0.03848262382609525,0.05399961862992802,0.060947704628879246,0.054059207703675456,0.06165085569909901,0.03264289459884635,0.05944903942413119,0.06057825237164514,0.021326929494207943,0.039331768126996236,0.054598488821089766
222,0.8066666666666666,0.6946666666666667,vit_base_patch16_224.mae,caltech101,CLASSIC_AT,0.029064703566272537,0.03029362986648849,0.05433524632216959,0.05104220109052295,0.0626752413110138,0.06019352606397575,0.03241143975278298,0.06190268812714018,0.06229642179614141,0.02866798706644554,0.029389832126281126,0.05457088995740517
223,0.318,0.19266666666666668,vit_base_patch16_224.mae,dtd,CLASSIC_AT,0.03709452118578302,0.040162848171539776,0.05292565575042682,0.09399586910063396,0.05815494454327296,0.057868408171062216,0.03985541852218866,0.07879750235795556,0.06276340452966249,0.02648670590623097,0.039518141334065594,0.05314055802958488
224,0.09,0.05333333333333334,vit_base_patch16_224.mae,flowers-102,CLASSIC_AT,0.029935332999260267,0.042773283699620586,0.05637482998067149,0.1316844441262796,0.05526523015248049,0.07202853938482831,0.0969050516620135,0.1301870809172692,0.07427756699358103,0.021332951535542988,0.043838141599255497,0.05589758274273988
225,0.38466666666666666,0.04533333333333334,vit_base_patch16_224.orig_in21k,stanford_cars,TRADES_v2,0.03233303141535968,0.024920150641178432,0.038208514086857034,0.05161605568003051,0.0570744148352958,0.04251084521142203,0.047578895933641605,0.05773585355389236,0.041739166706392716,0.023844567860037184,0.026940220241216572,0.038428993659722556
226,0.942,0.818,vit_base_patch16_224.orig_in21k,caltech101,TRADES_v2,0.03180890792597807,0.008781453951057712,0.03331225466216458,0.06043215253003711,0.0195196449238185,0.041604524357796525,0.04064703566272535,0.029306312863159652,0.04517497285623948,0.03236371445957071,0.008310166680586544,0.03361053774474127
227,0.23733333333333334,0.022,vit_base_patch16_224.orig_in21k,fgvc-aircraft-2013b,TRADES_v2,0.03279959910275378,0.02624922445473202,0.04125900825657424,0.048632654035221684,0.058834057175583446,0.04553047296329881,0.03390624254283396,0.053664749677850426,0.04439400085906553,0.03244762086574715,0.03030592277955424,0.042222474108719515
228,0.6846666666666666,0.21533333333333332,vit_base_patch16_224.orig_in21k,dtd,TRADES_v2,0.031519000943182225,0.008476701011234614,0.034718657099535574,0.03246218316837594,0.015138671665134494,0.037786984085292324,0.02970427058584749,0.009966093195955062,0.03601404028223833,0.031480199142778685,0.008243890208813382,0.034963406917465585
230,0.26066666666666666,0.11333333333333333,vit_base_patch16_224.orig_in21k,stanford_cars,CLASSIC_AT,0.03315536063307432,0.025337274157410498,0.038291938790103446,0.08191114077322782,0.05119893216379844,0.04670591600324164,0.04627985412594746,0.07257055346331696,0.04619344996901368,0.023817752776850838,0.02622515135624732,0.03850050054821948
231,0.8773333333333333,0.804,vit_base_patch16_224.orig_in21k,caltech101,CLASSIC_AT,0.03245319938434372,0.008674072041330104,0.03335997995537685,0.0349229833080787,0.02034290623173016,0.041449417154856644,0.026022216123990312,0.022016274324985385,0.04233531791010941,0.032333886151313045,0.0081699736317755,0.03360158925226397
232,0.5893333333333334,0.3353333333333333,vit_base_patch16_224.orig_in21k,dtd,CLASSIC_AT,0.03188911042395444,0.009324371112358076,0.03530366885946585,0.03915997086880216,0.04074785993147005,0.04392363805680584,0.031474229635024296,0.04013598538664502,0.045481679580701775,0.03146229061951551,0.008252844470444966,0.03485297102400936
233,0.8826666666666667,0.6666666666666666,vit_base_patch16_224.orig_in21k,flowers-102,CLASSIC_AT,0.04156823442384327,0.013398716204929963,0.03715369747297587,0.08447276111389505,0.040864294747894145,0.045433937051089314,0.04517145107022693,0.046659865893526144,0.04261519555205574,0.04170246020951154,0.01574021046603193,0.0375533920347436
234,0.8826666666666667,0.6666666666666666,vit_base_patch16_224.orig_in21k,flowers-102,CLASSIC_AT,0.04156823442384327,0.013398716204929963,0.03715369747297587,0.08447276111389505,0.040864294747894145,0.045433937051089314,0.04517145107022693,0.046659865893526144,0.04261519555205574,0.04170246020951154,0.01574021046603193,0.0375533920347436
235,0.8826666666666667,0.6666666666666666,vit_base_patch16_224.orig_in21k,flowers-102,CLASSIC_AT,0.04162789032858472,0.013840169900016703,0.03714176629202758,0.1362660176104231,0.02186985467821605,0.04871501181186914,0.037094041568234426,0.039978404562483597,0.04219163862839144,0.032595986350728995,0.015495621256591978,0.03762199632519627
236,0.8826666666666667,0.6666666666666666,vit_base_patch16_224.orig_in21k,flowers-102,CLASSIC_AT,0.04162789032858472,0.013840169900016703,0.03714176629202758,0.1362660176104231,0.02186985467821605,0.04871501181186914,0.037094041568234426,0.039978404562483597,0.04219163862839144,0.032595986350728995,0.015495621256591978,0.03762199632519627
237,0.506,0.15466666666666667,vit_base_patch16_224.sam_in1k,stanford_cars,TRADES_v2,0.003932878867330886,0.017888639938980787,0.027780426181055442,0.014146446107641703,0.031165085569909903,0.037970157791867284,0.009099251561233732,0.03002395480764647,0.03494601229918482,0.004606235400676932,0.017277851933069552,0.027410973923821327
239,0.27266666666666667,0.073,vit_base_patch16_224.sam_in1k,fgvc-aircraft-2013b,TRADES_v2,0.0039612465995322865,0.02062950412828712,0.03467283921156875,0.008793490192335227,0.03742900777931561,0.04414642294659476,0.005112633035842123,0.033593041569226365,0.04162291795924211,0.003337827518732401,0.02168245597289171,0.03527836109387677
240,0.6086666666666667,0.2813333333333333,vit_base_patch16_224.sam_in1k,dtd,TRADES_v2,0.003939875117897778,0.01511479363411693,0.0277343330268986,0.0038204849628099666,0.015783378502608674,0.02718513831349467,0.003145930586563832,0.013508996048185867,0.02639417853603792,0.003677216776704593,0.014613354982748123,0.027420933869793097
241,0.6086666666666667,0.2813333333333333,vit_base_patch16_224.sam_in1k,dtd,TRADES_v2,0.003939875117897778,0.01511479363411693,0.0277343330268986,0.0038204849628099666,0.015783378502608674,0.02718513831349467,0.003145930586563832,0.013508996048185867,0.02639417853603792,0.003677216776704593,0.014613354982748123,0.027420933869793097
242,0.69,0.328,vit_base_patch16_224.sam_in1k,flowers-102,TRADES_v2,0.007003603216646384,0.01914954542200587,0.0319755649414179,0.008876798625527954,0.020271076431145153,0.03057961677046794,0.0059476937027226956,0.019495549669506288,0.030000954494475863,0.006645667788197676,0.019441859355238983,0.030716825351373277
244,0.358,0.206,vit_base_patch16_224.sam_in1k,stanford_cars,CLASSIC_AT,0.004933975306287839,0.017221242313009488,0.02792343995804929,0.0331791962625733,0.028149878438289554,0.04305906468989846,0.010776683987224103,0.03715378748152739,0.041071769080421414,0.004653906659674882,0.01717655050769891,0.02735138485007389
245,0.9206666666666666,0.818,vit_base_patch16_224.sam_in1k,caltech101,CLASSIC_AT,0.0031975946452221017,0.012420507558493313,0.026260842590051663,0.007206519275052796,0.02000882917924427,0.03692744562299405,0.005026069941417202,0.018568121890398866,0.03398935725961366,0.003233388615131304,0.012080464844355888,0.026577022657582952
246,0.21466666666666667,0.10933333333333334,vit_base_patch16_224.sam_in1k,fgvc-aircraft-2013b,CLASSIC_AT,0.005285639287930129,0.020736887319238295,0.035424521548226985,0.017491528659380518,0.04019710781272372,0.0502911277621343,0.009372166276905455,0.058091323438171145,0.05147830859542786,0.0034034505798692313,0.02173316470195199,0.03530222402519925
247,0.5393333333333333,0.32266666666666666,vit_base_patch16_224.sam_in1k,dtd,CLASSIC_AT,0.005300922885898829,0.01521030575818718,0.028904356546759154,0.006315739204145226,0.017156365286118507,0.03182941534641053,0.004127914612161081,0.016917584975942885,0.03412469107797371,0.003492162036318485,0.014714836614572763,0.027379147315512362
248,0.474,0.3393333333333333,vit_base_patch16_224.sam_in1k,flowers-102,CLASSIC_AT,0.006299663540697258,0.01872002290786742,0.032047152027107645,0.038633163910563866,0.015200324528121794,0.03525663970219772,0.011808886343570286,0.030266423270575323,0.037374424320519246,0.006621805426301096,0.019212184121984395,0.030722790941847423
249,0.08933333333333333,0.0026666666666666666,vit_base_patch16_224_miil.in21k,stanford_cars,TRADES_v2,0.05311770033846594,0.056764551651809124,0.041926872288697146,0.0462768746722601,0.05842112790198789,0.043428516947132574,0.04087512513705487,0.06342958955046003,0.04362814034418649,0.030843304571673738,0.05837047718930257,0.04288625637603089
250,0.8886666666666667,0.5366666666666666,vit_base_patch16_224_miil.in21k,caltech101,TRADES_v2,0.038919976614606326,0.01548685764738167,0.037416629878419816,0.05958502857551931,0.024459212771288465,0.041055683485855414,0.04186999630128978,0.023445050290527722,0.039170534403970746,0.030532256332549843,0.016703852624294562,0.03728836815291184
251,0.064,0.004,vit_base_patch16_224_miil.in21k,fgvc-aircraft-2013b,TRADES_v2,0.09720565074213716,0.03968405478929032,0.041044241874671886,0.14058845988641244,0.06413162792917482,0.046473058750536915,0.10915203073545554,0.06924127809860163,0.04721579248794922,0.0783599007302057,0.044304514866606214,0.04216878251324393
253,0.7046666666666667,0.3245,vit_base_patch16_224_miil.in21k,flowers-102,TRADES_v2,0.0782924093826807,0.026606533514687284,0.03825136612021858,0.09943446202305105,0.040661464671773215,0.0392058605960818,0.07219855871334145,0.04208425799985683,0.04024387333858305,0.04296119979955616,0.04083446679552342,0.04064655069558785
254,0.7046666666666667,0.3245,vit_base_patch16_224_miil.in21k,flowers-102,TRADES_v2,0.0782924093826807,0.026606533514687284,0.03825136612021858,0.09943446202305105,0.040661464671773215,0.0392058605960818,0.07219855871334145,0.04208425799985683,0.04024387333858305,0.04296119979955616,0.04083446679552342,0.04064655069558785
255,0.008666666666666666,0.008666666666666666,vit_base_patch16_224_miil.in21k,stanford_cars,CLASSIC_AT,0.05874290890022405,0.05329646755970825,0.042224817657434334,0.69069695380655,0.027577823330314152,0.06074510177813796,0.6506262811650856,0.0408930018591791,0.07625613767459599,0.03045001668494065,0.058218525051246604,0.04297563998665205
256,0.32666666666666666,0.25266666666666665,vit_base_patch16_224_miil.in21k,caltech101,CLASSIC_AT,0.039743237922517986,0.016596470714566953,0.037022896209418586,0.042034051996706956,0.027501700213570686,0.04209370861322229,0.03657248875472779,0.02552706620691301,0.04109744311741615,0.028190734134322836,0.016181857229785355,0.037118346795843124
257,0.02266666666666667,0.002,vit_base_patch16_224_miil.in21k,fgvc-aircraft-2013b,CLASSIC_AT,0.09089390540734024,0.039099412971889465,0.04135445998186417,0.1402663103135589,0.05945449338996802,0.04764234238533861,0.11032728010308786,0.07276404333508328,0.04740371307211378,0.07816303154679521,0.04382725624015654,0.042088245120030544
258,0.328,0.18933333333333333,vit_base_patch16_224_miil.in21k,dtd,CLASSIC_AT,0.0873219594312253,0.02114399646605141,0.03639011927076493,0.11719337623419573,0.04062846977638224,0.04452058883224489,0.11970952375267135,0.05719683854869328,0.04861865590563402,0.08341790135985387,0.019938155899664512,0.03644384484055445
259,0.328,0.18933333333333333,vit_base_patch16_224_miil.in21k,dtd,CLASSIC_AT,0.0873219594312253,0.02114399646605141,0.03639011927076493,0.11719337623419573,0.04062846977638224,0.04452058883224489,0.11970952375267135,0.05719683854869328,0.04861865590563402,0.08341790135985387,0.019938155899664512,0.03644384484055445
260,0.328,0.18933333333333333,vit_base_patch16_224_miil.in21k,dtd,CLASSIC_AT,0.07809310044293748,0.020976850248928473,0.03644981434830884,0.08925607994364784,0.040461323559259306,0.043828125932735586,0.05935481560190547,0.05131090390286417,0.04611146264878998,0.03991212884585537,0.025065963060686015,0.03882567843455629
261,0.2846666666666667,0.20333333333333334,vit_base_patch16_224_miil.in21k,flowers-102,CLASSIC_AT,0.042773283699620586,0.03738038991099339,0.04068532703366979,0.13994082134249647,0.0219295105829575,0.04989619872574987,0.049052067673658335,0.058638771565609565,0.04316402987567709,0.04282100842341375,0.039489226143603694,0.04050635931944544
