,dataset,backbone,loss_function,PairwiseDistance_Mean,PairwiseDistance_Median,PairwiseDistance_25%,PairwiseDistance_75%,PairwiseDistance_Std,std_dev_25%,std_dev_Mean,std_dev_Median,std_dev_75%,std_dev_Std,mean_abs_change_25%,mean_abs_change_Mean,mean_abs_change_Median,mean_abs_change_75%,mean_abs_change_Std
0,stanford_cars,convnext_tiny,TRADES_v2,11.483301380881553,9.44152743388506,5.971233230340676,15.520107634764651,7.92244716032261,0.20111459341281335,3.442046126576029,2.5126276385633113,3.160963656323797,4.085277893735881,0.13604841388639866,1.8904274158211425,1.339559986552254,1.6799341920946465,2.2869723470256687
1,caltech101,convnext_tiny,TRADES_v2,6.770127956483025,5.013427264873798,3.3260807917668274,6.859495192307692,8.623932733951708,1.1083286377980486,2.7265460837962174,2.486870070362702,3.138522691592852,3.294838884772359,0.6574873447418212,1.5236308775541982,1.2420527531550483,1.7781164316030647,1.8379804359163228
2,fgvc-aircraft-2013b,convnext_tiny,TRADES_v2,10.862913560698134,7.918704773786188,3.023755791379051,13.658374137242014,11.099614297794195,2.311815687256091,3.95363576623478,2.439198963793796,3.0365543978815843,4.087368524078497,1.2844830681295956,2.7737412676942377,1.3035855699701755,1.6974855127597914,3.9469400136316226
3,dtd,convnext_tiny,TRADES_v2,4.645785941676354,4.675169500079058,0.07498181931515902,7.742398222720507,3.5381900635549552,2.0939402761835093,2.0979956075946324,2.114404191597191,2.53586577007202,0.7615955612259152,1.168702535426363,1.2298262288775983,1.1754533483626994,1.1872059923537233,0.6531359131780273
4,flowers-102,convnext_tiny,TRADES_v2,5.773938270482465,6.295450081190546,0.7733103506076875,8.416772016472336,4.483295706906624,2.40143912848052,2.538599888198332,2.4281298778511937,2.9218208932816667,1.2062205827048837,1.3424579695159313,1.5712670998278344,1.3552012724034928,1.384616029028799,1.1889937317503292
5,oxford-iiit-pet,convnext_tiny,TRADES_v2,5.607683788969521,4.813378044298202,1.6896476883141662,6.517426644345108,5.1914131508790105,2.0127289945887425,2.5965228204898128,2.0937977726643857,2.4961426906734046,1.6928691554091941,1.1299933834352356,1.776138319664928,1.1640589617300725,1.314277096071105,1.878524688001408
6,stanford_cars,convnext_tiny,CLASSIC_AT,14.76285733597361,10.622015667557688,5.679955254226434,19.995208440061475,13.452525921196273,0.07254711755168532,4.320638838818938,2.4834653944356466,3.4058956998067043,6.117393092501069,0.04444925276959533,2.399512151257188,1.382158423251793,1.903953577260502,3.4233151035043883
7,caltech101,convnext_tiny,CLASSIC_AT,8.756468137625582,6.032753419440668,4.264383601623059,9.842664984946307,9.248969322484559,1.7661624600155634,3.3457857154448227,2.390779544734822,3.60949624158414,3.8328887939341088,1.0318474146036,1.845844458311032,1.2578780541053185,1.9978009150578426,2.146016074076832
8,fgvc-aircraft-2013b,convnext_tiny,CLASSIC_AT,6.917021540038298,5.038968433386866,0.02916381396308454,9.279942685325775,9.054216994566596,2.3020096638895953,2.855770098354745,2.3131970554526773,2.3268708835552108,2.8236121814639525,1.282999137154862,2.0097303507894533,1.292344183767257,1.2973217363117122,3.162593097597817
9,dtd,convnext_tiny,CLASSIC_AT,4.877049624924975,4.65558494458986,0.05933759973404218,7.439046237797263,5.0439493545714384,2.0893612105732107,2.1920004562458852,2.106795529854853,2.534947883262266,1.0355284265689453,1.1662689208984376,1.2979503047813856,1.1721061544215425,1.1810211830950799,1.1440752677909143
10,flowers-102,convnext_tiny,CLASSIC_AT,6.225728133857353,5.380003983581233,0.06940844118963692,9.222053468496108,6.978895159838595,2.404256478222391,2.586392700764384,2.424879114389533,2.9084559581328877,1.7393289996309313,1.3436344221526502,1.648438194007976,1.353300984700521,1.3650718240176931,2.0504681152675928
11,oxford-iiit-pet,convnext_tiny,CLASSIC_AT,4.9446528267706364,4.730070211043594,0.13944620325945367,6.404493174777514,5.62955867799816,2.021106070668629,2.3249450088069477,2.0632827046502786,2.1320642407692705,1.7023989576436742,1.1278445755226025,1.5358942745545479,1.1415351093679234,1.1655929123145947,1.890557706722117
12,stanford_cars,robust_convnext_tiny,TRADES_v2,6.851881002643538,6.030586729986729,2.8655009285348356,8.906799018535136,6.012366081344243,1.8690295385406823,2.5625466991091304,2.373007183899933,2.898304549688225,2.3989369043059217,1.1448837280273438,1.3978697023603242,1.3242907914959017,1.3441910540471311,1.335051113898968
13,caltech101,robust_convnext_tiny,TRADES_v2,2.8718311441126088,2.921139418453097,0.8438183124248797,3.76984480568386,2.5263135028347175,1.7515677989643037,1.9229808780357642,1.9566233103777795,2.1798488074735425,1.0466354428826823,0.92676514845628,1.0556250652484866,1.0827525212214544,1.132952646108774,0.5746905508175983
14,fgvc-aircraft-2013b,robust_convnext_tiny,TRADES_v2,6.0724963625656985,6.124806563250299,3.2233803189244443,8.449067657387289,4.329437122499899,2.0775019424941807,2.601264739170379,2.3790662831653684,2.5408594815308954,1.9038084271533935,1.1521143003099676,1.3920204582600337,1.1652061215111043,1.329830210892951,1.0713903252051873
15,dtd,robust_convnext_tiny,TRADES_v2,3.1115428242327545,3.7998990776840227,0.3327917870054854,4.927991337872854,2.156758448472842,1.5851309776600446,1.585548743072948,1.758461317494738,1.9691974522940847,0.5885426869029683,0.9193817787982048,0.8461236401031613,0.9614692201005651,0.9845101214469747,0.30033905831288277
16,flowers-102,robust_convnext_tiny,TRADES_v2,3.89805140798863,4.592462471795111,0.3181700463388484,6.225085889352494,2.8181571228856086,2.0428645029516397,2.0015285907516835,2.086833432658387,2.405545295771417,0.6273480297808877,1.1419036266850489,1.0890072364433139,1.1549685010723039,1.183040574017693,0.33371973675233096
17,oxford-iiit-pet,robust_convnext_tiny,TRADES_v2,3.091170525226719,3.2374514369397844,0.8541087779434944,3.6302554244880296,2.5129088819591257,1.3293695425669725,1.6370478041649377,1.695643741514521,1.8676529150477392,1.0018069352159422,0.794286658798439,0.898286723268765,0.9056097666422526,0.98406982421875,0.5552146692543306
18,stanford_cars,robust_convnext_tiny,CLASSIC_AT,6.601148850722527,7.038799865077445,4.716590656217982,9.390086104967803,3.880565879973249,0.4449097170975648,2.2964235656275322,2.3894769034971115,2.897841693943271,1.7177644034682806,0.2544922125144083,1.2268887504202421,1.3262274069864242,1.3473516745645493,0.9453636608439886
19,caltech101,robust_convnext_tiny,CLASSIC_AT,3.0378901751972,3.3886619950038064,1.6780227838021071,4.253477630770627,1.8696023528525099,1.1170456994118145,1.6947093160399775,1.9488295334042958,2.1264562312026527,0.930052054935024,0.677633127799401,0.9165923130817902,1.0678499075082633,1.1082344642052284,0.4931537161687409
20,fgvc-aircraft-2013b,robust_convnext_tiny,CLASSIC_AT,6.633232578006353,6.040349902507941,4.144418998067977,8.833843588457308,5.944879389786005,2.086274659458,2.8805179838263792,2.5252437790906925,2.5522233298636148,2.408738393560819,1.157103759472539,1.5429380320559936,1.1677940707533014,1.3987950649009604,1.3602657022502216
21,dtd,robust_convnext_tiny,CLASSIC_AT,4.057956202112615,3.993408642002577,0.9360876184937973,6.064199734665383,2.7862160922949566,1.6050489173466227,1.7057564007841786,1.7820543714199846,2.072087085556757,1.0723828927459182,0.932700818650266,0.9212906246007546,0.9618775712682845,1.0244587350398937,0.5874018977324896
22,flowers-102,robust_convnext_tiny,CLASSIC_AT,4.899134271207608,4.657314960031873,1.25833740234375,6.9584971378461145,3.7799260352006923,2.0656137153035488,2.334693228131633,2.2611528803344614,2.5092330260831153,1.3422889785346208,1.1478142831839766,1.2720811656150912,1.1642085056678921,1.2918042949601716,0.7530518225747701
23,oxford-iiit-pet,robust_convnext_tiny,CLASSIC_AT,3.432959521827257,3.040914911528878,1.0844799501403761,3.6197575591877786,3.6805118054834702,1.6347262499108062,1.9388385227383027,1.7031156568435473,1.9559766784038597,1.4178951087079783,0.8600309620732847,1.047697648055386,0.9097573100656703,0.9532488394474637,0.7931962157503688
24,stanford_cars,convnext_tiny.fb_in22k,TRADES_v2,6.2192715718261535,5.320889364413457,3.3583352010758185,7.688972799085995,4.965123843473491,2.3777467108282604,3.0288478794679774,2.428616342961954,2.894166575747284,2.1380432324996526,1.2710361668320953,1.6196846216754186,1.3271416836097591,1.3446144979508197,1.2043908157953094
25,caltech101,convnext_tiny.fb_in22k,TRADES_v2,3.0637336297482913,2.6320922367518103,1.3007888207068807,3.7781889813111,2.970569906578495,1.5483370166425363,2.0920620161964196,2.0665356385797526,2.346498190098032,1.2136616679177576,0.8761165325458233,1.158635976419344,1.111225362924429,1.2916922642634465,0.6722508691827924
26,fgvc-aircraft-2013b,convnext_tiny.fb_in22k,TRADES_v2,5.897121707218101,5.5438971588851,3.6798274485575484,7.805155215503367,4.0587934887303225,2.0873835288899323,2.823586872502887,2.3491396294035467,2.5857140806564747,1.773107723308977,1.1527810342887155,1.5206455930242389,1.1780336890615621,1.3132089749962486,1.0042661171046798
27,dtd,convnext_tiny.fb_in22k,TRADES_v2,3.328638710185002,3.8614116632964826,1.070727798786569,4.747113146146569,1.9820276713425622,1.5303819197764097,1.8240667093970544,1.8616659738303374,2.087106884992854,0.711055051270231,0.9216772850523604,0.9850526922124163,0.9838553895341589,1.054405326031624,0.37918031515974443
28,flowers-102,convnext_tiny.fb_in22k,TRADES_v2,3.1177473364256434,4.0599135077496955,0.8315739874504469,4.542640101592921,1.9211938725183906,1.7571293485264663,1.9515959891065777,2.1060792925192997,2.379288339260596,0.6171808969696021,1.0450038087134268,1.058748220991559,1.142615763346354,1.1779270546109069,0.2986966102085006
29,oxford-iiit-pet,convnext_tiny.fb_in22k,TRADES_v2,3.190688540362406,3.3479915682021657,1.6735602292484062,4.007641179270902,1.9451880559631898,1.2726398836907007,1.806971897397621,1.7999955979765918,1.9741859578587047,0.9197064455340863,0.7859487118928329,0.9848988057402394,0.9210383097330729,1.0641928410184556,0.5095200580847128
30,stanford_cars,convnext_tiny.fb_in22k,CLASSIC_AT,7.4560654221392015,6.169871180294852,5.212154083163287,10.410039632528717,5.562215653907219,2.3683934859121294,2.9097728816944186,2.4178136524986047,2.900363134982022,2.5037152826986437,1.3222338066726433,1.5632462713156925,1.3353746758132685,1.3630520179623462,1.4045822554045702
31,caltech101,convnext_tiny.fb_in22k,CLASSIC_AT,3.9695850556380736,3.927445435823935,1.9974625882677388,4.76914668582851,3.4257566983036987,1.701084018703117,2.0590746580650463,2.0572876279437686,2.329375603830072,1.3522790584817808,1.003246072622446,1.1242711849145957,1.0805967477651743,1.1609600360576922,0.7465440344832778
32,fgvc-aircraft-2013b,convnext_tiny.fb_in22k,CLASSIC_AT,6.703807901032528,7.775520693972106,4.615485040952501,9.24703235514433,4.022851513719485,1.584057969011014,2.287031454766414,2.1165479745980718,2.5568318828856107,1.8948558130919075,0.8899052357759512,1.2453151108204163,1.1745901119236757,1.2249062711021907,1.0570214656464099
33,dtd,convnext_tiny.fb_in22k,CLASSIC_AT,3.8239670810565234,3.9763438776640183,1.8663426138498216,5.413511769390621,2.3256682232600934,1.7116572473843101,1.7693676700583678,1.9294586899921171,2.110852862438674,0.8925508872112058,0.9634900681515958,0.9362383078820234,0.9782542127244016,1.0592724252254406,0.4833484325803396
34,flowers-102,convnext_tiny.fb_in22k,CLASSIC_AT,4.662205329593124,4.722692297183974,0.7279862732269547,7.508146935997172,3.3786471908627105,2.117430792826147,2.2890296880380205,2.1456751521570605,2.573523048777029,1.0337659866014985,1.1815673828125,1.2553653561360996,1.1908643535539218,1.2346180635340074,0.6355301959792353
35,stanford_cars,deit_small_patch16_224.fb_in1k,TRADES_v2,7.037453744822064,5.4612769472131175,2.616441870517418,8.561341694879975,6.405164030691433,2.416071378093108,3.3712080705548604,2.6834574156645323,2.918729932942027,2.6078625326048304,1.3211409772028688,1.806402949137664,1.3422136150422643,1.3910968717981558,1.475604589027467
36,caltech101,deit_small_patch16_224.fb_in1k,TRADES_v2,3.99924313658004,3.216490318426533,1.8458694551684027,4.327003810890213,3.698325206548306,1.1534822467064947,2.2371977847633233,2.101636113603352,2.3882258880826917,1.6165726384214483,0.7558473293597882,1.2412922017085248,1.1166111872746396,1.322441159761869,0.894063367124143
37,fgvc-aircraft-2013b,deit_small_patch16_224.fb_in1k,TRADES_v2,5.76899951937242,5.818975709279865,3.6901905293367356,7.955825494260203,4.011237927138864,2.124131081755247,2.6300899718001243,2.3673184034133485,2.608953784280107,1.6391492970837775,1.1687936038673281,1.4111791037403543,1.2071311923206784,1.3305624862249588,0.9230697523158499
38,flowers-102,deit_small_patch16_224.fb_in1k,TRADES_v2,4.415909466975705,4.717617847620893,1.2065254959405634,6.710024277017241,2.8201514691353227,2.1303068946669415,2.249904508440408,2.347347297942553,2.5420385587279877,0.8317811030668385,1.143920778760723,1.1961381282900792,1.1932410146675858,1.2940195121017157,0.4592496853443291
39,oxford-iiit-pet,deit_small_patch16_224.fb_in1k,TRADES_v2,3.248137661585852,3.3862278031326314,1.6052699099613235,3.905600242595481,2.203074264929996,1.1535116758524084,1.7684992541156699,1.7868030469226046,2.012337347857548,1.0073382964706823,0.7542520605999491,0.966728643827918,0.9321151954540308,1.0506247921266418,0.5519292579084543
40,stanford_cars,deit_small_patch16_224.fb_in1k,CLASSIC_AT,8.150377739086782,7.499926384440682,5.27773588333825,10.588485834895078,6.769882901613542,2.390442367658119,3.240517784453623,2.457771948127842,2.92462417619673,2.87267001625048,1.3362979075947745,1.761113059563868,1.3490635606109118,1.415874743852459,1.6141446509061046
41,caltech101,deit_small_patch16_224.fb_in1k,CLASSIC_AT,5.027000022682233,3.381057479387884,2.0068202456186013,4.3410919567635,5.793081403017487,1.2893397322980795,2.419085746929993,2.038297238615439,2.3347015451659847,2.312085698911029,0.8710113231952374,1.3185714868398812,1.0824311476487378,1.1579823127159705,1.2888698842257063
42,fgvc-aircraft-2013b,deit_small_patch16_224.fb_in1k,CLASSIC_AT,6.12663580074963,5.84777048674491,3.2815594987995196,8.595185805835108,4.437763935794578,2.10979756809114,2.591599774970148,2.44141670265766,2.5748004849178523,1.8279092598662956,1.1720592778126877,1.385052867175516,1.1884123766694177,1.3033505882821879,1.027472813227134
43,dtd,deit_small_patch16_224.fb_in1k,CLASSIC_AT,4.088867555359172,4.0724819566273895,1.4907819382687832,5.825405501394444,2.7621461464577557,1.7130033911850862,1.9673419140917192,1.9100497263427743,2.1446205454752407,1.0512987568792425,0.9602541659740692,1.0549625919746513,1.0135709721991357,1.084803155127992,0.5840786303781871
44,flowers-102,deit_small_patch16_224.fb_in1k,CLASSIC_AT,5.635077397499238,5.021156293919413,2.201740579044117,7.989816274651611,4.589880853591965,2.1627083434574033,2.514528629010827,2.4261772147056306,2.604328695356922,1.690408378158501,1.1818413827933516,1.3485035149509677,1.21965607287837,1.3130700803270527,0.9447106092274333
45,stanford_cars,robust_deit_small_patch16_224,TRADES_v2,6.350445215406414,6.419420875642384,4.015080274479326,8.503475102647458,4.449578529738176,2.391697091297655,3.0264848118180123,2.7007170252407375,2.917843636488918,1.8481442382953162,1.3203874681816727,1.6163320072361682,1.338831066694416,1.378111367147477,1.041545877145496
46,caltech101,robust_deit_small_patch16_224,TRADES_v2,3.8604480935416188,3.05914969754623,1.4457461986848177,4.142192318909248,4.0234340713880306,1.1044166358309162,2.1160672361736568,2.04777664802675,2.2957068516388808,1.6816961126850754,0.6882448049692007,1.170911890811905,1.114663344163161,1.236037855881911,0.9312169366707269
47,fgvc-aircraft-2013b,robust_deit_small_patch16_224,TRADES_v2,5.578081837977833,5.3795397553552675,3.0953117086678414,8.228928892302717,3.5299633676143274,2.1143067854733566,2.3391280940742583,2.35548063240331,2.583018943257317,1.4838442313741649,1.1588600039625225,1.2467467038084765,1.1947516799688627,1.3105322207007803,0.8254332698014478
48,flowers-102,robust_deit_small_patch16_224,TRADES_v2,3.9262661343343614,4.690253786823098,0.6550312556598793,5.9697145087157235,2.5916968854225164,1.991872986004386,2.093564791680339,2.2727052987820953,2.516445123045373,0.6945962677381484,1.1277878705193016,1.1222301175219735,1.1951670927159928,1.278523344152114,0.3630655181696786
49,oxford-iiit-pet,robust_deit_small_patch16_224,TRADES_v2,2.4671855953305557,2.912168213990626,0.7531844429347823,3.4376855894522143,1.60115395705088,1.4435509784846545,1.6224609862352535,1.7194011330351877,1.8755830080532465,0.6775032073936145,0.7624167981355087,0.8851213762341682,0.9258505779763926,0.993402121723562,0.3624424850414537
50,stanford_cars,robust_deit_small_patch16_224,CLASSIC_AT,6.961003636821244,5.410015989573231,0.8129214427510245,9.166537982342511,6.631125818331541,2.402468249387776,3.3394987221222823,2.495057765932089,2.925471712850825,2.557909983819385,1.3351867175493086,1.8014903814482195,1.346597840356045,1.4630342077036373,1.4450833316599274
51,caltech101,robust_deit_small_patch16_224,CLASSIC_AT,5.302966953024151,3.7772097218495206,2.792962248374998,4.928080615829572,6.037312574709998,0.8666428264408671,2.1884490707360564,1.9949408766166872,2.2650536511581323,2.4011059270614847,0.5384635998652532,1.2082374152603683,1.084905536358173,1.1324498983529898,1.330409954082232
52,fgvc-aircraft-2013b,robust_deit_small_patch16_224,CLASSIC_AT,6.374066071825067,6.535686292642726,4.280281424093075,9.048863431089961,4.676461207174499,2.0784645504094854,2.5977315136720893,2.2145016466970473,2.577696520463235,1.9670692053325018,1.1694799379712824,1.4007769855989272,1.1909836932820004,1.2647899247589662,1.104178372172441
53,dtd,robust_deit_small_patch16_224,CLASSIC_AT,3.8936137089095957,3.992343672550426,1.2017437874002663,5.871406123263288,2.515372115122151,1.6595607839732631,1.8259034425125318,1.8939856537953912,2.120860575385273,0.9094816048491904,0.9557572385098072,0.9819701849591814,0.9967221523853058,1.0687550646193484,0.4973070268514696
54,flowers-102,robust_deit_small_patch16_224,CLASSIC_AT,4.655704496947088,4.809239542250677,1.2969438141467526,6.9532517005393455,3.096138602542262,2.112966319115451,2.2795760735023016,2.277843750796108,2.5712929869137717,1.057882256400395,1.1573096181832108,1.2172486836836787,1.2088121601179533,1.273210413315717,0.5798270201094915
55,stanford_cars,convnext_base,TRADES_v2,10.09821684967228,6.441062103549991,4.810152033355733,9.52290759477459,9.634689378326835,0.7328619607236512,3.0919328235148367,2.386269428939223,2.636104380533055,4.135278678302506,0.44639567390817103,1.700523333793206,1.2481702460617317,1.343232702036373,2.3136818783996613
56,caltech101,convnext_base,TRADES_v2,5.741268373397309,3.122440044696514,1.7009385546976594,4.693330534764208,9.0931497919319,0.4395861529884519,1.9991001071094232,1.2816741237278793,2.1423440772245215,3.3002488631032283,0.2599762219649095,1.1105159039263959,0.6781865046574519,1.1976067469670222,1.8447246726375177
57,fgvc-aircraft-2013b,convnext_base,TRADES_v2,13.742191963760225,8.479572685815665,4.732123826443989,22.92099339735894,12.549606612599945,1.2844386340498035,4.578519892485637,2.5087583107078464,4.452289158248552,5.747253546315754,0.7233792931234995,2.511795855249862,1.2020704766281514,2.4889053033322703,3.230492602906311
58,dtd,convnext_base,TRADES_v2,4.701676907240039,4.099411604734939,2.549215321989765,5.493897660373222,3.4163731967875353,1.845020037163664,2.532335567766064,2.1543971587029187,2.490275895952553,1.5645976063814089,0.9168452810733876,1.3815835255909834,1.0364491888817322,1.3955158477133893,0.8821998577184843
59,flowers-102,convnext_base,TRADES_v2,3.386559818365767,3.7191289118628212,1.5177160970608912,4.554701917031121,2.083556152140492,1.9339698521097373,2.2257482534322675,2.280820270400023,2.5283967005187393,0.7866890083266441,0.966007786171109,1.2354337563679445,1.1712146235447303,1.3992430443857231,0.5498131382881142
60,oxford-iiit-pet,convnext_base,TRADES_v2,4.144998020648846,3.5126626655670194,2.333132229398417,6.133377296337183,2.833957398817814,1.350468566188397,2.094014494486116,1.8487532447430417,2.1171123005038344,1.422998669760372,0.7218936975451483,1.1437046683736853,0.9270661395529042,1.183501754981884,0.7987730002299187
61,stanford_cars,convnext_base,CLASSIC_AT,11.401955617423157,7.496143250921498,5.387019323130123,10.593245491142953,11.7386305592338,0.6893269053080342,3.0681765731238726,2.391899816375413,2.6840692656150282,4.656746328018469,0.35044518142450043,1.6494556793284363,1.302734024798284,1.3454809970543034,2.6103812863580043
62,caltech101,convnext_base,CLASSIC_AT,4.413140716987207,2.911073688042461,1.5177889310396635,4.267385629507212,5.994293882465961,0.12188168539755481,1.543655715220612,1.0597403252827664,1.931997083213469,2.2855130616366877,0.08938195888812728,0.8564988158618327,0.557441652738131,1.0800192025991586,1.277007968609773
63,fgvc-aircraft-2013b,convnext_base,CLASSIC_AT,10.831418064344426,8.095572714044662,4.811099635166567,17.387318697010056,8.572613058715952,0.04560617662430462,2.9413103259485918,2.1016576186340856,2.5732691507383887,4.060688245481678,0.028217622498217965,1.6161674085950486,1.1751748917340374,1.238819429138843,2.273447512050202
64,dtd,convnext_base,CLASSIC_AT,5.111989170897473,4.318074277243432,3.471402828171215,6.673960584275266,3.571664555868018,1.8044060417761136,2.3109459521941815,2.0466764538765623,2.1727341406201104,1.7098039576031523,0.8864931309476811,1.2278947088658463,0.9956882557970412,1.1371470674555353,0.9684896964248028
65,flowers-102,convnext_base,CLASSIC_AT,6.40095102449034,4.776009114583333,3.5775783935316983,6.917794584621753,5.9109737768554105,1.7266586586475272,2.7540692930441986,2.4161250992208414,2.549914961163629,2.495464006521389,1.0646714154411765,1.497677349993336,1.1783430510876225,1.3506549910003063,1.398134009477414
66,stanford_cars,convnext_base.fb_in22k,TRADES_v2,7.781094115553899,5.524312027890978,4.3597096463383975,10.365857322278853,6.444669552891006,0.4554759958182064,2.6839187250900673,2.3286061426081646,2.64202016774046,2.972265297115159,0.29137288077932894,1.473867036886931,1.1903302302126024,1.3262478187435964,1.6606362599431805
67,caltech101,convnext_base.fb_in22k,TRADES_v2,6.875416892439602,3.22305462771954,1.7203911243944834,4.969441575270433,10.73171779760561,0.32373781006702157,1.9180802085365027,0.8572567640279147,1.9796914750395511,3.8394457623968274,0.26365063373859116,1.0807691323129753,0.5202342106745793,1.0619621276855469,2.139233781503855
68,fgvc-aircraft-2013b,convnext_base.fb_in22k,TRADES_v2,6.622926064194544,4.963639818986723,4.184092620975783,9.278942977966956,5.50343296396541,2.0980674072233736,3.040861102119988,2.404779726011075,2.5372558069186146,2.4130755091778093,1.1496788290511517,1.636630042642057,1.1715093752344687,1.2861265477870836,1.3659234601778134
69,dtd,convnext_base.fb_in22k,TRADES_v2,3.08613320282618,3.630415404044215,0.9165994847074467,4.3912326509196875,1.922107333743757,1.7325492861981695,1.8716679129809954,1.9359754025073732,2.0879334302747794,0.6506858149474806,0.9038800828000333,1.0136911809893172,0.9697840913813165,1.1310255984042554,0.35192829787807184
70,flowers-102,convnext_base.fb_in22k,TRADES_v2,3.0516530330570966,3.7081757762021086,0.8077823131218755,4.380905263762691,1.9360632769647326,1.5537468148345475,1.91461476237359,2.09499400607294,2.3174231259406977,0.5962779409567903,0.9622806175082338,1.0446082436881003,1.1417776070389092,1.2131324319278494,0.3091740003164191
71,oxford-iiit-pet,convnext_base.fb_in22k,TRADES_v2,3.3338100914135285,3.194530582234427,2.1157372097007596,4.210866292317708,2.247938700032901,1.2466296652497655,1.7749255617348167,1.6644211597050962,1.9364346051883568,1.076115137032594,0.7386414071787959,0.9677665203469719,0.8936717821204144,1.051315528759058,0.6024193913091304
72,stanford_cars,convnext_base.fb_in22k,CLASSIC_AT,6.828540557304661,7.407779174874283,5.313809915485663,8.894037867236877,3.066996239156141,0.027385062016791476,1.5981139419059434,2.366531691168615,2.6925030623536785,1.273352344272553,0.025392125864497794,0.8137359272787278,1.2321481173155737,1.3284008588947231,0.638233147613392
73,caltech101,convnext_base.fb_in22k,CLASSIC_AT,4.116112931104314,2.796974142355266,1.59903531905685,4.38941650390625,5.01160299265542,0.45643781097772407,1.5799021743600017,1.5239960396564913,1.9951895829079418,1.970190388879801,0.2626187874720647,0.8738521231456744,0.851939685528095,1.1024046090932993,1.0990570389406265
74,fgvc-aircraft-2013b,convnext_base.fb_in22k,CLASSIC_AT,7.523913420308147,7.499417931234994,4.659491601742378,10.220650500744117,4.8360679764663494,0.036086256909302804,2.1875982283250024,2.1059002066107886,2.547983293173315,2.411822983232172,0.019139100952881183,1.1806975399939068,1.1656945493040967,1.2009936787214885,1.3446842500680918
75,dtd,convnext_base.fb_in22k,CLASSIC_AT,4.140769935808853,4.291984136053856,3.0432239027483163,5.712067419676211,2.333211204919902,1.7120721987782987,1.8683728922492364,1.9602607842399156,2.1041831675006106,1.0197275567755217,0.9574141482089429,0.9913512596122642,0.971609367208278,1.0769605596014795,0.5625927163890104
76,flowers-102,convnext_base.fb_in22k,CLASSIC_AT,4.531892183908006,4.513338996554554,2.8448019540931906,5.189795283313924,3.8539234839284364,1.575208931003954,2.218942624956334,2.2287377301470785,2.501372636012564,1.6060980640618647,0.9845508051853554,1.1961607858801877,1.1488118489583334,1.2362936580882353,0.8863467834740965
77,stanford_cars,robust_convnext_base,TRADES_v2,6.654922621659622,6.504297900987554,5.162502548175208,8.79826851783716,4.346602184297542,0.7547599695754784,2.4734819034644704,2.392522572418821,2.864939603672947,1.9940637934739647,0.46305021692494863,1.338992827515708,1.3271619452804815,1.3459016393442622,1.1039912465176906
78,caltech101,robust_convnext_base,TRADES_v2,4.407231131705093,3.5485604336421597,1.4863828564092383,5.851475172776442,3.7798153534919168,1.9297652684271034,2.5200922943479704,2.1164428653472687,2.3413004625220104,1.6738302289882874,1.0217608525202824,1.386485103742611,1.1182400630070615,1.3010206956129808,0.9360777979566751
79,fgvc-aircraft-2013b,robust_convnext_base,TRADES_v2,7.6195550032747885,7.838828529546047,4.631876007174958,9.890504554532527,5.43286906185349,2.065938524404494,2.7941784527741556,2.1884985274462085,2.5464628679606816,2.5277376285314315,1.1553772632099715,1.5091725899344115,1.1782771702430972,1.2317008834783914,1.4216513448993067
80,dtd,robust_convnext_base,TRADES_v2,5.455276643828245,5.282757350441662,3.8368853924870496,7.017364326114562,3.998082904891218,1.7266102550652356,2.246660675446672,1.8967674974238988,2.149735202278824,1.7724241592594405,0.9735474282122673,1.2073375232218864,0.9872064468708445,1.0603252654379987,0.9959996884325732
81,flowers-102,robust_convnext_base,TRADES_v2,6.777069403493232,6.502280838265195,3.6724595013786767,8.782768066589275,5.517631995532859,2.0659827267277464,2.7006937916548397,2.26191223744194,2.609330209877837,2.3080632816537494,1.167614387063419,1.492330734295671,1.1822160309436278,1.4586599312576594,1.3226277373303896
82,oxford-iiit-pet,robust_convnext_base,TRADES_v2,5.863754899710811,3.554919651023096,2.3516702520175086,5.156536678287049,7.14110189421614,1.6378955240350384,2.55823357903173,1.7507004594217954,1.9912547200092559,2.773846598303135,0.896974535955899,1.3938817443479088,0.9202086960060009,0.9882777117300725,1.5573612706388762
83,stanford_cars,robust_convnext_base,CLASSIC_AT,7.630342415526459,6.894890269829968,5.3138960040983605,11.222395699923156,5.624517037917967,1.3388351583405287,2.8708798430916085,2.4066014526517696,2.8006480457839813,2.6869203688309473,0.856322316654393,1.5874152011558658,1.3387585249103482,1.4436537445568647,1.497945775881988
84,caltech101,robust_convnext_base,CLASSIC_AT,7.076854288405822,4.311928491981302,2.5618955383652726,11.187738506610575,6.5787499904520725,0.7113979445090164,2.6952225120288817,2.0306440877828322,2.206512404520072,2.9024025379388294,0.49196300139793986,1.4991544009052395,1.1172925508939302,1.1524390587439903,1.6172191989773375
85,fgvc-aircraft-2013b,robust_convnext_base,CLASSIC_AT,7.657721169556052,6.5162085399259055,4.3612073735744294,9.243924508488288,7.40672302946476,2.0809342603877132,3.0571078117460573,2.1239311313629994,2.5508704320599005,3.02850995557145,1.1629046638186524,1.6633870722472228,1.1674049258375225,1.2031447833039466,1.7031389320754637
86,dtd,robust_convnext_base,CLASSIC_AT,4.128048313794934,4.228358002525387,2.8958479543250597,5.753526185215422,2.3839301055642683,1.7559678611745753,2.1002240479100265,1.9693048575532726,2.1385131525956695,1.050751750958131,0.9475383352726063,1.124266497556578,0.9811696803316157,1.0848444837204951,0.5912547089815436
87,flowers-102,robust_convnext_base,CLASSIC_AT,6.077819981661137,5.892426438656918,3.731899605545344,8.143757323916404,4.175541074793297,2.1110563784719183,2.7835013288573855,2.4792939836901535,2.692663443978126,1.824150349346995,1.177947250067019,1.5022559322690372,1.2222069235409005,1.5052446253159466,1.030295645682753
88,stanford_cars,convnext_base.clip_laion2b,TRADES_v2,9.3001320933927,6.974064424670562,3.6545297135171726,10.508170531970213,8.460120478845232,0.3471690413060122,2.4159303727598003,1.5768066026840013,2.3976452243075923,3.5852405901111997,0.20737922543384985,1.3580365123644553,0.883849097079918,1.340324426869877,2.001019669169949
89,caltech101,convnext_base.clip_laion2b,TRADES_v2,5.525345752270145,3.693414720911042,2.1962922114210177,5.181330015844424,6.879866151584244,1.2512183491582238,2.2943809843132117,1.9983286649587588,2.3237889645708316,2.625468666987596,0.7263832239004282,1.28851155167693,1.1081049992487981,1.2834332979642429,1.4622524853203582
90,fgvc-aircraft-2013b,convnext_base.clip_laion2b,TRADES_v2,7.649957511062558,7.148232879313785,4.54669501987056,9.60969109323417,5.417481992558038,1.6825375624822505,2.7457293887321117,2.1608846639342576,2.5297513287370026,2.631437728434879,0.8813307305344014,1.4886454024664064,1.1865855717286915,1.2709555013411615,1.4764531836478376
91,dtd,convnext_base.clip_laion2b,TRADES_v2,3.492157790420392,3.9157247250204703,0.7548992400473742,5.216075539065541,2.2689339084318294,1.7929494416644103,1.9074424940577674,2.060633651529043,2.1356094784500255,0.6766155531370759,0.9570019661112035,1.0193195014616472,1.005701592627992,1.1468357816655586,0.36647005401006283
92,flowers-102,convnext_base.clip_laion2b,TRADES_v2,4.2952795279831095,4.63757727948606,0.9083467371323533,6.320493465246507,2.8426752134363205,2.049481711977249,2.162809182632097,2.337668973692513,2.4978008673274017,0.9340484656213897,1.1363131354836857,1.1600967301629403,1.1644278133616728,1.310719508750766,0.5061937064765766
93,oxford-iiit-pet,convnext_base.clip_laion2b,TRADES_v2,5.509808792135703,4.519733057767198,3.358272843252115,7.092338694492272,3.9841435602712787,1.540307319397466,2.229423388638659,1.84299724410209,2.0319755516201075,1.954256340638737,0.8497314729552338,1.2138590058936471,0.9520956951638927,1.1158890655075293,1.0979218119165193
94,stanford_cars,convnext_base.clip_laion2b,CLASSIC_AT,8.479810238229588,7.219582947840112,4.856287322949444,10.619336779839324,5.642196130376094,0.09718467513494777,2.091269307488335,1.9836567916213972,2.4326828566104792,2.5996113434554253,0.06595916748046876,1.1757007822219883,1.1926391101274334,1.3406294525646771,1.4433403089809422
95,caltech101,convnext_base.clip_laion2b,CLASSIC_AT,6.689661443874565,4.422713529146635,3.1764378518479512,6.149804158549322,7.571183927922575,0.08927723842876571,1.8606046700286423,1.0707494539503912,2.095655832236516,2.9946359915722054,0.06281032562255862,1.041963240631625,0.6759135026198166,1.102534162081205,1.667580734526618
96,fgvc-aircraft-2013b,convnext_base.clip_laion2b,CLASSIC_AT,9.489500993212559,7.115849424896384,4.662758267369448,11.28276197267274,8.335055618660402,0.25129872018277677,2.9542258758517073,2.1197090389112985,2.5578968470807917,3.696079414313233,0.14618282615780703,1.6034726689945134,1.165689566842362,1.324831226435887,2.0735934547255575
97,dtd,convnext_base.clip_laion2b,CLASSIC_AT,4.552274879266875,4.352053408516714,3.188138420588424,6.5406225161790275,2.833276949582301,1.7247292997486336,2.0038884081794808,1.8501278853676484,2.10086685557825,1.228435253347003,0.9548239200673205,1.074557187906255,0.9745278865733047,1.0705611208651928,0.6869835055476685
98,flowers-102,convnext_base.clip_laion2b,CLASSIC_AT,6.628428750981629,5.630184654052484,3.7725571120213814,7.995518461263308,5.685177027369686,2.133242740083746,2.753551443181005,2.4437071272124586,2.621340666250453,2.3686360956605017,1.1497894287109376,1.4831075254175745,1.215752455767463,1.3326574886546416,1.3307145593395568
99,stanford_cars,convnext_base.clip_laion2b_augreg,TRADES_v2,6.584038074217019,5.295754507332789,3.5583425693152284,8.240778243337273,5.0393751458097285,1.2074222087266675,2.322364529718758,2.386160066943973,2.5356257971490117,2.215105227365825,0.6912787890825115,1.271852547781808,1.2716827392578125,1.3502581486936474,1.2302307138551443
100,caltech101,convnext_base.clip_laion2b_augreg,TRADES_v2,6.272995002507259,5.454421653514381,3.288466046646535,8.469834976738436,3.9407184467486207,0.39951125512377644,1.671578591765642,0.9892019333322194,2.236293062467477,1.914559976508864,0.24008301221407372,0.9486232720888577,0.5736261661236103,1.2501258263221153,1.0590072573125038
101,fgvc-aircraft-2013b,convnext_base.clip_laion2b_augreg,TRADES_v2,8.466690827087474,7.1357040823266304,4.52168592138538,10.496500333531852,7.051256619207036,2.0882747179803185,3.0905762762508857,2.1966757186105026,2.555751501958819,3.2113139628434006,1.121211350751238,1.6813461446368319,1.1848610537965185,1.2863749015231092,1.804902092746005
102,flowers-102,convnext_base.clip_laion2b_augreg,TRADES_v2,4.440237273411193,4.790873276408631,1.005588187423407,6.556548156825558,2.986014722737666,2.0504174745700854,2.257218648698573,2.4001340704237992,2.5363032628794375,1.0285832422298924,1.1461347991344975,1.2231333551487,1.2178307626761642,1.3490100337009805,0.560849396900198
103,oxford-iiit-pet,convnext_base.clip_laion2b_augreg,TRADES_v2,4.686594219222409,4.124602968149931,3.2273701663688383,6.629005056582486,3.2777760144753456,1.5395972175156367,2.09874418861765,1.8007606702047967,1.993004127857515,1.593987124148282,0.8549603863038879,1.1428035250533355,0.9352748704993207,1.0621064227560293,0.8944968695586223
104,stanford_cars,convnext_base.clip_laion2b_augreg,CLASSIC_AT,6.028351710149804,5.411505526375424,4.1158075867570565,7.788943293164507,2.910379395803259,0.012017408705313738,1.4324195441767968,1.3645014690951958,2.380759982825027,1.2257549420091567,0.0076577108414448425,0.7719568048118793,0.8082084780833761,1.3275230532786886,0.636144535035424
105,caltech101,convnext_base.clip_laion2b_augreg,CLASSIC_AT,4.910848734404394,4.346217228816106,2.8319262453629923,6.221493837641298,3.284686649896321,0.2920571093707257,1.5591055980736315,1.2719369386964097,2.1681641785737837,1.6393518213857468,0.1964815873366136,0.8614028094365047,0.7150406544025127,1.1306189610407902,0.9069406171004469
106,fgvc-aircraft-2013b,convnext_base.clip_laion2b_augreg,CLASSIC_AT,7.7233654458073175,7.2795847184107245,4.713703352434724,10.011503027936769,4.988360360977032,0.056685590654785234,2.427180143128703,2.2075603337684124,2.61389105441987,2.5254267985012184,0.03524520159626343,1.3046637196096111,1.1735715282206634,1.243152925232593,1.4119191051622404
107,dtd,convnext_base.clip_laion2b_augreg,CLASSIC_AT,4.799067705657942,4.242508778673537,3.7311369796819687,6.407198686123103,3.3641567122277145,1.7494241296845041,2.080669619866538,1.9011856342514286,2.1173622110084933,1.492788345162706,0.955795466646235,1.115766681508815,0.982209160987367,1.0676264823751247,0.8371680364488314
108,flowers-102,convnext_base.clip_laion2b_augreg,CLASSIC_AT,8.004820595435632,6.530667196650924,4.56558636206471,9.239146784473826,7.09538497160762,2.2431378983110024,3.310115033133686,2.5686660930342518,2.8661278388526026,3.045054548364228,1.2035681032666974,1.811086945267112,1.2764178107766544,1.6022141699697456,1.71299448365468
109,oxford-iiit-pet,convnext_base.clip_laion2b_augreg,CLASSIC_AT,6.98052136273854,5.1639805631399005,3.6456150870565054,8.329092716825182,6.311359387073457,0.19487895891560023,2.330505136077276,1.7727388119726246,2.0270775981753646,2.8039369743223497,0.11969895293747163,1.263291000556496,0.9389730259992074,1.0611209040102751,1.573414463451068
110,stanford_cars,vit_base_patch16_224.augreg_in1k,TRADES_v2,14.63185163730562,9.256397330259508,5.310799981015279,16.6599972295394,14.135184813038652,2.3815476275298666,4.990278877369209,2.520787636406887,4.304476677752208,6.241643305681427,1.332367618748399,2.765898423281283,1.36979260053791,2.4062756147540982,3.4968612089810067
111,caltech101,vit_base_patch16_224.augreg_in1k,TRADES_v2,5.074641525131677,3.825456631725623,2.3971638222848153,5.6845761996488315,4.653674216551953,1.8691957336136982,2.7624768546676726,2.3906593568366574,2.9467563356839706,2.02497741310129,0.9759861285869892,1.51589783399533,1.1682853111853966,1.647286869929387,1.134809672970473
112,fgvc-aircraft-2013b,vit_base_patch16_224.augreg_in1k,TRADES_v2,13.287667225568958,8.122760915473016,4.704030965163812,15.482244851065426,14.029424102996279,2.0799120166936715,4.334822413078635,2.499913235209097,3.1673994179850995,5.9608028307172205,1.1737509334788603,2.3912878315388655,1.241833232316364,1.7706301026269882,3.341486471999097
113,dtd,vit_base_patch16_224.augreg_in1k,TRADES_v2,4.703480244535998,4.530042511088869,3.1849569179312307,5.923713840757723,2.9817462946439113,1.6457251219180151,2.282447865369266,2.11735805653734,2.294777897586529,1.3986694051957846,0.9582843212371177,1.2328948041226,1.065335959576546,1.217658477133893,0.7834268551539695
114,flowers-102,vit_base_patch16_224.augreg_in1k,TRADES_v2,5.916661773626491,5.629313198745289,3.484967029473614,7.499766431893969,4.396696819171039,2.23756378469177,2.9245758936673973,2.551120434911645,2.7319843595819053,1.87120339271627,1.1842936197916667,1.5843050204446336,1.284516098920037,1.5014277439491421,1.0566368873200818
115,oxford-iiit-pet,vit_base_patch16_224.augreg_in1k,TRADES_v2,5.634045933407281,3.7564216396732433,2.7679946136135456,7.3347294022324405,5.777015457376016,1.6906511326832865,2.678327607386393,1.9824400828694215,2.272449950864699,2.4220887951825234,0.8346651187841443,1.4628757130935361,0.9959212593410327,1.270338141399881,1.361857415659258
116,stanford_cars,vit_base_patch16_224.augreg_in1k,CLASSIC_AT,15.443771634681724,8.528361650596644,5.410118662321535,22.188784639952612,16.395102854191943,2.481225352912657,5.305938928787107,2.9211012823109392,3.391845278750916,6.826394248006553,1.3438396516393443,2.8814544470297823,1.3878638095543032,1.8960991531121927,3.8469564701386743
117,caltech101,vit_base_patch16_224.augreg_in1k,CLASSIC_AT,6.4903316196777725,3.8111879240523523,2.2691854350228264,6.0470428466796875,8.766599996987727,1.8089579699632137,2.8742603559962685,2.1462543886850423,2.4399466657404982,3.3315442680198606,0.9794114039494441,1.595171617605747,1.1473412146935096,1.3639716515174278,1.8632017544730146
118,fgvc-aircraft-2013b,vit_base_patch16_224.augreg_in1k,CLASSIC_AT,16.27083781275058,8.267736977603542,4.778745860619376,16.20128442001801,19.92496306906691,2.097621945365879,5.131749877453444,2.457848417488003,3.170383010760403,8.045317451674766,1.1796076523871266,2.820863274064953,1.2227108372645934,1.7722979816926772,4.5131417338111035
119,dtd,vit_base_patch16_224.augreg_in1k,CLASSIC_AT,5.312576930509036,4.713640644651987,3.0939487949828366,6.290918388570151,4.247481044580621,1.866724805833435,2.512978157861257,2.0787054543450223,2.332507123999063,1.8309488256291406,0.9576094282434341,1.3625831923586258,1.0610202545815326,1.2472666151980136,1.0318774980034107
120,flowers-102,vit_base_patch16_224.augreg_in1k,CLASSIC_AT,8.71726013828107,6.894479135274533,4.527864364751377,9.489764564089267,8.400872805415842,2.2241336326129844,3.60863880764126,2.684182532172028,3.517020995350218,3.5299220548601187,1.2158338359757965,1.9777772553053758,1.3320117426853555,1.9800538006950825,1.984846641864195
121,oxford-iiit-pet,vit_base_patch16_224.augreg_in1k,CLASSIC_AT,8.113514998212318,4.247128143634036,3.32045116979441,8.887219070982914,10.48114384855082,1.738787643971864,3.2247086077048395,1.9645292464165216,2.6908788905502536,4.088204442792241,0.8744633992513021,1.773160084045937,0.9961877352949502,1.5042470296223958,2.293147256569135
122,stanford_cars,vit_base_patch16_224.augreg_in21k,TRADES_v2,22.265010232321384,10.333503069810682,6.683867160441165,31.22597336065574,29.04554582965071,2.8642218443355123,7.572243961911591,3.578115514876095,6.183620126142599,11.352249557158402,1.6011486866435067,4.204310482838115,1.7824048652023565,3.456748737272669,6.355064717132045
123,caltech101,vit_base_patch16_224.augreg_in21k,TRADES_v2,14.000686861155067,9.221913310869377,6.017685068052625,15.127495151652175,15.012267388241854,2.0064346977138467,5.346958179676751,3.9721823479757745,6.018719544120981,6.191182184459255,1.2352129716139573,3.01834638928383,2.1792853722205527,3.4375345083383415,3.45425074371073
124,fgvc-aircraft-2013b,vit_base_patch16_224.augreg_in21k,TRADES_v2,14.757190581224034,9.590128766870933,6.147077365235985,12.69454385837785,16.12858724854008,2.7683441751741804,5.536754924634111,3.7756285901237963,4.862845975935908,6.644869088014407,1.6951207851304582,3.1446788032934028,2.050944938522284,2.7236734049088387,3.7251312682775857
125,dtd,vit_base_patch16_224.augreg_in21k,TRADES_v2,8.911899571329284,8.050785515936035,4.7147681712142875,10.154873499096183,6.988478908845646,2.4415793039599154,3.81267211375377,3.2917009741093457,3.7655325142505376,3.031643066488945,1.493712826992603,2.2356377334719593,1.812468118870512,2.0919196270881817,1.8975268902900952
126,flowers-102,vit_base_patch16_224.augreg_in21k,TRADES_v2,9.190032178096065,9.13772751162554,4.581734338481996,11.807758717329648,6.990119885679508,3.6905439634376154,4.135877180888034,3.9090618066485385,4.4030366505899785,2.2075306024042294,2.07077163995481,2.5788973405686164,2.148126699410233,2.289084221335018,1.9413016072413687
127,oxford-iiit-pet,vit_base_patch16_224.augreg_in21k,TRADES_v2,13.319190450592636,7.415616527628574,5.030669462402328,15.591451728900612,15.116351858391361,2.567972895231223,5.591672520988419,3.209243412092075,5.943306555341284,6.235759915977779,1.3384166109389153,3.1225459685595767,1.7417223833609319,3.5986891483915024,3.4913196503740127
128,stanford_cars,vit_base_patch16_224.augreg_in21k,CLASSIC_AT,24.11472467129767,11.166887287843,7.401437751269113,32.51970644018586,26.892494900700143,2.021081608810255,7.561861449459457,3.243738018974679,5.963150549950288,11.284957295795103,1.1170544233478483,4.1933231346811315,1.5815526243116036,3.3335024974385243,6.32129965905246
129,caltech101,vit_base_patch16_224.augreg_in21k,CLASSIC_AT,11.799477550094245,6.108718791367456,4.236648470359031,10.623423606080413,16.146622129221264,2.4448008323481765,4.623839256466327,2.9785591526984176,3.954466985201811,6.191871042398421,1.1898339198185846,2.556608468682103,1.6387839097243089,2.210614248422476,3.4687478944627337
130,fgvc-aircraft-2013b,vit_base_patch16_224.augreg_in21k,CLASSIC_AT,15.113209486439187,8.740684560133163,5.682202915047036,12.746520600925386,19.481208496200022,2.2933406897500452,5.297304797766153,3.1842629707016163,4.0499970385140305,7.643204961349145,1.3580632204053495,2.938352406392244,1.5979986477012682,2.317438682015775,4.279732540765427
131,dtd,vit_base_patch16_224.augreg_in21k,CLASSIC_AT,6.189782754889161,6.956082502298812,0.21281582446808578,8.818290397368513,5.8478438856690955,3.174426112772373,3.47090299194003,3.230655477382145,3.348948179876386,1.5798139436377063,1.7635132485247673,2.1915964060152864,1.7974924939744017,1.842033548558012,1.6872668843169767
132,flowers-102,vit_base_patch16_224.augreg_in21k,CLASSIC_AT,13.279848032144871,11.660136933320471,5.894325405943629,15.092755070609453,11.749439625389021,3.7694989913402437,5.528360136620409,4.485562467644806,5.83577179330176,4.3035247983118925,2.1084299124923405,3.886780072921767,2.539760933670343,4.056206916360294,4.3616649913407946
133,stanford_cars,vit_base_patch16_224.dino,TRADES_v2,22.58523461697792,11.154048742653652,7.300069105114552,38.71670644508782,21.419950830228363,0.6546831107721067,7.413298791426902,3.255114651200563,7.7456143252751835,9.814153318830787,0.39999069464011267,4.100531825081247,1.6007142614145748,4.329930039702869,5.502770339137757
134,caltech101,vit_base_patch16_224.dino,TRADES_v2,14.449132307319006,7.489466241849395,4.762168196537209,11.609444501726099,19.020163174764196,1.5938205701629689,5.459563193051978,3.744478247931538,5.050507527020443,7.3825703603313855,1.0324461716871998,3.033913395157627,2.0327847994290864,2.823319537823017,4.126377941532178
135,fgvc-aircraft-2013b,vit_base_patch16_224.dino,TRADES_v2,17.5246262913693,9.659971440346151,6.495775693143146,24.260194012337493,17.82509034624926,2.9446899809898026,6.758745188141887,3.9679068098927934,6.186419523062178,7.760538056114671,1.4161046865035076,3.7204808307295085,2.155250503521721,3.458313647724715,4.3640608389312225
136,flowers-102,vit_base_patch16_224.dino,TRADES_v2,8.156990688991113,7.393211618883184,4.413484207518252,9.712647779806135,6.133670858164148,2.430586719502857,3.6570590572020483,3.108207063311523,3.9129232875498543,2.6861030234240495,1.3862747491574754,2.1322622454822406,1.6550158930759804,2.4202262130438115,1.650147172241236
137,oxford-iiit-pet,vit_base_patch16_224.dino,TRADES_v2,12.591499299307953,7.508758102638133,4.866403841930938,15.839827502043722,13.99730660609367,2.3957424168959625,5.2877162018616,3.215473392798349,6.433206948355622,5.832579418461037,1.172097579292629,2.925712786573937,1.7152516461800837,3.596272012461787,3.2727839496695283
138,stanford_cars,vit_base_patch16_224.dino,CLASSIC_AT,30.49888435295014,10.509140506024462,5.768998107339778,45.33475261750768,38.10360938531352,2.515770661150128,9.380924809072203,3.1205373685785256,4.837352396503288,15.27601782743237,1.3900687546026511,5.184337358318392,1.5059816454277666,2.704162197425717,8.56455424554451
139,caltech101,vit_base_patch16_224.dino,CLASSIC_AT,16.031852803902478,6.501709744504365,4.520833642268661,19.641714712289662,20.49216022182948,2.436157385505566,6.076182157954152,3.3917508915561303,4.45571640554472,8.092056587244974,1.2553994692288912,3.363601041626144,1.8072395911583534,2.4908211928147534,4.532235626902237
140,fgvc-aircraft-2013b,vit_base_patch16_224.dino,CLASSIC_AT,30.129228893622457,9.834232769559105,6.841103403021915,42.65328983155762,37.90950141339977,2.2867975636086695,9.496708410271491,3.081686825553616,5.508855473515209,15.201861547247665,1.3555732351534364,5.269404887899705,1.5887978726646907,3.0795438292504502,8.515981451909246
141,dtd,vit_base_patch16_224.dino,CLASSIC_AT,10.89712669787951,7.575106757179408,5.305677958243237,12.40204185631687,11.082515298256292,2.263341568052175,4.5328638634360345,3.003730264105961,5.252886037621336,4.733675980066962,1.2727792942777594,2.512699794286169,1.5878997802734376,3.1295931552318814,2.6622479127373384
142,flowers-102,vit_base_patch16_224.dino,CLASSIC_AT,14.454907495408554,11.665788721889982,7.403711862784291,16.6829282671424,12.528213518890855,2.9468794719888294,6.800444252711616,6.188790612393511,7.805884967957507,5.63725096610785,1.5859402824850644,3.900253725757881,3.4409769694010417,4.577542174096201,3.454812280325695
143,stanford_cars,vit_base_patch16_224.mae,TRADES_v2,8.401725851838824,5.9065225696795025,2.9355168577100414,9.648003656133652,10.288006800019847,2.3941166503029,3.1203412372158996,2.585151018864706,2.929476788795321,3.7839366415692486,1.3321694295914446,1.6721162939853353,1.3477357958183913,1.4404766895731942,2.122248514731921
144,caltech101,vit_base_patch16_224.mae,TRADES_v2,5.753586360544061,4.234076237379004,1.349989255553571,5.693752806624281,8.35641965415226,2.0291397238946347,2.778073187118295,2.194132569343222,2.429541336506435,3.002526143361481,1.1143656510573166,1.5346313324603407,1.1600736764761117,1.300757070688101,1.6782608640680996
145,fgvc-aircraft-2013b,vit_base_patch16_224.mae,TRADES_v2,6.480603220451574,6.5170136766039,4.566195220494064,9.166600701340759,4.41414945720663,2.175392011887264,2.830991217404849,2.5504312588283655,2.64765697654659,1.953666199421108,1.1680322947049915,1.5133853899153868,1.2192193405682585,1.4783403962170807,1.1060854858442464
146,dtd,vit_base_patch16_224.mae,TRADES_v2,3.697287731207534,3.998574748256651,0.8098174399517954,5.973726695360426,2.4493590645325227,1.746283027503054,1.8570878077749058,2.055910455705595,2.149373650213483,0.6552714202911242,0.9649583532455119,0.9974935339528618,1.0070149198491523,1.1617104388297874,0.355531012272251
147,flowers-102,vit_base_patch16_224.mae,TRADES_v2,4.5622323627991115,4.71829893967132,0.6046042049632354,7.895339466488975,3.212277713645125,2.080004570799252,2.0766013312152967,2.272727991720746,2.534619942169449,0.822748077581338,1.1633264878216911,1.113074675915288,1.1849201277190564,1.2937459309895833,0.44256969353406933
148,oxford-iiit-pet,vit_base_patch16_224.mae,TRADES_v2,5.205568236283048,4.643465925811177,2.7480819567453536,6.795687171636817,3.942332505634416,1.5934939755304403,2.103323821249969,1.9789045810037917,2.1271455610367047,1.7798027387455748,0.8861359029576399,1.131840067257822,0.9760758773140286,1.1685862333878227,0.9981569512044592
149,stanford_cars,vit_base_patch16_224.mae,CLASSIC_AT,8.17791729715443,7.481754652118513,4.6788862384733605,9.620135373649665,6.986486066448764,2.370952537314248,3.120688681151183,2.4271242781432627,2.9151559868930246,2.8278402468596555,1.329923285812628,1.700681906731766,1.3378745157210554,1.4613172687467983,1.5866647775976188
150,caltech101,vit_base_patch16_224.mae,CLASSIC_AT,5.101016922972198,4.330987923720458,2.8947151585811692,6.638445154707454,4.230113525029874,1.7223506116491132,2.102204745778681,2.061988271333781,2.350756024308899,1.6970699088808203,1.047049067570613,1.1412942459236863,1.0981795090895432,1.1582017164963943,0.9357451170925551
151,fgvc-aircraft-2013b,vit_base_patch16_224.mae,CLASSIC_AT,6.989808644058143,6.0187824153098735,4.147585205957383,8.09822011729724,6.440723753616969,2.114558628758456,2.940355534477794,2.5116994949086453,2.579325703483741,2.554781872788774,1.1686269112137042,1.5820489053775806,1.1851291542007427,1.4018046549674557,1.4407876942663196
152,dtd,vit_base_patch16_224.mae,CLASSIC_AT,5.883494542628571,5.325222463451697,3.278086885492852,7.043332126021661,5.587111474463289,1.7102227666388479,2.3620621465099663,2.0293040523610406,2.2458060446987247,2.270120130959172,0.9590329434009308,1.2794058622197904,1.0554172597032911,1.1814789467669549,1.2745213805205435
153,flowers-102,vit_base_patch16_224.mae,CLASSIC_AT,7.3678559109067026,6.429043529844071,3.535722799862132,8.741102923815669,7.659040751735614,2.0791764946284212,2.8521811676851865,2.543705695031013,2.745666878529178,3.016125692769667,1.1664003858379293,1.5444381303059598,1.2922250785079656,1.4861227596507354,1.691631686054863
154,stanford_cars,vit_base_patch16_224.orig_in21k,TRADES_v2,4.067210416676876,5.20208520107582,0.36037400538117453,6.545564961408273,3.0781317865817446,2.3631373085758036,2.3838441385706597,2.3798487521903047,2.854898542738666,0.78903295247884,1.3087020123591189,1.2571101198734915,1.3206422899590164,1.3285932697233607,0.4000993548820751
155,caltech101,vit_base_patch16_224.orig_in21k,TRADES_v2,2.84090404305647,3.2463041363470078,0.6347462592351286,3.9222989559658687,1.9939861945620256,1.6550793837018793,1.758698133141111,1.9577524096443253,2.052684724341497,0.735768320620614,0.8634363614595854,0.9456904974717361,1.0775025000939003,1.1019302955040566,0.382162412832282
156,fgvc-aircraft-2013b,vit_base_patch16_224.orig_in21k,TRADES_v2,4.009501116036621,4.6017551015538976,0.49662599414765896,6.4184441759969815,2.901342313445897,2.065007041827288,2.172312865303264,2.1643068237449317,2.520884998191081,0.6605619967500508,1.1477806759910996,1.1477512950852626,1.1544422090125113,1.1726473731582476,0.34745315356472606
157,dtd,vit_base_patch16_224.orig_in21k,TRADES_v2,3.0330256349736993,3.7089165834010314,0.11549695603390964,5.106928669377204,2.20874477501581,1.4950580348182456,1.5507272515481998,1.7222795790475183,1.886920932500331,0.5643353307102784,0.9129308172997008,0.8286291069977011,0.9526147071351396,0.9628903328104221,0.2810980280713171
158,flowers-102,vit_base_patch16_224.orig_in21k,TRADES_v2,3.147139745244415,4.200314944037075,0.14771548117892,4.5658845500342595,2.1429820599769065,1.6870172933158922,1.8563183241288115,2.058602132471414,2.283241885017717,0.6688637358658988,1.0578833486519608,0.9967742080567183,1.1437084721583946,1.150793576708027,0.321706912956544
159,oxford-iiit-pet,vit_base_patch16_224.orig_in21k,TRADES_v2,2.442029399482381,3.133121773133522,0.5162228025651876,3.645101360691087,1.6222454690167512,1.6031325546659703,1.5902845275147397,1.6418340240888178,1.8055715111016917,0.5092135690240677,0.8382812997569209,0.8594515584426285,0.9005423283231431,0.9191010240195454,0.26672470251176733
160,stanford_cars,vit_base_patch16_224.orig_in21k,CLASSIC_AT,4.240433315456438,5.280550177822773,0.1984144867443649,7.260331067127541,3.5274542797093207,2.3625289265433116,2.312942255144455,2.376830289526006,2.887325842292813,0.8341822612232508,1.3196371109759222,1.2173844236320936,1.3216574747054304,1.3274216948962603,0.42430337398417334
161,caltech101,vit_base_patch16_224.orig_in21k,CLASSIC_AT,2.586457190403271,2.965880160623845,0.5553986174398485,3.872671710881163,1.8379810715505962,1.6558759576001436,1.756645610440048,1.9218967102394946,2.0465302597074064,0.5948396552073332,0.8293378536517804,0.9406176837749127,1.0696676987868088,1.0990477048433744,0.30015405626227826
162,fgvc-aircraft-2013b,vit_base_patch16_224.orig_in21k,CLASSIC_AT,4.039487874072032,4.618115859670627,0.4732528265212337,6.522772476306879,3.1099697563788413,2.068580655376567,2.108927122306935,2.1501742435133497,2.526803446006608,0.7363852048466698,1.153494552117722,1.099361617825185,1.1584200086284513,1.174585935448398,0.38208581468825015
163,dtd,vit_base_patch16_224.orig_in21k,CLASSIC_AT,3.251747553792803,3.7908021851938365,0.4552172072390296,5.184598188274807,2.236975141572867,1.5877720692306838,1.5719508671276161,1.7263022759321152,2.033093040457297,0.6478177067068184,0.9173903444980053,0.8296843366252322,0.9585722578332779,0.9650323096742022,0.32778544153171574
164,flowers-102,vit_base_patch16_224.orig_in21k,CLASSIC_AT,3.488499620146696,4.415729549330089,0.4694297640931371,4.8666663926379865,2.2998819448794015,1.7809738130980795,1.9031399661743407,2.0708190686697137,2.3845590134919137,0.7678005078025498,1.0610423966950062,1.0171072786617903,1.149017453661152,1.1575459199793199,0.38179262222860166
165,stanford_cars,vit_base_patch16_224.sam_in1k,TRADES_v2,5.646132791605912,5.258330179356755,3.0144769387167,7.656370408977392,3.818088026827209,2.375255593136962,2.9882941522656123,2.651517210517006,2.884240096484286,1.6174799913642455,1.3126991647188782,1.5883375541703326,1.3247054803566853,1.354434654360912,0.9164315390871477
166,caltech101,vit_base_patch16_224.sam_in1k,TRADES_v2,2.8132789700205856,3.0078676851236343,1.4443013851859359,3.8998465116260164,1.717658475594961,1.6326954291812137,1.9180522431721936,1.990481170727067,2.1856286931848734,0.6472293436326433,0.9239102877103365,1.0473523748406457,1.0825696505033053,1.1266147320087139,0.3341390508265649
167,fgvc-aircraft-2013b,vit_base_patch16_224.sam_in1k,TRADES_v2,6.193567339308133,6.0129917505729304,4.111983172175119,8.028655951074011,4.416239697101699,2.0794094338467697,2.8334022072547533,2.3771284432837865,2.5509180155854865,1.9071389005259867,1.1547387570750955,1.5272142541447384,1.1644824922156363,1.3670597511465523,1.0790715391245846
168,dtd,vit_base_patch16_224.sam_in1k,TRADES_v2,3.2172510195743103,3.793109528167186,1.0736260596742024,4.676560942845605,1.9360923427433654,1.537547581689308,1.7365673952699983,1.7850218261599058,2.0335456030233074,0.6177096545868732,0.8933863051394199,0.9273765390245894,0.9583433759973404,0.9983100404130651,0.32408927475497423
169,flowers-102,vit_base_patch16_224.sam_in1k,TRADES_v2,4.137447364809048,4.556910448770726,1.0898116766237749,6.412762570828435,2.6510471621006926,2.0455863941284056,2.12205904252253,2.113432553937151,2.4582327242459234,0.7950537681082793,1.0975727455288755,1.1328291961441672,1.1488599590226716,1.1847472845339309,0.42928248503026956
170,oxford-iiit-pet,vit_base_patch16_224.sam_in1k,TRADES_v2,2.6662253406233622,3.017652721874863,1.4557981538733928,3.5291745428745256,1.623723592752515,1.1381323690146152,1.6196851788335669,1.667686760141411,1.855698725946455,0.733921435599718,0.7336519213690273,0.8859826376647404,0.8940186431442482,0.9518521073935688,0.397841718106649
171,stanford_cars,vit_base_patch16_224.sam_in1k,CLASSIC_AT,6.250092056683823,5.396699018725126,4.030362989081712,8.67792729177739,4.4685093231768445,2.374390675785826,3.111157739820571,2.752969546957468,2.9028088992290577,1.9450914506330894,1.3214286428983095,1.6558668977004223,1.327215676229508,1.3602382972592213,1.101747197327614
172,caltech101,vit_base_patch16_224.sam_in1k,CLASSIC_AT,3.605208444574068,3.3454891938366607,1.6985248272235576,4.228323899119251,3.2680963787045356,1.802094247910971,2.133742504435841,2.0378500082225535,2.318990858045302,1.2851879522141032,0.9401606926551231,1.1500376225876332,1.0736379770132212,1.1327461242675783,0.7035926619120281
173,fgvc-aircraft-2013b,vit_base_patch16_224.sam_in1k,CLASSIC_AT,6.738038252884999,6.504580903662507,4.595541699932782,8.936945536137394,4.649426325645114,2.080108932539543,2.8848971790979534,2.430766575373713,2.549747361514738,2.0702207090374127,1.1610574161305145,1.5499640061916695,1.1695295794098888,1.3436631000056272,1.1726860791541753
174,dtd,vit_base_patch16_224.sam_in1k,CLASSIC_AT,3.796162996870872,4.236940554355053,2.5790468905834443,5.478936495521692,2.1661501984281784,1.558654582575098,1.8691654781015692,1.940768946042392,2.111584399208717,0.8422144793779752,0.9216177108439993,0.9958497672154404,0.9670485476230053,1.0527477183240523,0.46026291660770874
175,flowers-102,vit_base_patch16_224.sam_in1k,CLASSIC_AT,4.953204294431913,4.783036774280024,2.4008773504518994,7.623944290946795,3.1614300070479135,2.074269893934852,2.3463032275351763,2.2600452080271336,2.517263882623077,1.1853602565774488,1.1327315984987745,1.2468912472076246,1.1620381673177083,1.2397571040134805,0.6608203667797333
176,stanford_cars,vit_base_patch16_224_miil.in21k,TRADES_v2,16.333196808309506,9.082551303254231,5.29870033863862,15.57918731189165,21.624944429975933,2.4206487276256907,5.3346264882500565,2.6665735301674225,3.174107157106075,8.358462920771355,1.3435248703253073,2.93476312111874,1.3933758845094775,1.7743798427894468,4.68702358861181
177,caltech101,vit_base_patch16_224_miil.in21k,TRADES_v2,11.360161516417113,4.463217717368609,2.9267781384520593,12.998880709134614,20.64275637023756,2.12720401612959,4.440119253418784,2.385166909878329,3.0021543248664213,7.309926487651709,1.0937812805175782,2.4467373525925384,1.1904930701622596,1.7058046194223258,4.09679619976605
178,fgvc-aircraft-2013b,vit_base_patch16_224_miil.in21k,TRADES_v2,12.053929536627189,8.01902802357489,4.714019127146028,14.631917667150347,13.218658351268365,2.0919111502595804,4.23958784559865,2.5539708028979526,2.7239860533272835,5.471626844428106,1.1711825110903737,2.3113223974235124,1.2348533163265305,1.4762242787740096,3.0777085760608798
179,flowers-102,vit_base_patch16_224_miil.in21k,TRADES_v2,6.081048563110937,5.277516888133823,3.221731684745552,7.7561023631408235,5.074614378230878,2.241799389578205,2.903483862112551,2.560071821249692,2.716354882169188,2.033881803219548,1.1983007992015167,1.5825297114220582,1.2561208089192708,1.5179242601581648,1.175284503328099
180,oxford-iiit-pet,vit_base_patch16_224_miil.in21k,TRADES_v2,7.909128700656853,5.3165961136684,3.6692298260895027,9.090944150064187,8.320842535558318,1.7798010932311725,3.1033876548130594,2.003445784511534,2.5916989856453454,3.4724144405944366,0.9178261134935461,1.6860003127393297,0.9781706436820652,1.448803777280061,1.9569852597651105
181,stanford_cars,vit_base_patch16_224_miil.in21k,CLASSIC_AT,14.395752678678368,7.827686347336066,5.367272574865538,12.086669721759732,17.91190272701686,2.4372159808720135,4.876416512783307,2.934864282465612,3.0461072608383395,7.014920424719857,1.3509832413470158,2.653867316210501,1.3769723860943903,1.6964914540775486,3.942794109631939
182,caltech101,vit_base_patch16_224_miil.in21k,CLASSIC_AT,11.899768275919463,7.350588110771531,4.570762818504195,11.55773761285215,13.012572011332297,1.9207904497531298,4.089251106111287,2.4273261881524415,2.854749696906235,5.382911212372606,1.1824425037090593,2.2809589532705457,1.302696286714994,1.6327713012695313,3.006827307233039
183,fgvc-aircraft-2013b,vit_base_patch16_224_miil.in21k,CLASSIC_AT,14.859324732440953,8.12972641313622,4.761883192215311,19.467797298490424,17.117368161565167,0.6714314954705677,4.662282915792548,2.46640278740161,3.4564784676248292,7.094391394292006,0.3841673815522304,2.5592474298344587,1.2212001988295318,1.9322302040933559,3.980332034592222
184,dtd,vit_base_patch16_224_miil.in21k,CLASSIC_AT,6.696721101755662,5.292455914265287,3.3656907692607634,7.297711898523999,6.428564364188165,1.9259682021891826,2.833933102285674,2.1422264764627283,2.562050511875354,2.694503873260561,0.9764100257386552,1.5401110244172245,1.0807377267391125,1.4322297765853558,1.5170486737090192
185,flowers-102,vit_base_patch16_224_miil.in21k,CLASSIC_AT,8.541530138532702,7.0882432529554675,4.7319554765590714,10.072129600877085,6.954910943530408,2.487389183690319,3.8048240986636896,2.8562001974413596,4.162287319963103,3.1543748686264506,1.209424067478554,2.0886118864230894,1.504914586684283,2.361344341203278,1.779459358312989
