backbone,ft_type,freeze_epochs,dataset,pruning_strategy,pruning_ratio,batch_strategy,aug,iterations,delta,batch_size,sample_size,loss_function,init_lr,sched,momentum,weight_decay,seed,log_dir,statedict_dir,data_dir,task,num_workers,epsilon,step_size,perturb_steps,beta,distance,unsup_fraction,exp,timestamp,clean_acc,robust_acc,id,nat_zero_mean,nat_dormant_mean,nat_overactive_mean,adv_zero_mean,adv_dormant_mean,adv_overactive_mean
wideresnet_28_10,full_fine_tuning,10,Flowers,random,0.0,random,aug,2,1,2,64,TRADES_v2,0.001,nosched,0.9,0.0001,1,./logs,./state_dicts,~/scratch/data,train,1,0.0156862745098039,0.0078431372549019,10,1.0,l_inf,0.3,RQ1,24/11/19/22/28/59,0.0,0.0,92d950a750f38a77b251d51effbb58b3,0.0047803490880564,0.0531476760149048,0.0207883898803687,0.0047803490880564,0.0531476760149048,0.0207883898803687
convnext_tiny,full_fine_tuning,10,Flowers,random,0.0,random,aug,2,1,2,64,TRADES_v2,0.001,nosched,0.9,0.0001,1,./logs,./state_dicts,~/scratch/data,train,1,0.0156862745098039,0.0078431372549019,10,1.0,l_inf,0.3,RQ1,24/11/18/15/04/29,0.015625,0.0,fa9cdff98ef8868400382bb4ae02daaa,0.0028726015171798,0.0369533690316822,0.0323795180722891,0.0028447121820615,0.0369533690316822,0.0323795180722891
vit_base_patch16_224.augreg_in1k,full_fine_tuning,10,Flowers,random,0.0,random,aug,2,1,2,64,TRADES_v2,0.001,nosched,0.9,0.0001,1,./logs,./state_dicts,~/scratch/data,train,1,0.0156862745098039,0.0078431372549019,10,1.0,l_inf,0.3,RQ1,24/11/19/22/31/42,0.03125,0.0,c80456dc68b24b654003a24bc5914083,0.1989638628080151,0.2509509304235193,0.0573046651585432,0.1968920749352022,0.2483267229012367,0.0570080616428606
deit_small_patch16_224.fb_in1k,full_fine_tuning,10,Flowers,random,0.0,random,aug,2,1,2,64,TRADES_v2,0.001,nosched,0.9,0.0001,1,./logs,./state_dicts,~/scratch/data,train,1,0.0156862745098039,0.0078431372549019,10,1.0,l_inf,0.3,RQ1,24/11/19/22/29/30,0.0234375,0.0,34d0086dbc1ec069007b11c83490e2b3,0.1670855226198737,0.2297392622456235,0.0543198249305119,0.1658318003737851,0.2284081882682391,0.0541917111255533
convnext_base,full_fine_tuning,10,Flowers,random,0.0,random,aug,2,1,2,64,TRADES_v2,0.001,nosched,0.9,0.0001,1,./logs,./state_dicts,~/scratch/data,train,1,0.0156862745098039,0.0078431372549019,10,1.0,l_inf,0.3,RQ1,24/11/18/15/04/47,0.0,0.0,9472265e660a859c83cdcb984fc81b8e,0.0066325098259404,0.0700683136814523,0.0389996256784577,0.0066325098259404,0.0700683136814523,0.0389996256784577
deit_small_patch16_224.fb_in1k,full_fine_tuning,10,Flowers,random,0.0,random,aug,30,1,2,64,TRADES_v2,0.001,nosched,0.9,0.0001,1,./logs,./state_dicts,~/scratch/data,train,1,0.0156862745098039,0.0078431372549019,10,1.0,l_inf,0.3,RQ1,24/11/19/02/33/00,0.6547464239271782,0.4058842652795839,ab5bd8f26b65924ecb8af43de7fc29a0,0.5518000800443549,0.5722659773550359,0.0834758587939249,0.551154584742371,0.5722659773550359,0.0834758587939249
vit_base_patch16_224.augreg_in1k,full_fine_tuning,10,Flowers,random,0.0,random,aug,30,1,2,64,TRADES_v2,0.001,nosched,0.9,0.0001,1,./logs,./state_dicts,~/scratch/data,train,1,0.0156862745098039,0.0078431372549019,10,1.0,l_inf,0.3,RQ1,24/11/18/23/10/05,0.0074772431729518,0.0,52bd0f489ae9ad2e7bd35d4476b20c72,0.5486561337919145,0.5696993018350711,0.0837251431046559,0.5486561337919145,0.5696993018350711,0.0837251431046559
robust_deit_small_patch16_224,full_fine_tuning,10,Flowers,random,0.0,random,aug,30,1,2,64,TRADES_v2,0.001,nosched,0.9,0.0001,1,./logs,./state_dicts,~/scratch/data,train,1,0.0156862745098039,0.0078431372549019,10,1.0,l_inf,0.3,RQ1,24/11/19/00/46/26,0.1167100130039011,0.0607932379713914,67e69cc4d47a90384fd46be0e9d1a7b6,0.5617804116531852,0.5834279423337948,0.0841693929480189,0.5648779690764424,0.5834279423337948,0.0841693929480189
robust_vit_base_patch16_224,full_fine_tuning,10,Flowers,random,0.0,random,aug,30,1,2,64,TRADES_v2,0.001,nosched,0.9,0.0001,1,./logs,./state_dicts,~/scratch/data,train,1,0.0156862745098039,0.0078431372549019,10,1.0,l_inf,0.3,RQ1,24/11/19/01/11/24,0.0658322496749024,0.0247074122236671,55719dfc5a277d9e27e8d0dd583231f9,0.5699542459205581,0.5922885962152002,0.0816368016132342,0.5626932351939355,0.5922885962152002,0.0816368016132342
robust_wideresnet_28_10,full_fine_tuning,10,Flowers,random,0.0,random,aug,30,1,2,64,TRADES_v2,0.001,nosched,0.9,0.0001,1,./logs,./state_dicts,~/scratch/data,train,1,0.0156862745098039,0.0078431372549019,10,1.0,l_inf,0.3,RQ1,24/11/19/01/04/12,0.0055266579973992,0.0,ace96ef1bdeea42842bc5215595efe40,0.0096342420082369,0.0934742106295352,0.0697930966856246,0.0096342420082369,0.0934742106295352,0.0697930966856246
vit_base_patch16_224.augreg_in21k,full_fine_tuning,10,Flowers,random,0.0,random,aug,30,1,2,64,TRADES_v2,0.001,nosched,0.9,0.0001,1,./logs,./state_dicts,~/scratch/data,train,1,0.0156862745098039,0.0078431372549019,10,1.0,l_inf,0.3,RQ1,24/11/19/00/24/48,0.0188556566970091,0.0100780234070221,759c7c1c26a74d0c70a88dce93a190e0,0.6460099537122882,0.6624209235780931,0.0900964350787884,0.6460099537122882,0.6624209235780931,0.0900964350787884
convnext_tiny,full_fine_tuning,10,Flowers,random,0.0,random,aug,30,1,2,64,TRADES_v2,0.001,nosched,0.9,0.0001,1,./logs,./state_dicts,~/scratch/data,train,1,0.0156862745098039,0.0078431372549019,10,1.0,l_inf,0.3,RQ1,24/11/19/01/45/15,0.0056892067620286,0.0030884265279583,e4c69dce74ffbd1b6768e0f9d242743c,0.2142458723784025,0.3647925033467202,0.0838074520303436,0.2142458723784025,0.3647925033467202,0.0838074520303436
wideresnet_28_10,full_fine_tuning,10,Flowers,random,0.0,random,aug,30,1,2,64,TRADES_v2,0.001,nosched,0.9,0.0001,1,./logs,./state_dicts,~/scratch/data,train,1,0.0156862745098039,0.0078431372549019,10,1.0,l_inf,0.3,RQ1,24/11/18/23/08/06,0.0195058517555266,0.0,754ab97b0046a9432c0bc087dc84643b,0.00534418513434,0.1576289468523239,0.0537115120611884,0.00534418513434,0.1576289468523239,0.0537115120611884
convnext_base,full_fine_tuning,10,Flowers,random,0.0,random,aug,30,1,2,64,TRADES_v2,0.001,nosched,0.9,0.0001,1,./logs,./state_dicts,~/scratch/data,train,1,0.0156862745098039,0.0078431372549019,10,1.0,l_inf,0.3,RQ1,24/11/18/22/58/13,0.0117035110533159,0.0,5a1e21209cbbab3bd48581b3c1408014,0.0245999438517686,0.1033946284858693,0.0459947594984091,0.0245999438517686,0.1033946284858693,0.0459947594984091
convnext_base.fb_in22k,full_fine_tuning,10,Flowers,random,0.0,random,aug,30,1,2,64,TRADES_v2,0.001,nosched,0.9,0.0001,1,./logs,./state_dicts,~/scratch/data,train,1,0.0156862745098039,0.0078431372549019,10,1.0,l_inf,0.3,RQ1,24/11/18/23/00/48,0.0076397919375812,0.0,06a12c5aad2ecf9ed376db124ac3f965,0.0208216357851394,0.0980722440576455,0.0454215796369081,0.0208216357851394,0.0980722440576455,0.0454215796369081
robust_convnext_base,full_fine_tuning,10,Flowers,random,0.0,random,aug,30,1,2,64,TRADES_v2,0.001,nosched,0.9,0.0001,1,./logs,./state_dicts,~/scratch/data,train,1,0.0156862745098039,0.0078431372549019,10,1.0,l_inf,0.3,RQ1,24/11/18/23/05/41,0.0068270481144343,0.0003250975292587,4813d46dda502820ec5a6f79e12ab953,0.0663367958075987,0.2175042111173498,0.0637750327531349,0.0663367958075987,0.2175042111173498,0.0637750327531349
convnext_tiny.fb_in22k,full_fine_tuning,10,Flowers,random,0.0,random,aug,30,1,2,64,TRADES_v2,0.001,nosched,0.9,0.0001,1,./logs,./state_dicts,~/scratch/data,train,1,0.0156862745098039,0.0078431372549019,10,1.0,l_inf,0.3,RQ1,24/11/18/23/05/47,0.0151170351105331,0.0,fe2b7f39cd9c775b5e6525ed08cb95a6,0.0370091477019187,0.107875948237394,0.045487505577867,0.0370091477019187,0.107875948237394,0.045487505577867
vit_base_patch16_224.augreg_in21k,full_fine_tuning,10,Flowers,random,0.0,random,aug,2,1,2,64,TRADES_v2,0.001,nosched,0.9,0.0001,1,./logs,./state_dicts,~/scratch/data,train,1,0.0156862745098039,0.0078431372549019,10,1.0,l_inf,0.3,RQ1,24/11/18/23/32/25,0.0086150845253576,0.0,aff326fcff3e9332ec01e7444ec28a75,0.578812298365604,0.6010473881449654,0.0780278526719376,0.578812298365604,0.6010473881449654,0.0780278526719376
robust_vit_base_patch16_224,full_fine_tuning,10,Flowers,random,0.0,random,aug,2,1,2,64,TRADES_v2,0.001,nosched,0.9,0.0001,1,./logs,./state_dicts,~/scratch/data,train,1,0.0156862745098039,0.0078431372549019,10,1.0,l_inf,0.3,RQ1,24/11/18/23/36/26,0.010890767230169,0.0001625487646293,bb557f99c15ee0616ae07dea98c902da,0.5725149469078636,0.5977980443842599,0.0835459295294402,0.5725149469078636,0.5977980443842599,0.0835459295294402
robust_deit_small_patch16_224,full_fine_tuning,10,Flowers,random,0.0,random,aug,2,1,2,64,TRADES_v2,0.001,nosched,0.9,0.0001,1,./logs,./state_dicts,~/scratch/data,train,1,0.0156862745098039,0.0078431372549019,10,1.0,l_inf,0.3,RQ1,24/11/19/22/31/21,0.01171875,0.0,c4196d691cce49b5cd0ef225ad0308a8,0.2184392697115343,0.3037885519437682,0.061403780933043,0.2179181552591221,0.3032594514146677,0.0613845959901939
robust_convnext_tiny,full_fine_tuning,10,Flowers,random,0.0,random,aug,30,1,2,64,TRADES_v2,0.001,nosched,0.9,0.0001,1,./logs,./state_dicts,~/scratch/data,train,1,0.0156862745098039,0.0078431372549019,10,1.0,l_inf,0.3,RQ1,24/11/19/03/31/38,0.1757152145643693,0.1173602080624187,14bd742e549fa7e69cf26e3c96ed4242,0.0249330655957162,0.107095046854083,0.0431726907630522,0.0249330655957162,0.107095046854083,0.0431726907630522
robust_vit_base_patch16_224,full_fine_tuning,10,Flowers,random,0.0,random,aug,30,1,2,64,TRADES_v2,0.0005,nosched,0.9,0.0001,1,./logs,./state_dicts,~/scratch/data,train,1,0.0156862745098039,0.0078431372549019,10,1.0,l_inf,0.3,RQ1,24/11/19/04/14/04,0.1014304291287386,0.0229193758127438,87417ab89069a0220dbc9d65dd1b7a78,0.5676478770550201,0.5914970211442032,0.0867678420164253,0.5676478770550201,0.5914970211442032,0.0867678420164253
vit_base_patch16_224.augreg_in21k,full_fine_tuning,10,Flowers,random,0.0,random,aug,30,1,2,64,TRADES_v2,0.0005,nosched,0.9,0.0001,1,./logs,./state_dicts,~/scratch/data,train,1,0.0156862745098039,0.0078431372549019,10,1.0,l_inf,0.3,RQ1,24/11/19/04/26/01,0.0222691807542262,0.005039011703511,6dfe83c7cacae09a40c9882dfa781f42,0.6447472277737532,0.6629531484248238,0.0880824777774554,0.6447472277737532,0.6629531484248238,0.0880824777774554
wideresnet_28_10,full_fine_tuning,10,Flowers,random,0.0,random,aug,30,1,2,64,TRADES_v2,0.0001,nosched,0.9,0.0001,1,./logs,./state_dicts,~/scratch/data,train,1,0.0156862745098039,0.0078431372549019,10,1.0,l_inf,0.3,RQ1,24/11/19/06/18/22,0.0331599479843953,0.0,39f31e7685d67e8d211cea8166aa4901,0.0062757403412433,0.0370415767797607,0.0234849970582467,0.0062757403412433,0.0370415767797607,0.0234849970582467
robust_vit_base_patch16_224,full_fine_tuning,10,Flowers,random,0.0,random,aug,30,1,2,64,TRADES_v2,0.0001,nosched,0.9,0.0001,1,./logs,./state_dicts,~/scratch/data,train,1,0.0156862745098039,0.0078431372549019,10,1.0,l_inf,0.3,RQ1,24/11/19/06/28/07,0.0247074122236671,0.0,1db292d76e95ade374d0e8a86f993902,0.6105285420490675,0.6337189071943556,0.0822636054527925,0.6105285420490675,0.6337189071943556,0.0822636054527925
convnext_tiny,full_fine_tuning,10,Flowers,random,0.0,random,aug,30,1,2,64,TRADES_v2,0.0005,nosched,0.9,0.0001,1,./logs,./state_dicts,~/scratch/data,train,1,0.0156862745098039,0.0078431372549019,10,1.0,l_inf,0.3,RQ1,24/11/19/06/47/59,0.5149544863459038,0.3202210663198959,8286681e037db5ce1e7e4017c75eee0d,0.0205544399821508,0.0804886211512717,0.0408578759482373,0.020805443998215,0.0804886211512717,0.0408578759482373
deit_small_patch16_224.fb_in1k,full_fine_tuning,10,Flowers,random,0.0,random,aug,30,1,2,64,TRADES_v2,0.0001,nosched,0.9,0.0001,1,./logs,./state_dicts,~/scratch/data,train,1,0.0156862745098039,0.0078431372549019,10,1.0,l_inf,0.3,RQ1,24/11/19/07/11/56,0.5113784135240572,0.1111833550065019,e25f449f8c1fd4cae13afea42fd27638,0.5545138774146408,0.5756323687621397,0.0804353972292903,0.5613395557415913,0.5756323687621397,0.0804353972292903
robust_deit_small_patch16_224,full_fine_tuning,10,Flowers,random,0.0,random,aug,30,1,2,64,APGD,0.001,nosched,0.9,0.0001,1,./logs,./state_dicts,~/scratch/data,train,1,0.0156862745098039,0.0078431372549019,10,1.0,l_inf,0.3,RQ1,24/11/19/07/33/03,0.0256827048114434,0.0188556566970091,7ce873840b7a709e90eec0ea461aba8c,0.5463403574090597,0.568871864164485,0.0849043567873084,0.5463403574090597,0.568871864164485,0.0849043567873084
robust_convnext_base,full_fine_tuning,10,Flowers,random,0.0,random,aug,30,1,2,64,TRADES_v2,0.0001,nosched,0.9,0.0001,1,./logs,./state_dicts,~/scratch/data,train,1,0.0156862745098039,0.0078431372549019,10,1.0,l_inf,0.3,RQ1,24/11/19/07/45/52,0.0783485045513654,0.048927178153446,68290b66ca2378ac0c82e910daecb01c,0.0187745648512071,0.1009732360097323,0.0413157402208497,0.0187745648512071,0.1009732360097323,0.0413157402208497
vit_base_patch16_224.augreg_in21k,full_fine_tuning,10,Flowers,random,0.0,random,aug,30,1,2,64,APGD,0.001,nosched,0.9,0.0001,1,./logs,./state_dicts,~/scratch/data,train,1,0.0156862745098039,0.0078431372549019,10,1.0,l_inf,0.3,RQ1,24/11/19/07/55/24,0.0224317295188556,0.0118660598179453,1572cb04524de24f004c61710a97a295,0.628123906497329,0.6466142678851599,0.0810717908102387,0.628123906497329,0.6466142678851599,0.0810717908102387
wideresnet_28_10,full_fine_tuning,10,Flowers,random,0.0,random,aug,30,1,2,64,APGD,0.001,nosched,0.9,0.0001,1,./logs,./state_dicts,~/scratch/data,train,1,0.0156862745098039,0.0078431372549019,10,1.0,l_inf,0.3,RQ1,24/11/19/07/56/48,0.0058517555266579,0.0003250975292587,6313a1935ba1ed460aaf1ea47ad2fae1,0.0864385173563443,0.6420131398313395,0.1358844871543439,0.0864385173563443,0.6420131398313395,0.1358844871543439
vit_base_patch16_224.augreg_in1k,full_fine_tuning,10,Flowers,random,0.0,random,aug,30,1,2,64,APGD,0.001,nosched,0.9,0.0001,1,./logs,./state_dicts,~/scratch/data,train,1,0.0156862745098039,0.0078431372549019,10,1.0,l_inf,0.3,RQ1,24/11/19/07/58/05,0.0484395318595578,0.0224317295188556,33caa594347034fc3920a160aa6447a8,0.5108467509438622,0.5333071657646934,0.0948074082859153,0.5108467509438622,0.5333071657646934,0.0948074082859153
convnext_tiny.fb_in22k,full_fine_tuning,10,Flowers,random,0.0,random,aug,30,1,2,64,TRADES_v2,0.0001,nosched,0.9,0.0001,1,./logs,./state_dicts,~/scratch/data,train,1,0.0156862745098039,0.0078431372549019,10,1.0,l_inf,0.3,RQ1,24/11/19/08/06/41,0.6558842652795839,0.0772106631989597,73cbcfbd7a26b59ce19d093d13a3d48f,0.0382920571173583,0.1158522980812137,0.0493920124944221,0.038933511825078,0.1158522980812137,0.0493920124944221
convnext_tiny,full_fine_tuning,10,Flowers,random,0.0,random,aug,30,1,2,64,APGD,0.001,nosched,0.9,0.0001,1,./logs,./state_dicts,~/scratch/data,train,1,0.0156862745098039,0.0078431372549019,10,1.0,l_inf,0.3,RQ1,24/11/19/08/11/26,0.0105656697009102,0.0105656697009102,1c673ba463930fd447ab849224c470ec,0.2827141900937082,0.4195113788487282,0.0883534136546184,0.2827141900937082,0.4195113788487282,0.0883534136546184
robust_convnext_tiny,full_fine_tuning,10,Flowers,random,0.0,random,aug,30,1,2,64,APGD,0.001,nosched,0.9,0.0001,1,./logs,./state_dicts,~/scratch/data,train,1,0.0156862745098039,0.0078431372549019,10,1.0,l_inf,0.3,RQ1,24/11/19/08/11/42,0.0045513654096228,0.0045513654096228,ce822c9d20a21d13a6e5695215acf396,0.2429718875502008,0.4107262382864792,0.0863174921909861,0.2429718875502008,0.4107262382864792,0.0863174921909861
robust_deit_small_patch16_224,full_fine_tuning,10,Flowers,random,0.0,random,aug,30,1,2,64,TRADES_v2,0.0001,nosched,0.9,0.0001,1,./logs,./state_dicts,~/scratch/data,train,1,0.0156862745098039,0.0078431372549019,10,1.0,l_inf,0.3,RQ1,24/11/19/08/14/12,0.4658647594278283,0.323146944083225,017c89077f96079eff33efe2d075cf13,0.5588259916504191,0.5828697737094684,0.0835661228790999,0.5596260680230146,0.5828697737094684,0.0835661228790999
robust_convnext_tiny,full_fine_tuning,10,Flowers,random,0.0,random,aug,30,1,2,64,TRADES_v2,0.0001,nosched,0.9,0.0001,1,./logs,./state_dicts,~/scratch/data,train,1,0.0156862745098039,0.0078431372549019,10,1.0,l_inf,0.3,RQ1,24/11/19/08/46/37,0.3372886866059817,0.2241547464239272,6ed170588db1b617a6355dfcd0f3e5bc,0.0488342257920571,0.1392514502454261,0.0458500669344042,0.0488063364569388,0.1392514502454261,0.0458500669344042
deit_small_patch16_224.fb_in1k,full_fine_tuning,10,Flowers,random,0.0,random,aug,30,1,2,64,APGD,0.001,nosched,0.9,0.0001,1,./logs,./state_dicts,~/scratch/data,train,1,0.0156862745098039,0.0078431372549019,10,1.0,l_inf,0.3,RQ1,24/11/19/08/48/21,0.3431404421326398,0.238296488946684,b5ab40025fc84ca7fbf3fdfeda59d36d,0.5549860044770987,0.5755002466198395,0.0835737723778436,0.5549860044770987,0.5755002466198395,0.0835737723778436
vit_base_patch16_224.augreg_in1k,full_fine_tuning,10,Flowers,random,0.0,random,aug,30,1,2,64,TRADES_v2,0.0001,nosched,0.9,0.0001,1,./logs,./state_dicts,~/scratch/data,train,1,0.0156862745098039,0.0078431372549019,10,1.0,l_inf,0.3,RQ1,24/11/19/08/53/44,0.4873211963589077,0.1331274382314694,268db2684791500499cd48590757aa42,0.5451871562523293,0.5662537625059376,0.0833757730172712,0.5445264802209042,0.5662537625059376,0.0833757730172712
wideresnet_28_10,full_fine_tuning,10,Flowers,random,0.0,random,aug,30,1,2,64,APGD,0.0005,nosched,0.9,0.0001,1,./logs,./state_dicts,~/scratch/data,train,1,0.0156862745098039,0.0078431372549019,10,1.0,l_inf,0.3,RQ1,24/11/19/09/07/09,0.0040637191157347,0.0013003901170351,1899734a0e40b6dc0ad622d9a033f9a1,0.1937389684251814,0.6359825455971759,0.12487742694646,0.1937389684251814,0.6359825455971759,0.12487742694646
convnext_tiny,full_fine_tuning,10,Flowers,random,0.0,random,aug,30,1,2,64,TRADES_v2,0.0001,nosched,0.9,0.0001,1,./logs,./state_dicts,~/scratch/data,train,1,0.0156862745098039,0.0078431372549019,10,1.0,l_inf,0.3,RQ1,24/11/19/09/12/50,0.7222041612483745,0.3576072821846554,602334bb9aa7270e27b5f218515fd415,0.0255466309683177,0.0957998661311914,0.0461289602855867,0.0238174921909861,0.0957998661311914,0.0461289602855867
vit_base_patch16_224.augreg_in21k,full_fine_tuning,10,Flowers,random,0.0,random,aug,30,1,2,64,APGD,0.0005,nosched,0.9,0.0001,1,./logs,./state_dicts,~/scratch/data,train,1,0.0156862745098039,0.0078431372549019,10,1.0,l_inf,0.3,RQ1,24/11/19/09/34/49,0.0074772431729518,0.0030884265279583,5ae326dc7a32e27b69c9f48d705429de,0.6344641566117968,0.6538225273391732,0.0758218305572823,0.6344641566117968,0.6538225273391732,0.0758218305572823
convnext_tiny,full_fine_tuning,10,Flowers,random,0.0,random,aug,30,1,2,64,APGD,0.0005,nosched,0.9,0.0001,1,./logs,./state_dicts,~/scratch/data,train,1,0.0156862745098039,0.0078431372549019,10,1.0,l_inf,0.3,RQ1,24/11/19/09/43/33,0.0105656697009102,0.0105656697009102,a3e590b92f15f9c58e35c6371f96b1bf,0.22464859437751,0.3633980365908076,0.0857597054886211,0.22464859437751,0.3633980365908076,0.0857597054886211
robust_wideresnet_28_10,full_fine_tuning,10,Flowers,random,0.0,random,aug,30,1,2,64,APGD,0.0005,nosched,0.9,0.0001,1,./logs,./state_dicts,~/scratch/data,train,1,0.0156862745098039,0.0078431372549019,10,1.0,l_inf,0.3,RQ1,24/11/19/09/50/36,0.0058517555266579,0.0047139141742522,8a7a99a4c32064934db6708c75aa6551,0.009462639733281,0.3279319474406746,0.0994312610315748,0.009462639733281,0.3279319474406746,0.0994312610315748
robust_deit_small_patch16_224,full_fine_tuning,10,Flowers,random,0.0,random,aug,30,1,2,64,APGD,0.0005,nosched,0.9,0.0001,1,./logs,./state_dicts,~/scratch/data,train,1,0.0156862745098039,0.0078431372549019,10,1.0,l_inf,0.3,RQ1,24/11/19/09/59/08,0.343628088426528,0.2620286085825747,6da264024f37790ac66535f393989639,0.5473604333655224,0.5704440503422692,0.0837724145612186,0.5473604333655224,0.5704440503422692,0.0837724145612186
deit_small_patch16_224.fb_in1k,full_fine_tuning,10,Flowers,random,0.0,random,aug,30,1,2,64,APGD,0.0005,nosched,0.9,0.0001,1,./logs,./state_dicts,~/scratch/data,train,1,0.0156862745098039,0.0078431372549019,10,1.0,l_inf,0.3,RQ1,24/11/19/10/02/44,0.4219765929778933,0.2990897269180754,8ab149ff06867acb693139c81b8ccad3,0.550575548285472,0.5711973729785434,0.084614624372894,0.550575548285472,0.5711973729785434,0.084614624372894
deit_small_patch16_224.fb_in1k,full_fine_tuning,10,Flowers,random,0.0,random,aug,30,1,2,64,APGD,0.0001,nosched,0.9,0.0001,1,./logs,./state_dicts,~/scratch/data,train,1,0.0156862745098039,0.0078431372549019,10,1.0,l_inf,0.3,RQ1,24/11/19/10/15/00,0.0081274382314694,0.0008127438231469,304d5e1d769de1a60d90e61c8c2ceff7,0.569862688437752,0.5913625531946143,0.0827142135030175,0.569862688437752,0.5913625531946143,0.0827142135030175
wideresnet_28_10,full_fine_tuning,10,Flowers,random,0.0,random,aug,30,1,2,64,APGD,0.0001,nosched,0.9,0.0001,1,./logs,./state_dicts,~/scratch/data,train,1,0.0156862745098039,0.0078431372549019,10,1.0,l_inf,0.3,RQ1,24/11/19/10/18/24,0.0042262678803641,0.0,b81b5213db615ae702bf925493cb6429,0.0066434595018631,0.3760050990390272,0.0826387526966071,0.0066434595018631,0.3760050990390272,0.0826387526966071
robust_vit_base_patch16_224,full_fine_tuning,10,Flowers,random,0.0,random,aug,30,1,2,64,APGD,0.0001,nosched,0.9,0.0001,1,./logs,./state_dicts,~/scratch/data,train,1,0.0156862745098039,0.0078431372549019,10,1.0,l_inf,0.3,RQ1,24/11/19/10/45/29,0.0191807542262678,0.0102405721716514,0096c8abe6dc1a2d0c603d2533c438fe,0.5707174870713485,0.595675264634531,0.0832618253727256,0.5707174870713485,0.595675264634531,0.0832618253727256
convnext_tiny.fb_in22k,full_fine_tuning,10,Flowers,random,0.0,random,aug,30,1,2,64,APGD,0.0001,nosched,0.9,0.0001,1,./logs,./state_dicts,~/scratch/data,train,1,0.0156862745098039,0.0078431372549019,10,1.0,l_inf,0.3,RQ1,24/11/19/10/58/18,0.0066644993498049,0.002113133940182,57045b12c8cffea11cd8fbb0a6dde565,0.0862338241856314,0.205070281124498,0.0599341811691209,0.0862338241856314,0.205070281124498,0.0599341811691209
convnext_tiny,full_fine_tuning,10,Flowers,random,0.0,random,aug,30,1,2,64,APGD,0.0001,nosched,0.9,0.0001,1,./logs,./state_dicts,~/scratch/data,train,1,0.0156862745098039,0.0078431372549019,10,1.0,l_inf,0.3,RQ1,24/11/19/10/58/24,0.0105656697009102,0.0105656697009102,b7aa23beb88ee1dd4d9f5fb383d7eea3,0.1338688085676037,0.2557173136992414,0.0638944667559125,0.1338688085676037,0.2557173136992414,0.0638944667559125
vit_base_patch16_224.augreg_in1k,full_fine_tuning,10,Flowers,random,0.0,random,aug,30,1,2,64,APGD,0.0001,nosched,0.9,0.0001,1,./logs,./state_dicts,~/scratch/data,train,1,0.0156862745098039,0.0078431372549019,10,1.0,l_inf,0.3,RQ1,24/11/19/11/11/10,0.0910273081924577,0.0380364109232769,917f92ca3aba21beea330329a314b00b,0.5601297803698929,0.5807949996199705,0.0855114805005716,0.5573250282513051,0.5807949996199705,0.0855114805005716
robust_deit_small_patch16_224,full_fine_tuning,10,Flowers,random,0.0,random,aug,30,1,2,64,APGD,0.0001,nosched,0.9,0.0001,1,./logs,./state_dicts,~/scratch/data,train,1,0.0156862745098039,0.0078431372549019,10,1.0,l_inf,0.3,RQ1,24/11/19/11/12/38,0.2431729518855656,0.1766905071521456,09f176bc028423c6f2eab16b6de51fbc,0.5602392518423053,0.5840688479365325,0.0837108207973347,0.558552812751286,0.5840688479365325,0.0837108207973347
robust_convnext_tiny,full_fine_tuning,10,Flowers,random,0.0,random,aug,30,1,2,64,APGD,0.0005,nosched,0.9,0.0001,1,./logs,./state_dicts,~/scratch/data,train,1,0.0156862745098039,0.0078431372549019,10,1.0,l_inf,0.3,RQ1,24/11/19/11/48/57,0.3408647594278283,0.2751950585175552,d3343d89a2b3ebdc86166fbf8eaef0b4,0.0266064257028112,0.1041387773315484,0.0408857652833556,0.0265506470325747,0.1041387773315484,0.0408857652833556
convnext_base,full_fine_tuning,10,Flowers,random,0.0,random,aug,30,1,2,64,APGD,0.0001,nosched,0.9,0.0001,1,./logs,./state_dicts,~/scratch/data,train,1,0.0156862745098039,0.0078431372549019,10,1.0,l_inf,0.3,RQ1,24/11/19/11/52/28,0.1123211963589076,0.0549414824447334,a48b020ef794407c590eeacc71a1efee,0.0329636908104061,0.1310008422234699,0.0524518061014411,0.0340983529852143,0.1310008422234699,0.0524518061014411
robust_wideresnet_28_10,full_fine_tuning,10,Flowers,random,0.0,random,aug,30,1,2,64,APGD,0.0001,nosched,0.9,0.0001,1,./logs,./state_dicts,~/scratch/data,train,1,0.0156862745098039,0.0078431372549019,10,1.0,l_inf,0.3,RQ1,24/11/19/11/53/03,0.0157672301690507,0.0092652795838751,25d6289855b572705d6b90125b617a0d,0.0062512257305353,0.0996273779172386,0.0534908805648166,0.0062512257305353,0.0996273779172386,0.0534908805648166
robust_convnext_tiny,full_fine_tuning,10,Flowers,random,0.0,random,aug,30,1,2,64,APGD,0.0001,nosched,0.9,0.0001,1,./logs,./state_dicts,~/scratch/data,train,1,0.0156862745098039,0.0078431372549019,10,1.0,l_inf,0.3,RQ1,24/11/19/12/31/42,0.1752275682704811,0.138816644993498,eb1630111ecf534d1316167b32e0dc35,0.055388219544846,0.1506024096385542,0.0458779562695225,0.0559738955823293,0.1506024096385542,0.0458779562695225
robust_wideresnet_28_10,full_fine_tuning,10,Flowers,random,0.0,random,aug,2,1,2,64,TRADES_v2,0.001,nosched,0.9,0.0001,1,./logs,./state_dicts,~/scratch/data,train,1,0.0156862745098039,0.0078431372549019,10,1.0,l_inf,0.3,RQ1,24/11/19/22/31/09,0.0,0.0,d16ecacc95c43f86b19d874b765b45db,0.0057854481270837,0.052976073739949,0.0266228672288684,0.0057854481270837,0.052976073739949,0.0266228672288684
deit_small_patch16_224.fb_in1k,full_fine_tuning,10,Flowers,random,0.0,random,aug,2,1,2,64,APGD,0.001,nosched,0.9,0.0001,1,./logs,./state_dicts,~/scratch/data,train,1,0.0156862745098039,0.0078431372549019,10,1.0,l_inf,0.3,RQ1,24/11/20/09/56/20,0.0141417425227568,0.0,bb257b7c52b8190979dceec59a74aa82,0.5555560145254802,0.5768072705731739,0.0804160592964664,0.5555560145254802,0.5768072705731739,0.0804160592964664
wideresnet_28_10,full_fine_tuning,10,Flowers,random,0.0,random,aug,2,1,2,64,APGD,0.001,nosched,0.9,0.0001,1,./logs,./state_dicts,~/scratch/data,train,1,0.0156862745098039,0.0078431372549019,10,1.0,l_inf,0.3,RQ1,24/11/20/10/05/27,0.0058517555266579,0.0,35046f0e448aee9826c8f7e61c843142,0.0069131202196509,0.044763679152775,0.0222102373014316,0.0069131202196509,0.044763679152775,0.0222102373014316
robust_deit_small_patch16_224,full_fine_tuning,10,Flowers,random,0.0,random,aug,2,1,2,64,APGD,0.001,nosched,0.9,0.0001,1,./logs,./state_dicts,~/scratch/data,train,1,0.0156862745098039,0.0078431372549019,10,1.0,l_inf,0.3,RQ1,24/11/20/10/07/36,0.022594278283485,0.0047139141742522,35e60cc794ae633049cb53ac288fe19c,0.563733481672413,0.5886542634634238,0.0833350468210519,0.563733481672413,0.5886542634634238,0.0833350468210519
vit_base_patch16_224.augreg_in1k,full_fine_tuning,10,Flowers,random,0.0,random,aug,2,1,2,64,APGD,0.001,nosched,0.9,0.0001,1,./logs,./state_dicts,~/scratch/data,train,1,0.0156862745098039,0.0078431372549019,10,1.0,l_inf,0.3,RQ1,24/11/20/10/09/05,0.0128413524057217,0.0,757da96434261e1e59dd1ca65120f20d,0.5486556595200319,0.5696987204695377,0.083725066609191,0.5486556595200319,0.5696987204695377,0.083725066609191
vit_base_patch16_224.augreg_in21k,full_fine_tuning,10,Flowers,random,0.0,random,aug,2,1,2,64,APGD,0.001,nosched,0.9,0.0001,1,./logs,./state_dicts,~/scratch/data,train,1,0.0156862745098039,0.0078431372549019,10,1.0,l_inf,0.3,RQ1,24/11/20/10/10/43,0.0104031209362808,0.0,db1cdff86a36e619b7e8d4de723b4f1c,0.5788127879365795,0.6010479083141268,0.0780279750646815,0.5788127879365795,0.6010479083141268,0.0780279750646815
robust_vit_base_patch16_224,full_fine_tuning,10,Flowers,random,0.0,random,aug,2,1,2,64,APGD,0.001,nosched,0.9,0.0001,1,./logs,./state_dicts,~/scratch/data,train,1,0.0156862745098039,0.0078431372549019,10,1.0,l_inf,0.3,RQ1,24/11/20/10/14/10,0.0097529258777633,0.0001625487646293,b9241d2a7872f115f5cc497f534add15,0.5725156506661409,0.5977986410488862,0.0835460978194631,0.5725156506661409,0.5977986410488862,0.0835460978194631
convnext_base,full_fine_tuning,10,Flowers,random,0.0,random,aug,2,1,2,64,APGD,0.001,nosched,0.9,0.0001,1,./logs,./state_dicts,~/scratch/data,train,1,0.0156862745098039,0.0078431372549019,10,1.0,l_inf,0.3,RQ1,24/11/20/10/15/12,0.0329973992197659,0.0,d31380d6c8e564e2340577bbc9838185,0.0246233389481564,0.1033712333894815,0.0459479693056335,0.0246233389481564,0.1033712333894815,0.0459479693056335
robust_wideresnet_28_10,full_fine_tuning,10,Flowers,random,0.0,random,aug,2,1,2,64,APGD,0.001,nosched,0.9,0.0001,1,./logs,./state_dicts,~/scratch/data,train,1,0.0156862745098039,0.0078431372549019,10,1.0,l_inf,0.3,RQ1,24/11/20/10/22/13,0.0121911573472041,0.0011378413524057,3ad07b58b19e3e5b8561e506a7520900,0.0086291429692096,0.036575799176309,0.0199794077270052,0.0086291429692096,0.036575799176309,0.0199794077270052
convnext_base.fb_in22k,full_fine_tuning,10,Flowers,random,0.0,random,aug,2,1,2,64,APGD,0.001,nosched,0.9,0.0001,1,./logs,./state_dicts,~/scratch/data,train,1,0.0156862745098039,0.0078431372549019,10,1.0,l_inf,0.3,RQ1,24/11/20/10/28/00,0.0394993498049414,0.0,e14cd28532fdf4c079ebda25f7ed9e34,0.0208216357851394,0.0980605465094516,0.0454800673778775,0.0208216357851394,0.0980605465094516,0.0454800673778775
robust_convnext_base,full_fine_tuning,10,Flowers,random,0.0,random,aug,2,1,2,64,APGD,0.001,nosched,0.9,0.0001,1,./logs,./state_dicts,~/scratch/data,train,1,0.0156862745098039,0.0078431372549019,10,1.0,l_inf,0.3,RQ1,24/11/20/10/32/31,0.0060143042912873,0.0008127438231469,420f55b8159d51c0cfc63f1f31f8bcd2,0.0660326595545573,0.2171766797679206,0.0637282425603593,0.0660326595545573,0.2171766797679206,0.0637282425603593
wideresnet_28_10,full_fine_tuning,10,Flowers,random,0.0,random,aug,50,1,2,64,APGD,0.001,nosched,0.9,0.0001,1,./logs,./state_dicts,~/scratch/data,train,1,0.0156862745098039,0.0078431372549019,10,1.0,Linf,0.3,RQ1,24/11/20/19/32/57,0.0100780234070221,0.0,7f295f9170105d051ecd0be77e5123a9,0.0845508923318297,0.6547362227887821,0.1350019611688566,0.0845508923318297,0.6547362227887821,0.1350019611688566
robust_wideresnet_28_10,full_fine_tuning,10,Flowers,random,0.0,random,aug,50,1,2,64,APGD,0.001,nosched,0.9,0.0001,1,./logs,./state_dicts,~/scratch/data,train,1,0.0156862745098039,0.0078431372549019,10,1.0,Linf,0.3,RQ1,24/11/20/20/04/33,0.0076397919375812,0.0039011703511053,accef6ac5b619309dc98a22688f85a45,0.0191949401843498,0.588252598548735,0.1386546381643459,0.0191949401843498,0.588252598548735,0.1386546381643459
deit_small_patch16_224.fb_in1k,full_fine_tuning,10,Flowers,random,0.0,random,aug,50,1,2,64,APGD,0.001,nosched,0.9,0.0001,1,./logs,./state_dicts,~/scratch/data,train,1,0.0156862745098039,0.0078431372549019,10,1.0,Linf,0.3,RQ1,24/11/20/20/23/42,0.0177178153446033,0.0032509752925877,9e2cec8864a57a193f116a6cec1a0387,0.5718332299121103,0.5925210238823471,0.0862010998143313,0.5718332299121103,0.5925210238823471,0.0862010998143313
robust_deit_small_patch16_224,full_fine_tuning,10,Flowers,random,0.0,random,aug,50,1,2,64,APGD,0.001,nosched,0.9,0.0001,1,./logs,./state_dicts,~/scratch/data,train,1,0.0156862745098039,0.0078431372549019,10,1.0,Linf,0.3,RQ1,24/11/20/20/38/25,0.0139791937581274,0.0043888166449934,510f5ce4ccce47d781ae78152fcbf80f,0.589169380708821,0.60984236524949,0.0878296474988587,0.589169380708821,0.60984236524949,0.0878296474988587
vit_base_patch16_224.augreg_in1k,full_fine_tuning,10,Flowers,random,0.0,random,aug,50,1,2,64,APGD,0.001,nosched,0.9,0.0001,1,./logs,./state_dicts,~/scratch/data,train,1,0.0156862745098039,0.0078431372549019,10,1.0,Linf,0.3,RQ1,24/11/20/20/56/30,0.0180429128738621,0.0162548764629388,9deb57828e8a20d84e1f68ba4ded58bf,0.5860981395201397,0.6070365852718203,0.0809433090273583,0.5860981395201397,0.6070365852718203,0.0809433090273583
convnext_base.fb_in22k,full_fine_tuning,10,Flowers,random,0.0,random,aug,50,1,2,64,APGD,0.001,nosched,0.9,0.0001,1,./logs,./state_dicts,~/scratch/data,train,1,0.0156862745098039,0.0078431372549019,10,1.0,Linf,0.3,RQ1,24/11/20/21/06/03,0.0105656697009102,0.0105656697009102,0c22ef685ef85ae924ad8e044dbbe2d7,0.215749578888265,0.3822290847838293,0.082327344188658,0.215749578888265,0.3822290847838293,0.082327344188658
robust_convnext_base,full_fine_tuning,10,Flowers,random,0.0,random,aug,50,1,2,64,APGD,0.001,nosched,0.9,0.0001,1,./logs,./state_dicts,~/scratch/data,train,1,0.0156862745098039,0.0078431372549019,10,1.0,Linf,0.3,RQ1,24/11/20/20/51/55,-1.0,-1.0,05f1623a53c9d238f4199c8dd0a0454a,-1.0,-1.0,-1.0,-1.0,-1.0,-1.0
vit_base_patch16_224.augreg_in21k,full_fine_tuning,10,Flowers,random,0.0,random,aug,50,1,2,64,APGD,0.001,nosched,0.9,0.0001,1,./logs,./state_dicts,~/scratch/data,train,1,0.0156862745098039,0.0078431372549019,10,1.0,Linf,0.3,RQ1,24/11/20/20/59/31,0.0112158647594278,0.0043888166449934,ceae5f96facc148a093f28155711e3e7,0.6392207823123881,0.6576598764396293,0.0765683650985341,0.6392207823123881,0.6576598764396293,0.0765683650985341
convnext_base,full_fine_tuning,10,Flowers,random,0.0,random,aug,50,1,2,64,APGD,0.001,nosched,0.9,0.0001,1,./logs,./state_dicts,~/scratch/data,train,1,0.0156862745098039,0.0078431372549019,10,1.0,Linf,0.3,RQ1,24/11/20/21/06/18,0.0105656697009102,0.0105656697009102,61ca4809c7cbb66df818b268b330ae24,0.2255170316301703,0.3870016844469399,0.0841404641587123,0.2255170316301703,0.3870016844469399,0.0841404641587123
robust_vit_base_patch16_224,full_fine_tuning,10,Flowers,random,0.0,random,aug,50,1,2,64,APGD,0.001,nosched,0.9,0.0001,1,./logs,./state_dicts,~/scratch/data,train,1,0.0156862745098039,0.0078431372549019,10,1.0,Linf,0.3,RQ1,24/11/20/20/50/28,-1.0,-1.0,63a25f6d8067b7c943608f2617d98d45,-1.0,-1.0,-1.0,-1.0,-1.0,-1.0
convnext_tiny,full_fine_tuning,10,Flowers,random,0.0,random,aug,50,1,2,64,APGD,0.001,nosched,0.9,0.0001,1,./logs,./state_dicts,~/scratch/data,train,1,0.0156862745098039,0.0078431372549019,10,1.0,Linf,0.3,RQ1,24/11/20/21/00/00,0.0162548764629388,0.0162548764629388,b6be924a24ba720d9d7f8de95819f5df,0.2874553770638108,0.4285475234270415,0.0858433734939759,0.2874553770638108,0.4285475234270415,0.0858433734939759
convnext_tiny.fb_in22k,full_fine_tuning,10,Flowers,random,0.0,random,aug,50,1,2,64,APGD,0.001,nosched,0.9,0.0001,1,./logs,./state_dicts,~/scratch/data,train,1,0.0156862745098039,0.0078431372549019,10,1.0,Linf,0.3,RQ1,24/11/20/21/25/12,0.0180429128738621,0.0162548764629388,a8cbcd424f7a2bbe511512c15c925b2c,0.1404228023203926,0.2830209727800089,0.0729027219991075,0.1404228023203926,0.2830209727800089,0.0729027219991075
robust_convnext_tiny,full_fine_tuning,10,Flowers,random,0.0,random,aug,50,1,2,64,APGD,0.001,nosched,0.9,0.0001,1,./logs,./state_dicts,~/scratch/data,train,1,0.0156862745098039,0.0078431372549019,10,1.0,Linf,0.3,RQ1,24/11/20/21/18/08,0.0105656697009102,0.0105656697009102,324a8b538832c658b0f452723b8bb4f2,0.2971050870147255,0.4428268630075859,0.0853134761267291,0.2971050870147255,0.4428268630075859,0.0853134761267291
wideresnet_28_10,full_fine_tuning,10,Flowers,random,0.0,random,aug,50,1,2,64,APGD,0.0005,nosched,0.9,0.0001,1,./logs,./state_dicts,~/scratch/data,train,1,0.0156862745098039,0.0078431372549019,10,1.0,Linf,0.3,RQ1,24/11/20/21/00/14,-2.0,-2.0,3d0c22a3272937455bd673c9ba0bca0c,-2.0,-2.0,-2.0,-2.0,-2.0,-2.0
robust_wideresnet_28_10,full_fine_tuning,10,Flowers,random,0.0,random,aug,50,1,2,64,APGD,0.0005,nosched,0.9,0.0001,1,./logs,./state_dicts,~/scratch/data,train,1,0.0156862745098039,0.0078431372549019,10,1.0,Linf,0.3,RQ1,24/11/20/21/06/19,-2.0,-2.0,cbc082154ccd6427dba94eb7ce70fe2f,-2.0,-2.0,-2.0,-2.0,-2.0,-2.0
deit_small_patch16_224.fb_in1k,full_fine_tuning,10,Flowers,random,0.0,random,aug,50,1,2,64,APGD,0.0005,nosched,0.9,0.0001,1,./logs,./state_dicts,~/scratch/data,train,1,0.0156862745098039,0.0078431372549019,10,1.0,Linf,0.3,RQ1,24/11/20/21/26/46,0.0165799739921976,0.0104031209362808,33fc2e2901af100a6be9988b202ad26b,0.5910976663521192,0.6116114495249355,0.0823383783307447,0.5910976663521192,0.6116114495249355,0.0823383783307447
robust_deit_small_patch16_224,full_fine_tuning,10,Flowers,random,0.0,random,aug,50,1,2,64,APGD,0.0005,nosched,0.9,0.0001,1,./logs,./state_dicts,~/scratch/data,train,1,0.01568627450980392,0.00784313725490196,10,1.0,Linf,0.3,RQ1,24/11/20/21/35/53,0.011215864759427829,0.0030884265279583875,5a232b55765b8c33417b398ef41a1644,0.5683846522905047,0.59089813682689,0.08548529031989592,0.5547934818927185,0.577713644380311,0.08263762672159619
vit_base_patch16_224.augreg_in1k,full_fine_tuning,10,Flowers,random,0.0,random,aug,50,1,2,64,APGD,0.0005,nosched,0.9,0.0001,1,./logs,./state_dicts,~/scratch/data,train,1,0.0156862745098039,0.0078431372549019,10,1.0,Linf,0.3,RQ1,24/11/20/21/25/26,-2.0,-2.0,29b74c92df2480662935232ad69fee8b,-2.0,-2.0,-2.0,-2.0,-2.0,-2.0
vit_base_patch16_224.augreg_in21k,full_fine_tuning,10,Flowers,random,0.0,random,aug,50,1,2,64,APGD,0.0005,nosched,0.9,0.0001,1,./logs,./state_dicts,~/scratch/data,train,1,0.0156862745098039,0.0078431372549019,10,1.0,Linf,0.3,RQ1,24/11/20/21/27/00,-2.0,-2.0,c779a922fd7d0dd33eabff2677a3411f,-2.0,-2.0,-2.0,-2.0,-2.0,-2.0
